participant-id,age,gender,ethnicity,residence-country,longest-residence-country,income,education,attribute,work-time-seconds,interest-in-automobiles,owns-car
0,54,male,asian,JP,JP,9,5,modern,,1,1
1,61,male,asian,JP,JP,5,2,modern,,3,1
2,68,male,asian,JP,JP,7,5,modern,,1,1
3,54,female,asian,JP,JP,5,3,modern,,5,1
4,68,male,asian,JP,JP,2,5,modern,,2,1
5,57,male,asian,JP,JP,5,3,modern,,3,1
6,71,male,asian,JP,JP,2,2,modern,,5,2
7,48,male,asian,JP,JP,7,5,modern,,4,1
8,83,male,asian,JP,JP,3,2,modern,,3,1
9,54,female,asian,JP,JP,1,4,modern,,2,1
10,57,male,asian,JP,JP,9,5,modern,,2,1
11,73,female,asian,JP,JP,1,5,modern,,3,1
12,62,male,asian,JP,JP,12,5,modern,,1,1
13,62,female,asian,JP,JP,1,2,modern,,3,2
14,55,female,asian,JP,JP,1,4,modern,,4,2
15,59,male,asian,JP,JP,5,3,modern,,2,2
16,65,male,asian,JP,JP,2,5,modern,,1,1
17,54,male,asian,JP,JP,6,5,modern,,1,1
18,70,female,asian,JP,JP,2,4,modern,,3,2
19,34,female,asian,JP,JP,4,5,modern,,3,1
20,35,female,asian,JP,JP,1,5,modern,,2,2
21,63,female,asian,JP,JP,1,3,modern,,3,1
22,66,female,asian,JP,JP,2,5,modern,,2,1
23,59,male,asian,JP,JP,3,5,modern,,4,2
24,68,male,asian,JP,JP,3,2,modern,,3,1
25,35,female,asian,JP,JP,7,5,modern,,5,2
26,37,female,asian,JP,JP,12,2,modern,,2,1
27,70,female,asian,JP,JP,7,4,modern,,1,1
28,62,female,asian,JP,JP,1,2,modern,,4,2
29,68,male,asian,JP,JP,1,3,modern,,3,1
30,70,female,white,JP,JP,1,2,modern,,3,1
31,70,male,asian,JP,JP,3,3,modern,,4,2
32,50,female,asian,JP,JP,2,2,modern,,5,2
33,77,female,asian,JP,JP,1,1,modern,,3,2
34,68,male,asian,JP,JP,2,2,modern,,2,1
35,62,female,asian,JP,JP,1,5,modern,,5,2
36,36,male,asian,JP,JP,3,3,modern,,2,1
37,58,female,asian,JP,JP,12,2,modern,,3,1
38,60,male,asian,JP,JP,5,6,modern,,4,2
39,59,female,asian,JP,JP,1,4,modern,,5,1
40,30,male,asian,JP,JP,5,3,modern,,3,2
41,58,female,asian,JP,JP,1,2,modern,,5,2
42,31,female,asian,JP,JP,12,2,modern,,5,2
43,39,female,asian,JP,JP,3,2,modern,,5,2
44,37,female,asian,JP,JP,1,3,modern,,5,2
45,74,male,asian,JP,JP,5,5,modern,,2,1
46,66,male,asian,JP,JP,6,5,modern,,1,1
47,69,male,asian,JP,JP,3,3,modern,,4,2
48,83,female,asian,JP,JP,1,5,modern,,2,2
49,91,male,asian,JP,JP,2,3,modern,,2,1
50,45,male,asian,JP,JP,2,5,modern,,5,2
51,54,male,asian,JP,JP,2,2,modern,,2,1
52,73,male,asian,JP,JP,1,5,modern,,3,1
53,35,female,asian,JP,JP,4,5,modern,,4,2
54,60,male,asian,JP,JP,12,2,modern,,1,1
55,64,female,asian,JP,JP,7,5,modern,,3,1
56,60,female,asian,JP,JP,4,2,modern,,5,2
57,72,male,asian,JP,JP,1,1,modern,,2,1
58,38,male,asian,JP,JP,8,5,modern,,2,1
59,62,female,asian,JP,JP,12,2,modern,,2,2
60,63,female,asian,JP,JP,2,5,modern,,1,1
61,68,male,asian,JP,JP,6,5,modern,,3,1
62,76,male,asian,JP,JP,1,4,modern,,3,2
63,55,male,asian,JP,JP,2,2,modern,,1,1
64,28,female,asian,JP,JP,2,4,modern,,4,2
65,42,female,asian,JP,JP,7,5,modern,,2,1
66,59,female,asian,JP,JP,1,5,modern,,5,2
67,67,male,asian,JP,JP,7,5,modern,,5,2
68,68,female,asian,JP,JP,1,2,modern,,3,1
69,79,male,asian,JP,JP,12,5,modern,,5,2
70,63,male,asian,JP,JP,1,2,modern,,2,1
71,42,female,asian,JP,JP,1,4,modern,,4,2
72,49,female,asian,JP,JP,1,5,modern,,5,1
73,53,male,asian,JP,JP,3,5,modern,,1,1
74,64,female,asian,JP,JP,1,2,modern,,4,1
75,57,male,asian,JP,JP,12,2,modern,,4,1
76,38,female,asian,JP,JP,1,5,modern,,3,1
77,70,male,asian,JP,JP,3,2,modern,,2,1
78,78,female,asian,JP,JP,1,2,modern,,1,1
79,36,female,asian,JP,JP,1,2,modern,,2,1
80,42,female,asian,JP,JP,12,9,modern,,5,2
81,45,female,asian,JP,JP,1,5,modern,,1,1
82,41,female,asian,JP,JP,12,3,modern,,5,2
83,26,female,asian,JP,JP,4,5,modern,,2,1
84,68,female,asian,JP,JP,1,2,modern,,4,1
85,51,male,asian,JP,JP,3,5,modern,,4,1
86,67,male,asian,JP,JP,1,3,modern,,1,1
87,67,male,asian,JP,JP,1,5,modern,,3,1
88,50,female,asian,JP,JP,12,9,modern,,5,2
89,69,female,asian,JP,JP,1,2,modern,,4,1
90,62,male,asian,JP,JP,8,5,modern,,2,1
91,64,male,asian,JP,JP,7,5,modern,,1,1
92,53,female,asian,JP,JP,1,3,modern,,1,1
93,78,male,asian,JP,JP,3,5,modern,,1,1
94,69,male,asian,JP,JP,5,5,modern,,2,1
95,72,male,asian,JP,JP,1,5,modern,,2,1
96,65,male,asian,JP,JP,3,3,modern,,2,1
97,66,male,other,JP,JP,9,2,modern,,2,1
98,38,male,asian,JP,JP,5,5,modern,,1,1
99,68,male,asian,JP,JP,12,2,modern,,3,1
100,36,male,asian,JP,JP,12,5,modern,,4,2
101,72,male,asian,JP,JP,3,2,modern,,1,1
102,53,female,asian,JP,JP,2,5,modern,,3,1
103,31,female,asian,JP,JP,2,2,modern,,5,2
104,53,male,asian,JP,JP,3,2,modern,,2,1
105,72,male,asian,JP,JP,3,3,modern,,4,2
106,42,female,asian,JP,JP,12,2,modern,,5,2
107,50,female,asian,JP,JP,3,2,modern,,4,2
108,31,male,asian,JP,JP,5,2,modern,,1,1
109,49,female,asian,JP,JP,2,3,modern,,4,2
110,54,male,asian,JP,JP,4,2,modern,,2,1
111,50,female,asian,JP,JP,4,5,modern,,2,1
112,45,male,asian,JP,JP,2,5,modern,,5,2
113,61,male,asian,JP,JP,11,7,modern,,1,1
114,43,male,asian,JP,JP,5,5,modern,,4,2
115,64,male,asian,JP,JP,5,5,modern,,1,1
116,48,male,asian,JP,JP,8,5,modern,,1,1
117,52,male,asian,JP,JP,1,2,modern,,4,1
118,63,male,asian,JP,JP,6,5,modern,,4,1
119,85,male,asian,JP,JP,2,5,modern,,2,1
120,51,male,asian,JP,JP,9,5,modern,,2,1
121,59,male,asian,JP,JP,6,5,modern,,1,1
122,52,female,asian,JP,JP,12,2,modern,,5,2
123,39,male,asian,JP,JP,4,3,modern,,2,1
124,62,male,asian,JP,JP,5,5,modern,,4,1
125,65,male,asian,JP,JP,1,5,modern,,1,1
126,58,female,asian,JP,JP,3,5,modern,,3,1
127,62,female,asian,JP,JP,1,5,modern,,4,1
128,71,male,asian,JP,JP,3,5,modern,,2,1
129,70,male,asian,JP,JP,3,5,modern,,1,1
130,51,female,asian,JP,JP,1,2,modern,,3,1
131,43,female,prefer not to answer,JP,JP,12,2,modern,,5,2
132,50,male,asian,JP,JP,5,5,modern,,2,1
133,56,male,asian,JP,JP,1,5,modern,,5,2
134,48,male,asian,JP,JP,2,5,modern,,4,2
135,63,male,asian,JP,JP,9,5,modern,,2,1
136,,prefer not to answer,prefer not to answer,prefer not to answer,prefer not to answer,12,9,modern,,5,3
137,60,male,asian,JP,JP,1,5,modern,,3,1
138,74,male,asian,JP,JP,2,2,modern,,1,1
139,67,male,asian,JP,JP,3,5,modern,,1,1
140,36,female,asian,JP,JP,4,5,modern,,1,1
141,48,female,white,JP,JP,12,2,modern,,2,2
142,,male,asian,JP,JP,1,5,modern,,5,2
143,77,female,asian,JP,JP,1,2,modern,,2,1
144,77,female,asian,JP,JP,1,4,modern,,4,2
145,77,male,asian,JP,JP,3,5,modern,,2,1
146,60,male,asian,JP,JP,1,5,modern,,2,1
147,67,male,asian,JP,JP,12,5,modern,,5,2
148,54,female,asian,JP,JP,2,4,modern,,4,1
149,75,male,asian,JP,JP,2,5,modern,,2,1
150,53,male,asian,JP,JP,5,5,modern,,2,1
151,66,male,asian,JP,JP,5,5,modern,,3,1
152,42,female,asian,JP,JP,12,3,modern,,2,1
153,66,male,asian,JP,JP,3,5,modern,,4,1
154,76,male,asian,JP,JP,2,5,modern,,1,1
155,57,male,asian,JP,JP,1,2,modern,,1,1
156,40,male,asian,JP,JP,7,2,modern,,1,1
157,48,female,asian,JP,JP,1,4,modern,,2,1
158,36,female,asian,JP,JP,1,3,modern,,5,2
159,66,male,asian,JP,JP,5,5,modern,,2,1
160,59,male,asian,JP,JP,8,5,modern,,1,1
161,49,female,asian,JP,JP,12,5,modern,,2,1
162,41,female,asian,JP,JP,3,5,modern,,3,2
163,70,male,asian,JP,JP,1,2,modern,,5,2
164,64,male,asian,JP,JP,7,5,modern,,3,1
165,50,male,asian,JP,JP,12,2,modern,,1,1
166,72,male,asian,JP,JP,4,2,modern,,5,2
167,75,male,asian,JP,JP,3,5,modern,,4,2
168,56,male,asian,JP,JP,1,2,modern,,3,1
169,47,female,asian,JP,JP,2,5,modern,,5,2
170,36,male,asian,JP,JP,4,5,modern,,5,2
171,81,male,asian,JP,JP,3,2,modern,,2,1
172,78,male,asian,JP,JP,3,2,modern,,2,1
173,83,male,asian,JP,JP,2,3,modern,,4,2
174,70,male,asian,JP,JP,2,5,modern,,3,1
175,41,male,asian,JP,JP,6,5,modern,,4,2
176,,female,white,JP,JP,1,2,modern,,4,2
177,24,female,asian,JP,JP,2,5,modern,,4,2
178,36,male,asian,JP,JP,3,2,modern,,1,1
179,52,male,asian,JP,JP,1,2,modern,,2,1
180,58,male,asian,JP,JP,7,5,modern,,5,1
181,68,female,asian,JP,JP,1,5,modern,,2,1
182,61,male,asian,JP,JP,5,5,modern,,4,1
183,29,female,asian,JP,JP,4,3,modern,,1,1
184,48,male,asian,JP,JP,8,5,modern,,3,1
185,31,male,asian,JP,JP,6,6,modern,,5,2
186,44,female,asian,JP,JP,2,5,modern,,4,2
187,60,female,asian,JP,JP,12,2,modern,,3,2
188,26,male,asian,JP,JP,5,5,modern,,2,2
189,40,male,asian,JP,JP,3,2,modern,,5,1
190,66,male,asian,JP,JP,4,5,modern,,4,2
191,51,female,asian,JP,JP,1,2,modern,,2,2
192,28,male,asian,JP,JP,1,5,modern,,4,2
193,70,male,asian,JP,JP,2,2,modern,,3,1
194,60,male,asian,JP,JP,1,5,modern,,2,1
195,62,male,asian,JP,JP,1,2,modern,,4,2
196,64,female,asian,JP,JP,1,2,modern,,4,1
197,53,male,asian,JP,JP,7,5,modern,,1,1
198,40,male,asian,JP,JP,7,5,modern,,2,1
199,45,female,asian,JP,JP,8,5,modern,,1,1
200,29,female,asian,JP,JP,1,2,modern,,3,2
201,54,female,asian,JP,JP,12,2,modern,,4,1
202,69,male,asian,JP,JP,1,3,modern,,5,2
203,68,male,asian,JP,JP,12,5,modern,,1,1
204,76,male,asian,JP,JP,3,5,modern,,4,1
205,54,male,asian,JP,JP,4,5,modern,,1,2
206,63,female,asian,JP,JP,1,2,modern,,2,1
207,61,female,asian,JP,JP,2,5,modern,,5,2
208,,male,asian,JP,JP,12,9,modern,,3,1
209,71,male,asian,JP,JP,2,2,modern,,5,2
210,31,female,asian,JP,JP,2,5,modern,,2,2
211,44,female,asian,JP,JP,2,2,modern,,2,1
212,58,male,asian,JP,JP,9,6,modern,,2,1
213,32,male,asian,JP,JP,8,6,modern,,4,2
214,65,female,asian,JP,JP,12,3,modern,,2,1
215,54,male,asian,JP,JP,8,5,modern,,2,1
216,37,other,asian,JP,JP,12,6,modern,,2,1
217,52,male,asian,JP,JP,6,6,modern,,1,1
218,67,male,asian,JP,JP,2,5,modern,,3,1
219,44,female,asian,JP,JP,12,5,modern,,4,1
220,32,female,asian,JP,JP,4,5,modern,,4,2
221,57,female,asian,JP,JP,1,5,modern,,5,2
222,67,male,asian,JP,JP,2,5,modern,,2,1
223,50,female,asian,JP,JP,4,5,modern,,2,2
224,68,male,asian,JP,JP,1,2,modern,,5,1
225,67,female,asian,JP,JP,1,4,modern,,2,1
226,72,female,asian,JP,JP,6,2,modern,,2,1
227,47,male,asian,JP,JP,4,5,modern,,4,2
228,,female,asian,JP,JP,12,3,modern,,5,2
229,62,female,asian,JP,JP,3,2,modern,,3,1
230,36,male,white,JP,JP,6,5,modern,,2,1
231,34,female,prefer not to answer,JP,JP,8,5,modern,,5,2
232,37,female,asian,JP,JP,1,3,modern,,2,1
233,47,male,asian,JP,JP,7,6,modern,,4,2
234,48,male,asian,JP,JP,1,5,modern,,1,1
235,61,female,asian,JP,JP,12,5,modern,,3,1
236,40,female,asian,JP,JP,12,2,modern,,4,2
237,81,male,asian,JP,JP,1,1,modern,,2,1
238,58,male,asian,JP,JP,1,2,modern,,2,2
239,51,female,asian,JP,JP,1,2,modern,,1,1
240,69,male,asian,JP,JP,4,5,modern,,1,1
241,59,female,asian,JP,JP,1,4,modern,,5,2
242,57,male,asian,JP,JP,5,5,modern,,1,1
243,77,female,asian,JP,JP,12,3,modern,,4,2
244,59,male,white,JP,JP,3,2,modern,,1,1
245,27,female,asian,JP,JP,4,3,modern,,2,2
246,66,male,asian,JP,JP,3,5,modern,,3,1
247,52,female,asian,JP,JP,12,6,modern,,5,2
248,45,female,asian,JP,JP,5,3,modern,,4,2
249,53,male,asian,JP,JP,1,3,modern,,2,1
250,67,male,asian,JP,JP,4,2,modern,,2,1
251,61,male,asian,JP,JP,6,5,modern,,2,1
252,82,female,asian,JP,JP,2,2,modern,,4,2
253,47,female,asian,JP,JP,1,4,modern,,5,2
254,52,female,asian,JP,JP,1,4,modern,,4,2
255,67,male,asian,JP,JP,4,5,modern,,5,2
256,46,female,asian,JP,JP,1,5,modern,,4,2
257,42,female,asian,JP,JP,1,2,modern,,5,2
258,54,male,asian,JP,JP,6,2,modern,,5,2
259,44,male,asian,JP,JP,8,5,modern,,2,1
260,37,female,asian,JP,JP,4,5,modern,,1,1
261,51,female,asian,JP,JP,3,2,modern,,3,1
262,70,male,asian,JP,JP,4,5,modern,,3,1
263,48,male,asian,JP,JP,7,7,modern,,2,1
264,63,female,asian,JP,JP,1,4,modern,,3,2
265,44,female,asian,JP,JP,3,4,modern,,4,1
266,50,female,asian,JP,JP,1,4,modern,,3,1
267,75,male,asian,JP,JP,3,5,modern,,3,1
268,43,female,asian,JP,JP,2,5,modern,,3,1
269,73,male,asian,JP,JP,1,2,modern,,4,1
270,79,female,asian,JP,JP,1,4,modern,,2,1
271,57,male,asian,JP,JP,4,2,modern,,3,2
272,,female,asian,JP,JP,2,2,modern,,1,1
273,45,male,asian,JP,JP,2,3,modern,,5,2
274,61,female,asian,JP,JP,1,2,modern,,2,1
275,19,female,asian,JP,JP,1,2,modern,,4,2
276,89,male,asian,JP,JP,3,5,modern,,2,1
277,71,female,asian,JP,JP,2,5,modern,,5,2
278,53,male,asian,JP,JP,7,5,modern,,4,2
279,74,male,asian,JP,JP,1,5,modern,,1,1
280,60,male,asian,JP,JP,3,5,modern,,2,1
281,57,male,asian,JP,JP,1,5,modern,,2,1
282,53,male,asian,JP,JP,5,5,modern,,5,2
283,71,male,asian,JP,JP,10,5,modern,,2,1
284,52,female,asian,JP,JP,4,2,modern,,5,2
285,76,male,asian,JP,JP,12,5,modern,,1,1
286,52,female,asian,JP,JP,1,5,modern,,1,1
287,51,male,asian,JP,JP,5,6,modern,,5,2
288,56,female,asian,JP,JP,1,3,modern,,5,2
289,73,male,asian,JP,JP,2,5,modern,,3,1
290,26,female,asian,JP,JP,3,5,modern,,4,2
291,49,male,asian,JP,JP,1,5,modern,,5,2
292,57,female,asian,JP,JP,1,5,modern,,5,2
293,41,male,asian,JP,JP,8,2,modern,,3,1
294,52,male,asian,JP,JP,9,5,modern,,4,1
295,48,male,asian,JP,JP,7,5,modern,,1,1
296,66,male,asian,JP,JP,3,5,modern,,2,1
297,48,female,asian,JP,JP,3,2,modern,,3,1
298,42,female,asian,JP,JP,1,3,modern,,3,1
299,52,male,asian,JP,JP,9,5,modern,,4,1
300,57,female,asian,JP,JP,1,4,modern,,3,2
301,31,female,asian,JP,JP,4,5,modern,,5,1
302,65,male,asian,JP,JP,7,6,modern,,1,1
303,59,male,asian,JP,JP,10,5,modern,,2,1
304,49,male,asian,JP,JP,12,5,modern,,3,2
305,69,male,asian,JP,JP,3,5,modern,,1,1
306,51,male,asian,JP,JP,1,2,modern,,1,1
307,80,male,asian,JP,JP,3,2,modern,,1,1
308,69,male,asian,JP,JP,8,5,modern,,2,1
309,41,male,asian,JP,JP,1,5,modern,,5,2
310,64,male,asian,JP,JP,5,6,modern,,1,1
311,73,female,asian,JP,JP,1,2,modern,,4,2
312,49,female,asian,JP,JP,9,6,modern,,1,1
313,65,male,white,JP,JP,1,2,modern,,3,2
314,54,male,asian,JP,JP,9,5,modern,,1,1
315,71,male,asian,JP,JP,2,5,modern,,2,1
316,61,female,asian,JP,JP,2,2,modern,,3,1
317,25,female,asian,JP,JP,2,3,modern,,2,1
318,36,male,asian,JP,JP,12,2,modern,,2,2
319,82,female,asian,JP,JP,1,2,modern,,5,2
320,61,male,asian,JP,JP,9,6,modern,,1,1
321,49,male,asian,JP,JP,4,5,modern,,2,1
322,63,male,asian,JP,JP,1,4,modern,,1,1
323,65,female,asian,JP,JP,1,2,modern,,3,1
324,59,male,asian,JP,JP,1,5,modern,,4,2
325,47,female,asian,JP,JP,1,2,modern,,5,2
326,46,male,asian,JP,JP,4,2,modern,,3,2
327,61,female,asian,JP,JP,1,5,modern,,2,1
328,75,female,asian,JP,JP,12,3,modern,,4,2
329,67,male,asian,JP,JP,2,2,modern,,4,2
330,70,female,asian,JP,JP,1,5,modern,,5,2
331,68,male,asian,JP,JP,1,5,modern,,2,1
332,69,male,asian,JP,JP,3,2,modern,,5,2
333,40,female,asian,JP,JP,3,3,modern,,4,2
334,48,male,asian,JP,JP,1,2,modern,,3,2
335,74,male,asian,JP,JP,4,5,modern,,2,1
336,36,male,asian,JP,JP,4,5,modern,,5,2
337,68,male,asian,JP,JP,1,2,modern,,5,2
338,54,female,asian,JP,JP,4,2,modern,,2,1
339,56,male,asian,JP,JP,4,4,modern,,4,2
340,59,male,asian,JP,JP,5,5,modern,,5,2
341,82,male,asian,JP,JP,3,2,modern,,4,1
342,57,female,asian,JP,JP,1,1,modern,,2,1
343,42,male,asian,JP,JP,1,3,modern,,2,1
344,61,male,asian,JP,JP,10,5,modern,,1,1
345,39,male,asian,JP,JP,1,2,modern,,5,2
346,74,male,asian,JP,JP,4,5,modern,,2,1
347,42,male,asian,JP,JP,5,5,modern,,2,1
348,34,male,asian,JP,JP,1,1,modern,,4,2
349,19,female,asian,JP,JP,1,2,modern,,2,2
350,55,male,asian,JP,JP,1,2,modern,,3,2
351,51,male,asian,JP,JP,6,5,modern,,2,1
352,64,male,asian,JP,JP,5,5,modern,,3,1
353,60,male,asian,JP,JP,12,2,modern,,2,1
354,66,male,asian,JP,JP,6,5,modern,,5,2
355,74,male,asian,JP,JP,2,5,modern,,2,2
356,52,male,asian,JP,JP,12,2,modern,,3,1
357,41,male,asian,JP,JP,1,5,modern,,3,1
358,30,female,asian,JP,JP,4,5,modern,,4,2
359,65,male,asian,JP,JP,5,4,modern,,1,1
360,40,male,asian,JP,JP,2,5,modern,,2,1
361,48,male,asian,JP,JP,6,2,modern,,3,1
362,68,female,asian,JP,JP,3,2,modern,,5,2
363,39,female,asian,JP,JP,3,5,modern,,4,2
364,32,female,asian,JP,JP,12,5,modern,,2,1
365,63,male,asian,JP,JP,6,5,modern,,5,2
366,77,male,asian,JP,JP,3,5,modern,,2,1
367,73,male,other,JP,JP,12,2,modern,,2,1
368,71,male,asian,JP,JP,2,5,modern,,5,2
369,65,female,asian,JP,JP,12,5,modern,,2,1
370,59,female,asian,JP,JP,12,7,modern,,1,1
371,55,male,asian,JP,JP,7,5,modern,,2,1
372,63,male,asian,JP,JP,6,5,modern,,2,1
373,76,male,asian,JP,JP,2,5,modern,,1,1
374,55,male,asian,JP,JP,8,6,modern,,4,1
375,64,female,asian,JP,JP,1,2,modern,,5,1
376,70,male,asian,JP,JP,1,5,modern,,3,1
377,76,male,asian,JP,JP,12,5,modern,,2,1
378,29,female,asian,JP,JP,1,1,modern,,5,2
379,53,female,asian,JP,JP,6,5,modern,,2,1
380,58,male,asian,JP,JP,6,5,modern,,1,1
381,57,female,asian,JP,JP,1,2,modern,,1,1
382,46,male,asian,JP,JP,12,5,modern,,1,1
383,62,male,white,JP,JP,3,3,modern,,2,1
384,59,male,asian,JP,JP,5,2,modern,,1,2
385,52,female,asian,JP,JP,2,4,modern,,2,1
386,74,male,asian,JP,JP,4,5,modern,,3,1
387,40,female,white,JP,JP,1,4,modern,,5,1
388,39,female,asian,JP,JP,2,1,modern,,4,1
389,42,female,asian,JP,JP,2,1,modern,,3,1
390,72,male,asian,JP,JP,7,5,modern,,2,1
391,55,female,asian,JP,JP,1,2,modern,,5,2
392,39,female,asian,JP,JP,3,3,modern,,2,1
393,49,female,asian,JP,JP,1,4,modern,,3,2
394,59,female,asian,JP,JP,4,5,modern,,2,1
395,60,female,asian,JP,JP,1,5,modern,,5,2
396,37,female,asian,JP,JP,1,4,modern,,4,2
397,71,female,asian,JP,JP,1,4,modern,,5,2
398,51,male,asian,JP,JP,9,5,modern,,1,1
399,65,male,asian,JP,JP,1,2,modern,,5,2
400,38,male,asian,JP,JP,2,5,modern,,5,2
401,61,male,asian,JP,JP,5,6,modern,,2,1
402,71,male,asian,JP,JP,4,5,modern,,3,2
403,63,female,asian,JP,JP,1,3,modern,,5,2
404,66,male,asian,JP,JP,2,5,modern,,3,1
405,45,male,asian,JP,JP,7,3,modern,,3,2
406,64,male,asian,JP,JP,2,5,modern,,2,1
407,66,male,asian,JP,JP,1,2,modern,,5,2
408,40,female,asian,JP,JP,3,5,modern,,5,2
409,55,male,asian,JP,JP,6,3,modern,,5,1
410,42,male,asian,JP,JP,4,2,modern,,1,1
411,36,male,asian,JP,JP,4,3,modern,,2,2
412,45,male,asian,JP,JP,8,3,modern,,2,1
413,46,male,asian,JP,JP,12,6,modern,,2,1
414,54,male,asian,JP,JP,1,3,modern,,5,2
415,56,male,asian,JP,JP,12,5,modern,,3,2
416,64,male,asian,JP,JP,2,3,modern,,2,1
417,51,male,asian,JP,JP,1,2,modern,,3,2
418,36,male,asian,JP,JP,3,2,modern,,2,1
419,80,male,asian,JP,JP,4,5,modern,,2,1
420,35,male,asian,JP,JP,3,3,modern,,1,1
421,44,male,asian,JP,JP,5,6,modern,,1,1
422,55,male,asian,JP,JP,7,2,modern,,2,1
423,44,male,asian,JP,JP,5,6,modern,,2,2
424,72,female,asian,JP,JP,1,5,modern,,2,1
425,38,female,asian,JP,JP,6,6,modern,,4,2
426,28,female,asian,JP,JP,3,5,modern,,2,2
427,62,male,asian,JP,JP,7,5,modern,,2,1
428,53,male,asian,JP,JP,3,3,modern,,3,2
429,69,male,asian,JP,JP,7,3,modern,,3,1
430,65,male,asian,JP,JP,2,5,modern,,2,1
431,61,male,asian,JP,JP,11,5,modern,,4,1
432,58,female,white,JP,JP,12,4,modern,,3,2
433,68,male,asian,JP,JP,4,5,modern,,1,1
434,68,male,asian,JP,JP,2,5,modern,,2,1
435,50,male,asian,JP,JP,12,5,modern,,1,1
436,61,male,asian,JP,JP,5,3,modern,,1,1
437,70,male,asian,JP,JP,2,4,modern,,3,1
438,68,male,asian,JP,JP,7,5,modern,,1,1
439,34,male,asian,JP,JP,3,5,modern,,2,1
440,71,male,asian,JP,JP,3,2,modern,,2,1
441,32,female,asian,JP,JP,1,2,modern,,5,1
442,50,female,asian,JP,JP,2,5,modern,,3,2
443,40,male,asian,JP,JP,11,2,modern,,1,1
444,36,female,white,JP,JP,12,5,modern,,2,3
445,57,female,asian,JP,JP,1,3,modern,,5,2
446,49,female,asian,JP,JP,1,2,modern,,3,1
447,70,male,asian,JP,JP,5,5,modern,,4,1
448,61,male,asian,JP,JP,1,5,modern,,2,1
449,71,male,asian,JP,JP,3,5,modern,,1,1
450,42,female,prefer not to answer,JP,JP,1,2,modern,,3,2
451,47,male,asian,JP,JP,12,5,modern,,3,1
452,75,male,asian,JP,JP,4,5,modern,,2,1
453,61,male,asian,JP,JP,4,6,modern,,5,2
454,67,male,asian,JP,JP,3,5,modern,,2,1
455,61,male,asian,JP,JP,7,2,modern,,1,1
456,76,male,asian,JP,JP,12,5,modern,,4,1
457,68,male,asian,JP,JP,1,5,modern,,2,1
458,59,male,asian,JP,JP,3,2,modern,,2,1
459,68,male,asian,JP,JP,4,5,modern,,2,1
460,61,male,asian,JP,JP,2,3,modern,,2,1
461,56,female,asian,JP,JP,1,2,modern,,4,2
462,52,male,asian,JP,JP,4,5,modern,,2,1
463,56,male,asian,JP,JP,8,5,modern,,1,1
464,75,male,asian,JP,JP,4,2,modern,,1,1
465,74,male,asian,JP,JP,1,5,modern,,3,1
466,39,male,asian,JP,JP,5,5,modern,,2,1
467,59,male,asian,JP,JP,1,5,modern,,2,1
468,60,female,asian,JP,JP,1,3,modern,,5,2
469,56,male,asian,JP,JP,12,3,modern,,4,2
470,74,male,asian,JP,JP,2,2,modern,,2,1
471,67,male,asian,JP,JP,3,5,modern,,2,1
472,56,male,asian,JP,JP,2,3,modern,,4,1
473,43,male,asian,JP,JP,12,5,modern,,1,1
474,47,male,asian,JP,JP,8,5,modern,,1,1
475,40,female,asian,JP,JP,2,2,modern,,2,2
476,73,male,asian,JP,JP,1,5,modern,,1,1
477,74,male,asian,JP,JP,7,5,modern,,2,1
478,65,male,asian,JP,JP,5,5,modern,,2,1
479,36,female,asian,JP,JP,1,2,modern,,3,2
480,64,male,asian,JP,JP,3,5,modern,,2,1
481,59,female,asian,JP,JP,1,4,modern,,5,2
482,82,male,asian,JP,JP,4,5,modern,,3,1
483,43,female,white,JP,JP,1,3,modern,,2,2
484,52,male,asian,JP,JP,2,6,modern,,4,2
485,71,male,asian,JP,JP,4,6,modern,,1,1
486,66,male,asian,JP,JP,1,2,modern,,2,1
487,59,female,asian,JP,JP,12,5,modern,,3,1
488,53,female,asian,JP,JP,1,2,modern,,3,1
489,30,female,asian,JP,JP,4,5,modern,,4,2
490,70,female,asian,JP,JP,1,2,modern,,3,2
491,61,male,asian,JP,JP,1,5,modern,,4,1
492,69,male,asian,JP,JP,4,2,modern,,1,1
493,34,male,asian,JP,JP,11,5,modern,,5,2
494,74,male,asian,JP,JP,5,5,modern,,2,1
495,49,male,asian,JP,JP,12,4,modern,,5,1
496,61,male,asian,JP,JP,9,5,modern,,2,1
497,81,male,asian,JP,JP,2,1,modern,,5,2
498,80,male,asian,JP,JP,3,3,modern,,1,1
499,51,female,white,JP,JP,12,3,modern,,3,2
500,62,male,asian,JP,JP,12,6,modern,,2,1
501,74,male,asian,JP,JP,2,2,modern,,2,1
502,55,male,asian,JP,JP,4,5,modern,,2,1
503,53,female,white,JP,JP,12,4,modern,,2,2
504,57,male,asian,JP,JP,1,5,modern,,5,2
505,40,female,asian,JP,JP,2,3,modern,,2,1
506,45,male,asian,JP,JP,2,4,modern,,1,1
507,64,female,asian,JP,JP,2,3,modern,,2,1
508,71,female,asian,JP,JP,1,2,modern,,4,1
509,48,male,asian,JP,JP,1,3,modern,,5,2
510,62,male,asian,JP,JP,1,2,modern,,2,1
511,63,female,asian,JP,JP,8,2,modern,,3,2
512,78,male,asian,JP,JP,12,6,modern,,1,1
513,38,male,asian,JP,JP,1,3,modern,,5,2
514,76,male,asian,JP,JP,12,5,modern,,2,1
515,45,female,asian,JP,JP,2,2,modern,,3,1
516,37,male,asian,JP,JP,5,5,modern,,1,1
517,57,female,asian,JP,JP,12,3,modern,,4,2
518,74,male,asian,JP,JP,1,5,modern,,1,1
519,57,male,asian,JP,JP,1,2,modern,,2,2
520,58,female,asian,JP,JP,2,2,modern,,2,1
521,34,female,asian,JP,JP,3,5,modern,,4,2
522,25,female,asian,JP,JP,12,5,modern,,3,2
523,45,female,asian,JP,JP,5,5,modern,,5,2
524,56,male,asian,JP,JP,12,5,modern,,1,1
525,74,male,asian,JP,JP,3,2,modern,,4,1
526,60,male,asian,JP,JP,4,5,modern,,1,1
527,55,male,asian,JP,JP,2,5,modern,,5,1
528,77,male,asian,JP,JP,2,5,modern,,4,2
529,65,male,asian,JP,JP,3,3,modern,,2,2
530,54,male,asian,JP,JP,1,5,modern,,2,2
531,62,male,asian,JP,JP,9,2,modern,,1,1
532,68,male,asian,JP,JP,12,5,modern,,2,1
533,59,female,asian,JP,JP,8,5,modern,,5,2
534,51,female,asian,JP,JP,5,4,modern,,2,1
535,40,female,asian,JP,JP,2,4,modern,,2,1
536,49,female,asian,JP,JP,1,4,modern,,3,2
537,50,female,asian,JP,JP,1,5,modern,,2,1
538,65,female,asian,JP,JP,1,2,modern,,2,1
539,70,male,asian,JP,JP,5,5,modern,,3,1
540,77,male,asian,JP,JP,3,2,modern,,2,1
541,44,female,asian,JP,JP,1,2,modern,,5,1
542,60,male,asian,JP,JP,2,5,modern,,5,2
543,48,male,asian,JP,JP,4,3,modern,,3,1
544,59,male,asian,JP,JP,8,5,modern,,2,1
545,52,male,asian,JP,JP,12,5,modern,,4,2
546,57,male,asian,JP,JP,2,4,modern,,2,1
547,73,female,asian,JP,JP,1,2,modern,,5,2
548,55,male,asian,JP,JP,12,3,modern,,1,1
549,52,female,asian,other,JP,1,6,modern,,2,2
550,53,female,prefer not to answer,JP,JP,1,2,modern,,3,1
551,53,female,asian,JP,JP,3,2,modern,,2,1
552,51,female,asian,JP,JP,1,2,modern,,2,1
553,69,male,asian,JP,JP,1,2,modern,,4,1
554,66,male,asian,JP,JP,11,5,modern,,2,1
555,30,female,asian,JP,JP,3,5,modern,,4,2
556,48,female,asian,JP,JP,1,5,modern,,3,1
557,64,male,asian,JP,JP,5,5,modern,,2,1
558,67,male,asian,JP,JP,1,5,modern,,4,1
559,57,male,asian,JP,JP,12,5,modern,,1,1
560,70,female,asian,JP,JP,1,5,modern,,1,1
561,65,male,asian,JP,JP,1,2,modern,,2,1
562,60,male,asian,JP,JP,11,6,modern,,3,2
563,73,female,asian,JP,JP,1,2,modern,,4,2
564,46,female,asian,JP,JP,1,5,modern,,3,1
565,62,male,asian,JP,JP,3,2,modern,,2,1
566,28,male,asian,JP,JP,3,2,modern,,5,2
567,70,female,asian,JP,JP,1,2,modern,,2,1
568,24,male,asian,JP,JP,1,6,modern,,1,2
569,54,male,asian,JP,JP,9,5,modern,,3,1
570,52,female,asian,JP,JP,1,2,modern,,2,1
571,28,female,asian,JP,JP,4,5,modern,,1,1
572,68,female,asian,JP,JP,2,4,modern,,2,1
573,44,male,asian,JP,JP,4,3,modern,,1,1
574,59,male,asian,JP,JP,8,5,modern,,1,1
575,,male,asian,JP,JP,1,5,modern,,4,2
576,51,male,prefer not to answer,JP,prefer not to answer,12,9,modern,,5,3
577,63,male,asian,JP,JP,12,5,modern,,2,1
578,60,male,asian,JP,JP,2,2,modern,,4,2
579,35,male,asian,JP,JP,6,5,modern,,2,1
580,40,male,asian,JP,JP,7,2,modern,,2,1
581,72,male,asian,JP,JP,2,5,modern,,5,2
582,57,male,asian,JP,JP,7,6,modern,,3,1
583,85,male,asian,JP,JP,5,2,modern,,2,1
584,66,male,asian,JP,JP,1,5,modern,,4,2
585,38,female,asian,JP,JP,1,5,modern,,5,1
586,54,female,asian,JP,JP,1,3,modern,,5,1
587,46,male,asian,JP,JP,1,6,modern,,1,1
588,55,male,asian,JP,JP,2,3,modern,,5,2
589,54,male,asian,JP,JP,9,5,modern,,2,1
590,67,female,asian,JP,JP,1,4,modern,,2,1
591,75,male,asian,JP,JP,4,5,modern,,2,1
592,49,female,asian,JP,JP,6,3,modern,,2,1
593,50,male,asian,JP,JP,3,4,modern,,5,2
594,46,male,asian,JP,JP,1,2,modern,,3,2
595,44,female,asian,JP,JP,3,5,modern,,2,1
596,53,female,asian,JP,JP,1,4,modern,,1,2
597,57,male,asian,JP,JP,9,6,modern,,1,1
598,56,male,asian,JP,JP,7,6,modern,,4,1
599,63,male,asian,JP,JP,12,5,modern,,2,1
600,29,male,asian,JP,JP,4,5,modern,,3,2
601,66,male,other,JP,JP,4,4,modern,,4,1
602,81,male,asian,JP,JP,1,2,modern,,3,1
603,61,male,asian,JP,JP,3,5,modern,,1,1
604,29,male,asian,JP,JP,12,5,modern,,5,2
605,64,female,asian,JP,JP,2,5,modern,,3,2
606,36,male,asian,JP,JP,1,5,modern,,2,2
607,39,male,asian,JP,JP,12,5,modern,,1,1
608,69,male,asian,JP,JP,3,2,modern,,2,1
609,47,male,asian,JP,JP,2,5,modern,,1,1
610,38,male,asian,JP,JP,6,6,modern,,2,1
611,73,female,asian,JP,JP,1,2,modern,,4,2
612,60,female,asian,JP,JP,4,5,modern,,2,1
613,76,male,asian,JP,JP,1,2,modern,,4,2
614,32,male,asian,JP,JP,4,5,modern,,3,2
615,33,male,asian,JP,JP,3,5,modern,,3,2
616,42,female,asian,JP,JP,2,2,modern,,1,1
617,72,male,asian,JP,JP,2,5,modern,,2,1
618,50,male,asian,JP,JP,1,2,modern,,3,1
619,51,male,asian,JP,JP,1,1,modern,,4,2
620,61,male,asian,JP,JP,9,5,modern,,1,1
621,21,female,asian,JP,JP,3,2,modern,,5,1
622,64,female,asian,JP,JP,6,5,modern,,2,1
623,35,male,asian,JP,JP,4,3,modern,,3,1
624,56,female,asian,JP,JP,12,5,modern,,4,2
625,56,female,asian,JP,JP,12,2,modern,,2,1
626,52,male,asian,JP,JP,6,6,modern,,4,1
627,45,male,asian,JP,JP,4,5,modern,,3,1
628,59,male,asian,JP,JP,12,2,modern,,2,1
629,64,male,asian,JP,JP,3,5,modern,,2,1
630,79,male,asian,JP,JP,2,5,modern,,2,1
631,40,female,asian,JP,JP,5,5,modern,,1,2
632,57,female,asian,JP,JP,1,3,modern,,1,1
633,51,female,asian,JP,JP,1,4,modern,,2,1
634,61,male,asian,JP,JP,3,5,modern,,4,1
635,71,female,asian,JP,JP,4,4,modern,,2,1
636,52,male,asian,JP,JP,6,5,modern,,5,1
637,47,male,asian,JP,JP,1,2,modern,,1,1
638,61,female,asian,JP,JP,1,2,modern,,5,2
639,73,male,asian,JP,JP,5,2,modern,,2,1
640,44,female,asian,JP,JP,1,2,modern,,2,1
641,50,male,asian,JP,JP,6,5,modern,,1,2
642,63,female,asian,JP,JP,1,4,modern,,2,1
643,51,male,asian,JP,JP,5,3,modern,,2,1
644,58,male,asian,JP,JP,12,5,modern,,3,1
645,73,male,asian,JP,JP,12,5,modern,,4,1
646,45,female,asian,JP,JP,12,5,modern,,5,1
647,,female,prefer not to answer,prefer not to answer,prefer not to answer,2,2,modern,,3,3
648,47,male,asian,JP,JP,7,5,modern,,1,1
649,26,male,asian,JP,JP,3,2,modern,,2,1
650,42,male,asian,JP,JP,7,5,modern,,4,1
651,57,male,asian,JP,JP,4,2,modern,,4,1
652,53,male,asian,JP,JP,1,5,modern,,2,1
653,55,female,asian,JP,JP,5,4,modern,,2,1
654,67,male,asian,JP,JP,12,5,modern,,3,1
655,68,male,asian,JP,JP,6,5,modern,,3,1
656,47,male,hispanic/latino,JP,JP,4,5,modern,,5,2
657,35,male,asian,JP,JP,5,2,modern,,2,1
658,63,male,asian,JP,JP,3,2,modern,,3,1
659,58,female,asian,JP,JP,1,3,modern,,5,2
660,27,male,asian,JP,JP,1,1,modern,,4,2
661,55,male,asian,JP,JP,4,5,modern,,5,2
662,68,male,asian,JP,JP,1,3,modern,,2,1
663,27,male,asian,JP,JP,2,2,modern,,3,2
664,77,female,asian,JP,JP,2,5,modern,,2,1
665,57,female,asian,JP,JP,4,3,modern,,5,2
666,44,male,asian,JP,JP,2,5,modern,,2,2
667,51,female,asian,JP,JP,1,5,modern,,3,2
668,35,female,asian,JP,JP,3,2,modern,,5,2
669,46,male,asian,JP,JP,5,5,modern,,4,1
670,52,male,asian,JP,JP,3,5,modern,,2,1
671,38,male,asian,JP,JP,1,3,modern,,4,2
672,59,female,asian,JP,JP,3,3,modern,,2,1
673,62,male,asian,JP,JP,9,7,modern,,3,1
674,41,male,asian,JP,JP,3,5,modern,,5,2
675,77,male,asian,JP,JP,2,5,modern,,2,2
676,62,male,asian,JP,JP,1,2,modern,,4,2
677,22,female,asian,JP,JP,1,5,modern,,3,2
678,72,female,asian,JP,JP,4,4,modern,,3,1
679,44,male,asian,JP,JP,3,3,modern,,2,1
680,47,male,asian,JP,JP,1,2,modern,,4,2
681,22,male,asian,JP,JP,1,9,modern,,2,2
682,65,male,asian,JP,JP,1,5,modern,,4,1
683,49,male,asian,JP,JP,5,5,modern,,3,1
684,54,male,asian,JP,JP,4,9,modern,,2,1
685,59,female,asian,JP,JP,1,6,modern,,3,2
686,56,female,asian,JP,JP,7,5,modern,,1,1
687,66,male,asian,JP,JP,1,5,modern,,5,2
688,71,male,asian,JP,JP,2,5,modern,,2,1
689,67,male,asian,JP,JP,2,2,modern,,5,2
690,49,male,asian,JP,JP,12,5,modern,,2,1
691,53,male,asian,JP,JP,8,6,modern,,2,1
692,44,male,asian,JP,JP,3,2,modern,,4,1
693,62,female,asian,JP,JP,1,4,modern,,5,2
694,54,male,asian,JP,JP,1,5,modern,,1,1
695,,female,prefer not to answer,JP,JP,1,4,modern,,5,2
696,62,male,asian,JP,JP,2,5,modern,,3,1
697,48,female,asian,JP,JP,3,2,modern,,4,1
698,40,female,asian,JP,JP,1,5,modern,,3,2
699,62,male,asian,JP,JP,1,5,modern,,5,2
700,62,male,asian,JP,JP,5,2,modern,,2,1
701,47,male,asian,JP,JP,6,2,modern,,4,1
702,42,female,asian,JP,JP,3,5,modern,,2,2
703,39,female,asian,JP,JP,2,2,modern,,3,1
704,49,male,asian,JP,JP,12,5,modern,,4,1
705,57,male,asian,JP,JP,8,5,modern,,4,1
706,46,female,asian,JP,JP,1,2,modern,,2,2
707,68,female,asian,JP,JP,1,4,modern,,5,2
708,75,male,asian,JP,JP,2,5,modern,,4,2
709,55,male,asian,JP,JP,3,5,modern,,4,1
710,64,male,asian,JP,JP,4,5,modern,,3,1
711,60,female,asian,JP,JP,1,5,modern,,5,2
712,72,male,asian,JP,JP,2,1,modern,,1,1
713,71,male,asian,JP,JP,2,5,modern,,1,1
714,57,male,asian,JP,JP,2,2,modern,,1,1
715,68,male,asian,JP,JP,3,5,modern,,1,1
716,72,male,asian,JP,JP,1,2,modern,,3,1
717,59,male,asian,JP,JP,7,5,modern,,1,1
718,60,male,asian,JP,JP,9,5,modern,,2,2
719,75,female,prefer not to answer,JP,JP,12,2,modern,,5,2
720,57,female,asian,JP,JP,1,4,modern,,2,2
721,39,female,asian,JP,JP,1,5,modern,,2,1
722,57,male,asian,JP,JP,4,5,modern,,1,1
723,66,male,asian,JP,JP,3,5,modern,,2,1
724,62,male,asian,JP,JP,1,2,modern,,1,1
725,35,male,prefer not to answer,JP,JP,1,3,modern,,2,1
726,53,male,asian,JP,JP,7,5,modern,,2,1
727,70,male,asian,JP,JP,1,2,modern,,5,2
728,38,female,asian,JP,JP,1,5,modern,,2,1
729,77,male,asian,JP,JP,6,6,modern,,3,1
730,40,male,asian,JP,JP,1,2,modern,,3,2
731,55,male,asian,JP,JP,4,2,modern,,1,1
732,53,male,asian,JP,JP,9,5,modern,,1,1
733,65,male,asian,JP,JP,5,5,modern,,1,1
734,70,male,asian,JP,JP,2,5,modern,,2,1
735,77,male,asian,JP,JP,2,2,modern,,2,1
736,31,female,asian,JP,JP,3,5,modern,,5,2
737,55,female,asian,JP,JP,2,5,modern,,3,1
738,46,male,asian,JP,JP,6,5,modern,,4,1
739,33,female,asian,JP,JP,1,2,modern,,4,2
740,61,other,asian,JP,JP,1,5,modern,,5,2
741,59,female,asian,JP,JP,1,4,modern,,2,1
742,81,female,asian,JP,JP,1,3,modern,,3,2
743,42,female,asian,JP,JP,1,5,modern,,4,2
744,48,male,asian,JP,JP,5,3,modern,,3,1
745,,female,asian,JP,JP,12,9,modern,,2,1
746,42,male,asian,JP,JP,1,5,modern,,5,2
747,51,female,asian,JP,JP,4,3,modern,,2,1
748,42,male,asian,JP,JP,9,5,modern,,4,1
749,70,male,asian,JP,JP,3,5,modern,,3,1
750,44,female,asian,JP,JP,1,5,modern,,5,2
751,59,female,asian,JP,JP,1,5,modern,,4,2
752,48,male,asian,JP,JP,12,5,modern,,1,1
753,59,male,asian,JP,JP,9,5,modern,,4,2
754,52,male,asian,JP,JP,12,5,modern,,2,1
755,44,male,asian,JP,JP,4,2,modern,,1,1
756,70,male,asian,JP,JP,6,5,modern,,1,1
757,58,male,asian,JP,JP,12,3,modern,,1,2
758,35,male,asian,JP,JP,6,5,modern,,4,1
759,64,male,asian,JP,JP,12,1,modern,,5,2
760,70,male,asian,JP,JP,2,5,modern,,1,1
761,64,male,asian,JP,JP,4,2,modern,,3,1
762,55,male,asian,JP,JP,5,5,modern,,2,1
763,37,female,asian,JP,JP,1,2,modern,,5,1
764,55,male,asian,JP,JP,3,2,modern,,3,1
765,81,female,asian,JP,JP,2,2,modern,,5,2
766,63,female,asian,JP,JP,1,5,modern,,2,1
767,41,male,asian,JP,JP,9,6,modern,,1,1
768,86,male,asian,JP,JP,3,2,modern,,3,2
769,60,male,asian,JP,JP,3,5,modern,,2,1
770,57,male,prefer not to answer,JP,JP,1,2,modern,,3,1
771,61,male,asian,JP,JP,12,5,modern,,2,1
772,53,female,asian,JP,JP,1,4,modern,,5,2
773,20,female,asian,JP,JP,1,2,modern,,2,2
774,58,female,asian,JP,JP,12,5,modern,,3,1
775,51,female,asian,JP,JP,1,2,modern,,4,2
776,80,male,asian,JP,JP,5,4,modern,,2,1
777,76,male,asian,JP,JP,1,2,modern,,1,1
778,68,male,asian,JP,JP,3,5,modern,,2,1
779,58,female,asian,JP,JP,1,2,modern,,5,2
780,54,female,asian,JP,JP,2,3,modern,,5,2
781,52,male,asian,JP,JP,6,5,modern,,2,1
782,73,female,asian,JP,JP,3,3,modern,,5,2
783,60,male,asian,JP,JP,4,5,modern,,3,1
784,72,female,asian,JP,JP,3,5,modern,,2,1
785,71,female,asian,JP,JP,2,4,modern,,2,1
786,34,male,asian,JP,JP,8,5,modern,,5,2
787,44,male,asian,JP,JP,10,5,modern,,2,2
788,46,female,asian,JP,JP,1,4,modern,,4,2
789,39,male,asian,JP,JP,1,1,modern,,5,2
790,52,male,asian,JP,JP,9,5,modern,,2,1
791,44,male,asian,JP,JP,8,5,modern,,2,1
792,62,male,asian,JP,JP,2,5,modern,,2,1
793,70,female,asian,JP,JP,1,2,modern,,2,2
794,70,male,asian,JP,JP,4,5,modern,,1,1
795,47,female,asian,JP,JP,1,5,modern,,2,2
796,80,male,asian,JP,JP,12,1,modern,,1,1
797,70,male,asian,JP,JP,1,5,modern,,2,1
798,60,female,asian,JP,JP,1,1,modern,,5,2
799,57,female,asian,JP,JP,1,2,modern,,5,3
800,56,male,asian,JP,JP,6,5,modern,,2,1
801,61,male,asian,JP,JP,3,4,modern,,2,1
802,47,male,asian,JP,JP,1,3,modern,,2,2
803,64,female,asian,JP,JP,1,5,modern,,5,1
804,65,male,asian,JP,JP,5,5,modern,,4,2
805,54,male,asian,JP,JP,9,2,modern,,2,1
806,43,female,asian,JP,JP,4,5,modern,,2,1
807,69,male,asian,JP,JP,2,4,modern,,3,1
808,45,male,asian,JP,JP,1,5,modern,,5,2
809,39,female,asian,JP,JP,1,5,modern,,2,1
810,77,male,asian,JP,JP,1,2,modern,,2,1
811,60,female,asian,JP,JP,1,4,modern,,5,2
812,50,male,asian,JP,JP,1,5,modern,,4,1
813,61,male,asian,JP,JP,4,3,modern,,2,1
814,78,male,asian,JP,JP,7,5,modern,,5,1
815,69,male,asian,JP,JP,1,3,modern,,3,1
816,58,male,asian,JP,JP,1,1,modern,,5,2
817,39,female,prefer not to answer,JP,JP,4,4,modern,,3,1
818,68,male,asian,JP,JP,6,5,modern,,2,1
819,57,female,asian,JP,JP,12,2,modern,,4,1
820,47,male,asian,JP,JP,1,2,modern,,3,1
821,77,male,asian,JP,JP,7,5,modern,,1,1
822,70,female,asian,JP,JP,1,5,modern,,2,2
823,41,female,asian,JP,JP,2,2,modern,,5,2
824,48,female,asian,JP,JP,2,5,modern,,3,2
825,74,male,asian,JP,JP,3,5,modern,,1,1
826,75,male,asian,JP,JP,1,5,modern,,5,2
827,78,male,asian,JP,JP,2,5,modern,,1,1
828,77,male,asian,JP,JP,3,2,modern,,2,1
829,55,male,asian,JP,JP,8,5,modern,,2,1
830,66,female,asian,JP,JP,1,1,modern,,3,1
831,46,male,asian,JP,JP,3,5,modern,,4,1
832,54,female,asian,JP,JP,3,5,modern,,2,2
833,50,male,asian,JP,JP,6,2,modern,,2,1
834,72,female,asian,JP,JP,1,3,modern,,3,1
835,53,male,white,JP,JP,5,5,modern,,5,2
836,65,female,asian,JP,JP,3,5,modern,,4,2
837,65,male,asian,JP,JP,2,2,modern,,2,1
838,61,male,asian,JP,JP,1,5,modern,,2,1
839,36,male,asian,JP,JP,4,5,modern,,2,1
840,70,male,asian,JP,JP,1,2,modern,,3,1
841,67,female,asian,JP,JP,1,3,modern,,2,1
842,84,male,asian,JP,JP,2,4,modern,,2,2
843,78,male,asian,JP,JP,1,2,modern,,4,1
844,71,male,asian,JP,JP,12,5,modern,,4,1
845,56,male,asian,JP,JP,2,2,modern,,2,1
846,68,male,other,JP,JP,4,5,modern,,1,1
847,57,male,asian,JP,JP,1,3,modern,,2,1
848,56,female,asian,JP,JP,1,4,modern,,3,2
849,57,male,asian,JP,JP,5,5,modern,,2,1
850,64,female,asian,JP,JP,1,3,modern,,5,2
851,29,female,white,JP,JP,4,5,modern,,5,2
852,45,male,asian,JP,JP,1,2,modern,,5,2
853,82,female,asian,JP,JP,12,5,modern,,2,2
854,49,female,asian,JP,JP,5,2,modern,,1,2
855,47,male,asian,JP,JP,12,2,modern,,1,1
856,67,male,asian,JP,JP,11,5,modern,,1,1
857,46,female,asian,JP,JP,1,5,modern,,4,1
858,60,female,asian,JP,JP,1,3,modern,,4,2
859,60,female,asian,JP,JP,1,3,modern,,5,2
860,64,male,asian,JP,JP,5,5,modern,,3,1
861,36,female,asian,JP,JP,1,5,modern,,4,1
862,32,female,asian,JP,JP,1,2,modern,,4,2
863,64,male,asian,JP,JP,4,1,modern,,2,1
864,47,female,asian,JP,JP,1,4,modern,,2,2
865,76,male,asian,JP,JP,4,5,modern,,2,1
866,61,female,asian,JP,JP,1,2,modern,,2,1
867,68,male,asian,JP,JP,4,3,modern,,2,1
868,73,male,asian,JP,JP,6,5,modern,,2,1
869,74,female,asian,JP,JP,2,2,modern,,5,2
870,58,female,asian,JP,JP,1,2,modern,,4,2
871,51,female,asian,JP,JP,1,2,modern,,2,1
872,53,male,asian,JP,JP,9,5,modern,,3,1
873,57,male,asian,JP,JP,11,5,modern,,4,1
874,66,male,asian,JP,JP,3,2,modern,,2,1
875,75,male,asian,JP,JP,8,3,modern,,3,2
876,49,male,asian,JP,JP,12,5,modern,,2,2
877,75,male,asian,JP,JP,11,7,modern,,4,1
878,65,male,asian,JP,JP,4,5,modern,,2,1
879,40,male,asian,JP,JP,4,1,modern,,4,1
880,54,male,asian,JP,JP,5,3,modern,,4,1
881,73,male,asian,JP,JP,12,5,modern,,1,1
882,51,male,asian,JP,JP,8,5,modern,,2,1
883,46,male,asian,JP,JP,1,2,modern,,4,2
884,54,male,asian,JP,JP,2,3,modern,,4,2
885,48,female,asian,JP,JP,1,3,modern,,4,2
886,77,male,asian,JP,JP,1,2,modern,,2,1
887,68,female,asian,JP,JP,1,4,modern,,2,1
888,61,male,asian,JP,JP,2,5,modern,,2,1
889,39,male,asian,JP,JP,7,5,modern,,2,1
890,64,male,asian,JP,JP,1,2,modern,,1,2
891,53,male,asian,JP,JP,2,3,modern,,3,1
892,50,male,asian,JP,JP,8,5,modern,,1,1
893,50,male,asian,JP,JP,3,5,modern,,3,2
894,54,male,asian,JP,JP,7,5,modern,,1,1
895,73,male,asian,JP,JP,2,5,modern,,5,1
896,51,female,asian,JP,JP,1,5,modern,,3,1
897,51,female,asian,JP,JP,12,5,modern,,2,1
898,74,male,asian,JP,JP,1,5,modern,,5,2
899,63,female,asian,JP,JP,1,5,modern,,2,2
900,39,male,asian,JP,JP,8,5,modern,,3,1
901,37,male,asian,JP,JP,7,5,modern,,1,1
902,62,female,asian,JP,JP,1,4,modern,,5,2
903,56,male,asian,JP,JP,9,5,modern,,2,1
904,70,male,asian,JP,JP,8,5,modern,,1,1
905,68,female,asian,JP,JP,12,4,modern,,4,1
906,24,female,asian,JP,JP,1,4,modern,,2,1
907,50,male,asian,JP,JP,8,5,modern,,1,1
908,53,female,asian,JP,JP,3,3,modern,,2,2
909,60,female,asian,JP,JP,1,4,modern,,4,2
910,76,female,asian,JP,JP,2,2,modern,,4,2
911,52,female,asian,JP,JP,7,5,modern,,2,1
912,74,male,asian,JP,JP,2,5,modern,,2,1
913,55,male,asian,JP,JP,11,5,modern,,1,1
914,49,female,asian,JP,JP,6,5,modern,,5,2
915,59,male,asian,JP,JP,1,5,modern,,2,1
916,50,female,asian,JP,JP,1,5,modern,,2,2
917,68,female,asian,JP,JP,12,4,modern,,4,2
918,64,male,asian,JP,JP,1,1,modern,,5,2
919,64,male,asian,JP,JP,2,5,modern,,4,1
920,54,female,asian,JP,JP,1,4,modern,,4,1
921,44,female,asian,JP,JP,12,5,modern,,5,1
922,68,male,asian,JP,JP,12,5,modern,,2,1
923,64,male,asian,JP,JP,2,2,modern,,5,1
924,22,female,asian,JP,JP,1,2,modern,,2,2
925,54,male,asian,JP,JP,9,2,modern,,4,1
926,53,female,asian,JP,JP,1,4,modern,,3,1
927,65,female,asian,JP,JP,1,4,modern,,5,2
928,33,female,asian,JP,JP,1,2,modern,,4,2
929,65,female,asian,JP,JP,1,5,modern,,5,2
930,56,male,asian,JP,JP,2,5,modern,,2,1
931,52,male,asian,JP,JP,1,2,modern,,3,1
932,74,male,asian,JP,JP,12,5,modern,,2,1
933,65,female,asian,JP,JP,1,1,modern,,2,1
934,62,male,asian,JP,JP,4,1,modern,,1,1
935,46,male,asian,JP,JP,9,5,modern,,1,1
936,74,male,asian,JP,JP,6,2,modern,,1,1
937,42,male,asian,JP,JP,7,5,modern,,1,1
938,69,male,asian,JP,JP,8,5,modern,,4,2
939,71,male,asian,JP,JP,3,5,modern,,2,1
940,48,female,asian,JP,JP,1,5,modern,,4,1
941,45,female,asian,JP,JP,1,5,modern,,5,2
942,63,male,asian,JP,JP,4,2,modern,,4,2
943,24,male,asian,JP,JP,1,5,modern,,3,2
944,73,female,asian,JP,JP,12,5,modern,,4,2
945,41,male,asian,JP,JP,1,2,modern,,3,1
946,35,female,asian,JP,JP,1,2,modern,,5,1
947,46,male,asian,JP,JP,5,5,modern,,1,1
948,50,male,asian,JP,JP,1,7,modern,,5,2
949,49,male,asian,JP,JP,12,2,modern,,3,2
950,75,male,asian,JP,JP,2,3,modern,,2,1
951,64,male,asian,JP,JP,1,2,modern,,3,1
952,64,female,asian,JP,JP,12,4,modern,,3,2
953,29,male,asian,JP,JP,3,5,modern,,3,2
954,60,male,asian,JP,JP,3,5,modern,,2,1
955,58,male,asian,JP,JP,1,2,modern,,2,1
956,52,male,asian,JP,JP,4,6,modern,,4,2
957,73,male,asian,JP,JP,12,5,modern,,1,1
958,60,male,asian,JP,JP,1,5,modern,,4,2
959,63,male,asian,JP,JP,4,5,modern,,2,1
960,77,female,asian,JP,JP,1,2,modern,,3,1
961,80,male,asian,JP,JP,3,2,modern,,1,1
962,63,male,asian,JP,JP,12,5,modern,,3,1
963,53,male,asian,JP,JP,8,5,modern,,3,1
964,46,male,asian,JP,JP,6,5,modern,,1,1
965,58,male,asian,JP,JP,4,2,modern,,3,1
966,69,female,asian,JP,JP,1,2,modern,,2,1
967,67,male,asian,JP,JP,2,5,modern,,4,2
968,73,male,asian,JP,JP,3,5,modern,,4,2
969,56,female,asian,JP,JP,3,2,modern,,2,1
970,64,female,asian,JP,JP,1,2,modern,,2,1
971,75,male,asian,JP,JP,2,2,modern,,3,1
972,68,female,asian,JP,JP,1,4,modern,,4,2
973,61,male,asian,JP,JP,1,5,modern,,5,2
974,72,female,asian,JP,JP,1,5,modern,,3,2
975,49,male,asian,JP,JP,1,1,modern,,2,1
976,68,female,asian,JP,JP,1,5,modern,,5,2
977,53,male,other,JP,JP,2,2,modern,,2,1
978,56,female,asian,JP,JP,1,4,modern,,5,1
979,37,female,asian,JP,JP,1,3,modern,,5,2
980,77,male,asian,JP,JP,4,2,modern,,2,1
981,67,male,asian,JP,JP,4,5,modern,,2,1
982,49,female,asian,JP,JP,1,5,modern,,3,1
983,80,male,asian,JP,JP,1,4,modern,,2,1
984,72,male,asian,JP,JP,3,5,modern,,4,1
985,38,male,asian,JP,JP,8,5,modern,,1,1
986,79,male,asian,JP,JP,12,5,modern,,3,1
987,67,male,asian,JP,JP,3,5,modern,,2,1
988,63,female,asian,JP,JP,1,2,modern,,5,2
989,51,female,asian,JP,JP,1,5,modern,,5,2
990,65,male,asian,JP,JP,4,5,modern,,3,1
991,37,male,asian,JP,JP,3,2,modern,,1,1
992,62,female,asian,JP,JP,12,5,modern,,4,2
993,23,male,asian,JP,JP,1,2,modern,,3,2
994,57,male,asian,JP,JP,7,5,modern,,3,2
995,48,male,asian,JP,JP,8,5,modern,,2,2
996,32,female,asian,JP,JP,12,5,modern,,2,1
997,63,male,asian,JP,JP,1,2,modern,,2,1
998,61,female,asian,JP,JP,5,5,modern,,4,2
999,75,male,asian,JP,JP,2,5,modern,,1,1
1000,63,male,asian,JP,JP,3,2,sporty,,3,1
1001,63,male,asian,JP,JP,1,2,sporty,,2,1
1002,58,male,asian,JP,JP,1,5,sporty,,2,2
1003,52,male,asian,JP,JP,7,2,sporty,,2,1
1004,73,female,asian,JP,JP,1,3,sporty,,4,2
1005,53,male,asian,JP,JP,9,5,sporty,,2,1
1006,52,male,asian,JP,JP,2,5,sporty,,5,2
1007,63,male,asian,JP,JP,4,5,sporty,,1,1
1008,51,male,asian,JP,JP,1,2,sporty,,5,1
1009,63,male,asian,JP,JP,12,2,sporty,,3,2
1010,61,female,asian,JP,JP,12,2,sporty,,4,1
1011,40,female,asian,JP,JP,3,2,sporty,,4,1
1012,57,female,asian,JP,JP,1,2,sporty,,2,1
1013,62,male,asian,JP,JP,4,5,sporty,,1,1
1014,59,male,asian,JP,JP,1,5,sporty,,2,2
1015,74,male,asian,JP,JP,3,2,sporty,,3,1
1016,66,female,asian,JP,JP,1,2,sporty,,4,2
1017,54,male,asian,JP,JP,5,3,sporty,,1,1
1018,78,female,asian,JP,JP,1,4,sporty,,3,1
1019,63,female,white,JP,JP,12,5,sporty,,5,1
1020,46,female,asian,JP,JP,12,2,sporty,,4,2
1021,61,male,asian,JP,JP,4,5,sporty,,4,1
1022,51,male,asian,JP,JP,5,3,sporty,,5,1
1023,41,male,asian,JP,JP,12,2,sporty,,3,1
1024,69,male,asian,JP,JP,12,3,sporty,,2,1
1025,41,female,asian,JP,JP,12,1,sporty,,3,2
1026,64,female,asian,JP,JP,12,9,sporty,,3,2
1027,65,male,asian,JP,JP,2,5,sporty,,2,1
1028,55,male,asian,JP,JP,3,3,sporty,,1,1
1029,42,female,asian,JP,JP,1,4,sporty,,3,1
1030,34,male,asian,JP,JP,4,5,sporty,,1,1
1031,51,male,asian,JP,JP,1,5,sporty,,4,2
1032,45,female,asian,JP,JP,3,3,sporty,,3,1
1033,35,female,asian,JP,JP,6,5,sporty,,5,2
1034,73,male,asian,JP,JP,2,2,sporty,,2,1
1035,71,female,asian,JP,JP,2,2,sporty,,4,2
1036,31,male,asian,JP,JP,1,2,sporty,,5,2
1037,75,male,asian,JP,JP,12,6,sporty,,1,1
1038,53,male,asian,JP,JP,1,4,sporty,,5,2
1039,38,female,asian,JP,JP,1,5,sporty,,5,2
1040,71,male,asian,JP,JP,1,5,sporty,,2,1
1041,50,male,asian,JP,JP,2,5,sporty,,1,1
1042,77,male,asian,JP,JP,3,5,sporty,,3,2
1043,65,male,asian,JP,JP,3,5,sporty,,2,1
1044,72,male,asian,JP,JP,1,5,sporty,,4,1
1045,67,male,asian,JP,JP,4,5,sporty,,2,1
1046,60,female,asian,JP,JP,1,3,sporty,,4,1
1047,71,male,asian,JP,JP,3,5,sporty,,4,1
1048,50,male,asian,JP,JP,12,5,sporty,,5,2
1049,78,male,asian,JP,JP,2,2,sporty,,1,1
1050,64,male,asian,JP,JP,6,6,sporty,,2,1
1051,47,female,asian,JP,JP,2,3,sporty,,2,2
1052,58,male,asian,JP,JP,6,5,sporty,,3,1
1053,69,male,asian,JP,JP,1,5,sporty,,1,1
1054,32,female,asian,JP,JP,1,5,sporty,,4,1
1055,62,female,asian,JP,JP,1,3,sporty,,4,2
1056,77,male,asian,JP,JP,2,2,sporty,,4,1
1057,66,female,asian,JP,JP,1,2,sporty,,3,1
1058,47,female,asian,JP,JP,1,3,sporty,,5,2
1059,42,female,asian,JP,JP,1,3,sporty,,5,2
1060,75,male,asian,JP,JP,2,4,sporty,,2,1
1061,57,female,asian,JP,JP,1,2,sporty,,5,2
1062,57,female,asian,JP,JP,1,5,sporty,,3,1
1063,49,male,asian,JP,JP,5,5,sporty,,4,1
1064,65,male,asian,JP,JP,3,5,sporty,,2,1
1065,67,male,asian,JP,JP,5,5,sporty,,2,1
1066,57,male,asian,JP,JP,1,2,sporty,,4,2
1067,60,male,asian,JP,JP,1,5,sporty,,5,2
1068,60,male,asian,JP,JP,4,5,sporty,,2,1
1069,42,male,asian,JP,JP,10,5,sporty,,1,1
1070,49,male,asian,JP,JP,12,5,sporty,,3,1
1071,62,female,asian,JP,JP,1,2,sporty,,4,2
1072,38,female,asian,JP,JP,2,2,sporty,,5,1
1073,43,male,asian,JP,JP,11,5,sporty,,1,1
1074,,male,asian,JP,JP,12,9,sporty,,5,2
1075,55,male,asian,JP,JP,8,6,sporty,,4,1
1076,71,female,asian,JP,JP,1,5,sporty,,2,1
1077,51,male,asian,JP,JP,4,5,sporty,,2,1
1078,37,male,asian,JP,JP,3,3,sporty,,2,2
1079,50,female,asian,JP,JP,2,2,sporty,,3,1
1080,53,male,asian,JP,JP,12,2,sporty,,5,1
1081,41,female,asian,JP,JP,1,5,sporty,,3,1
1082,57,male,asian,JP,JP,1,5,sporty,,4,2
1083,82,male,asian,JP,JP,3,5,sporty,,1,1
1084,73,female,asian,JP,JP,1,5,sporty,,1,1
1085,74,male,asian,JP,JP,2,2,sporty,,3,1
1086,44,female,asian,JP,JP,1,4,sporty,,2,1
1087,64,male,asian,JP,JP,2,5,sporty,,3,1
1088,75,male,asian,JP,JP,1,3,sporty,,2,1
1089,46,female,white,JP,JP,1,4,sporty,,2,2
1090,61,male,asian,JP,JP,3,5,sporty,,3,2
1091,37,female,asian,JP,JP,1,2,sporty,,3,2
1092,63,female,asian,JP,JP,12,5,sporty,,5,2
1093,50,male,asian,JP,JP,8,3,sporty,,1,1
1094,32,male,black/african american,JP,JP,1,2,sporty,,1,1
1095,27,female,asian,JP,JP,1,5,sporty,,2,1
1096,68,male,asian,JP,JP,2,5,sporty,,2,1
1097,47,male,asian,JP,JP,8,5,sporty,,1,1
1098,70,female,asian,JP,JP,1,4,sporty,,2,2
1099,67,male,asian,JP,JP,3,5,sporty,,4,1
1100,53,female,asian,JP,JP,1,4,sporty,,5,1
1101,57,male,asian,JP,JP,9,2,sporty,,1,1
1102,29,female,asian,JP,JP,1,3,sporty,,1,1
1103,28,female,asian,JP,JP,3,2,sporty,,3,1
1104,49,male,asian,JP,JP,4,3,sporty,,5,2
1105,47,male,asian,JP,JP,4,2,sporty,,2,2
1106,71,female,asian,JP,JP,1,3,sporty,,2,1
1107,46,male,asian,JP,JP,2,5,sporty,,2,1
1108,40,female,asian,JP,JP,1,2,sporty,,1,1
1109,42,female,asian,JP,JP,1,5,sporty,,4,2
1110,54,female,asian,JP,JP,1,5,sporty,,5,1
1111,44,female,asian,JP,JP,6,5,sporty,,4,1
1112,34,male,asian,JP,JP,12,3,sporty,,3,2
1113,64,female,asian,JP,JP,4,5,sporty,,5,2
1114,50,male,asian,JP,JP,12,3,sporty,,5,2
1115,74,male,asian,JP,JP,1,3,sporty,,2,1
1116,52,female,asian,JP,JP,3,5,sporty,,5,2
1117,55,male,asian,JP,JP,4,5,sporty,,2,1
1118,58,female,asian,JP,JP,1,4,sporty,,2,1
1119,67,male,asian,JP,JP,3,3,sporty,,2,1
1120,66,male,asian,JP,JP,2,2,sporty,,2,1
1121,53,male,asian,JP,JP,1,5,sporty,,5,2
1122,73,female,asian,JP,JP,1,2,sporty,,4,2
1123,22,female,asian,JP,JP,1,5,sporty,,5,2
1124,71,male,asian,JP,JP,5,5,sporty,,1,1
1125,39,female,asian,JP,JP,4,3,sporty,,2,1
1126,66,male,asian,JP,JP,1,2,sporty,,3,2
1127,73,female,asian,JP,JP,2,2,sporty,,2,1
1128,66,male,asian,JP,JP,6,5,sporty,,2,1
1129,50,male,asian,JP,JP,5,4,sporty,,2,1
1130,65,male,asian,JP,JP,1,6,sporty,,1,1
1131,69,female,asian,JP,JP,1,2,sporty,,4,2
1132,46,female,asian,JP,JP,1,2,sporty,,4,2
1133,70,female,asian,JP,JP,1,2,sporty,,4,2
1134,53,male,asian,JP,JP,7,6,sporty,,4,2
1135,48,female,asian,JP,JP,12,4,sporty,,4,1
1136,59,female,asian,JP,JP,1,4,sporty,,4,1
1137,41,male,asian,JP,JP,4,3,sporty,,5,1
1138,50,male,asian,JP,JP,6,2,sporty,,1,1
1139,43,male,asian,JP,JP,2,3,sporty,,1,1
1140,60,female,asian,JP,JP,1,3,sporty,,5,2
1141,68,male,asian,JP,JP,3,5,sporty,,2,1
1142,55,male,asian,JP,JP,10,5,sporty,,3,1
1143,81,male,asian,JP,JP,5,5,sporty,,5,2
1144,66,male,asian,JP,JP,1,5,sporty,,1,1
1145,55,female,asian,JP,JP,1,4,sporty,,1,1
1146,40,female,prefer not to answer,JP,JP,4,5,sporty,,2,1
1147,84,female,asian,JP,JP,1,2,sporty,,4,2
1148,31,female,asian,JP,JP,1,5,sporty,,4,1
1149,80,male,asian,JP,JP,2,4,sporty,,5,2
1150,57,male,asian,JP,JP,6,5,sporty,,1,1
1151,49,female,asian,JP,JP,1,4,sporty,,2,1
1152,65,female,asian,JP,JP,12,5,sporty,,4,2
1153,53,male,asian,JP,JP,5,5,sporty,,2,1
1154,53,male,asian,JP,JP,5,5,sporty,,2,1
1155,53,female,asian,JP,JP,1,4,sporty,,5,2
1156,34,male,asian,JP,JP,5,5,sporty,,5,2
1157,38,male,asian,JP,JP,6,5,sporty,,3,1
1158,46,female,asian,JP,JP,8,5,sporty,,5,1
1159,76,male,asian,JP,JP,1,5,sporty,,1,1
1160,54,female,asian,JP,JP,1,2,sporty,,5,2
1161,52,female,asian,JP,JP,6,5,sporty,,2,1
1162,76,male,asian,JP,JP,2,5,sporty,,5,2
1163,55,male,asian,JP,JP,8,3,sporty,,2,1
1164,79,male,asian,JP,JP,12,5,sporty,,2,1
1165,52,female,asian,JP,JP,1,2,sporty,,3,1
1166,49,female,asian,JP,JP,12,4,sporty,,5,2
1167,58,male,asian,JP,JP,3,5,sporty,,5,2
1168,51,male,asian,JP,JP,2,2,sporty,,2,1
1169,60,female,asian,JP,JP,3,2,sporty,,3,2
1170,52,female,asian,JP,JP,1,5,sporty,,4,2
1171,30,female,asian,JP,JP,1,4,sporty,,2,2
1172,65,male,asian,JP,JP,12,5,sporty,,3,1
1173,63,male,asian,JP,JP,8,8,sporty,,4,2
1174,74,male,asian,JP,JP,3,2,sporty,,1,1
1175,48,female,asian,JP,JP,1,2,sporty,,2,2
1176,71,female,asian,JP,JP,1,2,sporty,,2,1
1177,55,male,asian,JP,JP,5,5,sporty,,2,1
1178,53,male,asian,JP,JP,5,5,sporty,,2,1
1179,49,male,asian,JP,JP,5,5,sporty,,4,1
1180,71,male,asian,JP,JP,4,5,sporty,,4,2
1181,72,male,white,JP,JP,12,2,sporty,,3,2
1182,39,female,asian,JP,JP,1,3,sporty,,5,2
1183,71,male,asian,JP,JP,3,4,sporty,,1,1
1184,62,female,asian,JP,JP,5,4,sporty,,5,2
1185,78,female,asian,JP,JP,3,4,sporty,,2,2
1186,76,male,asian,JP,JP,2,5,sporty,,5,2
1187,58,male,asian,JP,JP,9,7,sporty,,2,1
1188,52,female,asian,JP,JP,1,3,sporty,,2,1
1189,40,female,asian,JP,JP,1,5,sporty,,3,2
1190,26,male,asian,JP,JP,2,5,sporty,,3,2
1191,57,male,asian,JP,JP,6,5,sporty,,2,1
1192,63,female,asian,JP,JP,1,5,sporty,,5,2
1193,65,male,asian,JP,JP,1,6,sporty,,2,1
1194,60,male,asian,JP,JP,12,6,sporty,,2,2
1195,63,female,asian,JP,JP,3,5,sporty,,2,2
1196,32,male,asian,JP,JP,1,3,sporty,,3,2
1197,51,female,asian,JP,JP,1,2,sporty,,4,2
1198,77,male,asian,JP,JP,2,5,sporty,,2,1
1199,23,female,asian,JP,JP,12,1,sporty,,4,2
1200,47,female,asian,JP,JP,1,4,sporty,,2,1
1201,43,male,asian,JP,JP,1,1,sporty,,5,2
1202,64,male,asian,JP,JP,1,5,sporty,,2,1
1203,52,male,asian,JP,JP,9,4,sporty,,2,1
1204,58,male,asian,JP,JP,6,2,sporty,,3,1
1205,52,male,asian,JP,JP,5,5,sporty,,2,1
1206,39,male,asian,JP,JP,5,2,sporty,,2,1
1207,63,male,asian,JP,JP,1,5,sporty,,2,1
1208,71,female,asian,JP,JP,4,2,sporty,,2,2
1209,52,male,asian,JP,JP,12,5,sporty,,2,1
1210,55,male,asian,JP,JP,6,5,sporty,,4,2
1211,29,female,asian,JP,JP,3,3,sporty,,4,1
1212,59,male,asian,JP,JP,1,5,sporty,,4,1
1213,48,male,asian,JP,JP,3,2,sporty,,3,1
1214,48,female,asian,JP,JP,1,2,sporty,,1,1
1215,54,female,asian,JP,JP,1,4,sporty,,4,1
1216,39,female,asian,JP,JP,12,4,sporty,,2,1
1217,44,female,asian,JP,JP,4,5,sporty,,3,2
1218,19,male,asian,JP,JP,1,2,sporty,,3,2
1219,51,female,asian,JP,JP,12,3,sporty,,4,1
1220,39,male,asian,JP,JP,3,2,sporty,,1,2
1221,44,female,asian,JP,JP,3,4,sporty,,4,1
1222,51,male,asian,JP,JP,4,7,sporty,,5,2
1223,40,male,asian,JP,JP,5,5,sporty,,2,1
1224,64,male,asian,JP,JP,4,5,sporty,,2,1
1225,52,male,asian,JP,JP,8,5,sporty,,2,1
1226,73,female,asian,JP,JP,1,2,sporty,,3,1
1227,54,male,asian,JP,JP,7,6,sporty,,2,1
1228,59,female,asian,JP,JP,1,4,sporty,,2,2
1229,66,male,asian,JP,JP,2,5,sporty,,1,1
1230,54,male,asian,JP,JP,11,5,sporty,,2,1
1231,46,female,asian,JP,JP,3,1,sporty,,1,1
1232,42,female,asian,JP,JP,3,5,sporty,,1,1
1233,53,male,asian,JP,JP,7,5,sporty,,1,1
1234,65,female,asian,JP,JP,5,6,sporty,,2,1
1235,27,female,asian,JP,JP,1,2,sporty,,3,2
1236,28,male,asian,JP,JP,2,5,sporty,,4,2
1237,52,male,asian,JP,JP,3,5,sporty,,1,1
1238,68,male,asian,JP,JP,4,5,sporty,,2,1
1239,42,male,asian,JP,JP,5,2,sporty,,4,1
1240,84,male,asian,JP,JP,2,5,sporty,,4,2
1241,67,male,asian,JP,JP,4,5,sporty,,3,1
1242,52,male,asian,JP,JP,7,7,sporty,,4,2
1243,38,male,asian,JP,JP,8,6,sporty,,3,2
1244,60,male,asian,JP,JP,9,5,sporty,,1,1
1245,67,male,asian,JP,JP,6,5,sporty,,2,1
1246,61,male,asian,JP,JP,1,5,sporty,,1,1
1247,60,male,asian,JP,JP,9,7,sporty,,1,1
1248,61,male,asian,JP,JP,3,2,sporty,,1,1
1249,45,male,asian,JP,JP,3,3,sporty,,4,1
1250,48,male,asian,JP,JP,3,2,sporty,,5,1
1251,69,male,asian,JP,JP,2,5,sporty,,2,1
1252,31,female,asian,JP,JP,1,2,sporty,,2,2
1253,75,male,other,JP,JP,2,5,sporty,,5,2
1254,62,male,asian,JP,JP,8,5,sporty,,1,1
1255,49,female,asian,JP,JP,3,2,sporty,,2,1
1256,45,female,asian,JP,JP,7,4,sporty,,5,2
1257,59,male,asian,JP,JP,2,2,sporty,,5,1
1258,42,female,asian,JP,JP,1,2,sporty,,1,1
1259,68,male,asian,JP,JP,3,2,sporty,,1,1
1260,70,male,asian,JP,JP,12,5,sporty,,3,1
1261,58,female,asian,JP,JP,1,2,sporty,,2,1
1262,51,female,asian,JP,JP,1,2,sporty,,2,1
1263,58,male,asian,JP,JP,1,3,sporty,,3,2
1264,54,male,white,JP,JP,5,5,sporty,,1,1
1265,45,male,asian,JP,JP,6,5,sporty,,1,1
1266,53,male,asian,JP,JP,5,2,sporty,,2,1
1267,62,male,asian,JP,JP,1,2,sporty,,2,1
1268,57,female,asian,JP,JP,3,2,sporty,,1,2
1269,66,female,asian,JP,JP,1,4,sporty,,3,2
1270,64,male,asian,JP,JP,3,3,sporty,,2,1
1271,54,male,asian,JP,JP,12,2,sporty,,3,1
1272,73,male,asian,JP,JP,4,3,sporty,,3,1
1273,47,female,asian,JP,JP,1,5,sporty,,4,1
1274,51,male,asian,JP,JP,4,5,sporty,,1,1
1275,61,male,asian,JP,JP,5,5,sporty,,1,1
1276,67,male,asian,JP,JP,3,5,sporty,,2,1
1277,62,male,asian,JP,JP,7,5,sporty,,2,1
1278,46,male,asian,JP,JP,7,5,sporty,,2,1
1279,66,female,asian,JP,JP,1,4,sporty,,5,2
1280,52,male,asian,JP,JP,12,5,sporty,,4,2
1281,67,female,asian,JP,JP,1,4,sporty,,4,2
1282,39,female,asian,JP,JP,1,2,sporty,,5,2
1283,76,female,asian,JP,JP,1,4,sporty,,4,2
1284,65,male,asian,JP,JP,2,6,sporty,,1,1
1285,63,male,asian,JP,JP,1,1,sporty,,4,1
1286,53,male,asian,JP,JP,12,2,sporty,,1,1
1287,52,male,asian,JP,JP,8,5,sporty,,1,1
1288,42,female,asian,JP,JP,6,5,sporty,,4,1
1289,57,male,asian,JP,JP,2,5,sporty,,2,2
1290,77,female,asian,JP,JP,1,2,sporty,,5,2
1291,58,male,asian,JP,JP,4,5,sporty,,4,2
1292,47,male,asian,JP,JP,10,5,sporty,,2,1
1293,69,male,asian,JP,JP,2,5,sporty,,1,1
1294,45,male,asian,JP,JP,1,2,sporty,,4,2
1295,76,male,asian,JP,JP,4,6,sporty,,2,1
1296,57,male,asian,JP,JP,3,5,sporty,,1,1
1297,56,male,asian,JP,JP,1,5,sporty,,1,1
1298,63,female,asian,JP,JP,1,4,sporty,,2,1
1299,65,male,asian,JP,JP,2,5,sporty,,1,2
1300,64,female,asian,JP,JP,1,2,sporty,,5,2
1301,78,male,asian,JP,JP,2,5,sporty,,5,1
1302,76,male,asian,JP,JP,4,5,sporty,,1,1
1303,42,male,hispanic/latino,JP,JP,8,5,sporty,,4,2
1304,59,male,asian,JP,JP,9,5,sporty,,1,1
1305,69,male,asian,JP,JP,1,5,sporty,,5,2
1306,68,female,asian,JP,JP,1,2,sporty,,5,2
1307,56,female,asian,JP,JP,12,4,sporty,,4,2
1308,50,male,asian,JP,JP,5,6,sporty,,2,2
1309,55,female,asian,JP,JP,12,2,sporty,,5,2
1310,54,female,asian,JP,JP,1,5,sporty,,4,1
1311,27,male,asian,JP,JP,3,2,sporty,,4,1
1312,56,female,asian,JP,JP,1,5,sporty,,5,2
1313,63,male,asian,JP,JP,6,2,sporty,,4,2
1314,30,female,asian,JP,JP,12,5,sporty,,5,2
1315,89,female,asian,JP,JP,2,2,sporty,,5,2
1316,63,male,asian,JP,JP,1,1,sporty,,1,1
1317,61,female,asian,JP,JP,3,4,sporty,,2,1
1318,36,female,asian,JP,JP,1,3,sporty,,3,2
1319,26,female,asian,JP,JP,2,5,sporty,,2,1
1320,49,male,asian,JP,JP,2,5,sporty,,1,1
1321,49,male,asian,JP,JP,5,3,sporty,,3,1
1322,64,male,asian,JP,JP,2,5,sporty,,2,1
1323,74,male,asian,JP,JP,3,5,sporty,,2,1
1324,27,female,asian,JP,JP,2,2,sporty,,5,2
1325,64,male,asian,JP,JP,5,5,sporty,,1,1
1326,74,female,asian,JP,JP,1,5,sporty,,3,1
1327,47,female,asian,JP,JP,12,2,sporty,,4,2
1328,65,male,asian,JP,JP,3,5,sporty,,2,1
1329,40,female,asian,JP,JP,12,4,sporty,,4,2
1330,53,female,asian,JP,JP,4,2,sporty,,2,1
1331,52,female,asian,JP,JP,12,3,sporty,,2,1
1332,59,male,asian,JP,JP,8,5,sporty,,2,1
1333,43,male,asian,JP,JP,4,5,sporty,,4,2
1334,66,male,asian,JP,JP,2,5,sporty,,1,1
1335,66,male,asian,JP,JP,9,5,sporty,,5,2
1336,34,male,asian,JP,JP,3,5,sporty,,3,2
1337,49,male,asian,JP,JP,6,2,sporty,,4,1
1338,38,male,asian,JP,JP,8,5,sporty,,4,1
1339,68,male,asian,JP,JP,4,6,sporty,,4,1
1340,78,male,asian,JP,JP,1,5,sporty,,2,1
1341,65,female,asian,JP,JP,5,5,sporty,,4,2
1342,54,male,asian,JP,JP,6,2,sporty,,2,1
1343,65,male,asian,JP,JP,2,5,sporty,,2,1
1344,47,male,asian,JP,JP,8,5,sporty,,3,1
1345,57,male,asian,JP,JP,10,5,sporty,,2,1
1346,77,male,asian,JP,JP,2,3,sporty,,2,1
1347,64,male,asian,JP,JP,10,6,sporty,,2,1
1348,52,male,asian,JP,JP,8,5,sporty,,1,1
1349,79,male,asian,JP,JP,2,2,sporty,,1,1
1350,45,female,asian,JP,JP,3,2,sporty,,4,2
1351,55,female,asian,JP,JP,1,2,sporty,,5,1
1352,64,male,asian,JP,JP,2,5,sporty,,2,2
1353,71,male,asian,JP,JP,2,5,sporty,,5,2
1354,57,female,asian,JP,JP,2,3,sporty,,3,1
1355,33,female,asian,JP,JP,2,5,sporty,,4,2
1356,57,male,asian,JP,JP,7,5,sporty,,2,1
1357,67,male,asian,JP,JP,3,5,sporty,,2,1
1358,28,female,asian,JP,JP,4,5,sporty,,5,1
1359,59,male,asian,JP,JP,4,5,sporty,,3,1
1360,64,male,asian,JP,JP,2,5,sporty,,2,1
1361,52,female,asian,JP,JP,5,4,sporty,,2,1
1362,42,female,asian,JP,JP,3,3,sporty,,3,1
1363,48,male,asian,JP,JP,7,5,sporty,,4,1
1364,28,male,asian,JP,JP,1,2,sporty,,5,2
1365,69,male,asian,JP,JP,3,5,sporty,,4,2
1366,65,female,asian,JP,JP,1,2,sporty,,5,2
1367,88,male,asian,JP,JP,3,5,sporty,,4,2
1368,38,female,asian,JP,JP,6,5,sporty,,5,2
1369,53,male,asian,JP,JP,1,2,sporty,,3,2
1370,70,male,asian,JP,JP,1,2,sporty,,1,1
1371,64,female,asian,JP,JP,1,5,sporty,,4,2
1372,63,male,asian,JP,JP,1,2,sporty,,2,2
1373,47,female,asian,JP,JP,12,4,sporty,,2,1
1374,36,female,asian,JP,JP,1,6,sporty,,4,2
1375,55,male,asian,JP,JP,3,2,sporty,,3,1
1376,48,male,asian,JP,JP,6,5,sporty,,5,2
1377,70,female,asian,JP,JP,3,5,sporty,,1,1
1378,50,male,asian,JP,JP,1,2,sporty,,1,1
1379,54,female,asian,JP,JP,1,2,sporty,,5,2
1380,51,male,asian,JP,JP,5,2,sporty,,3,2
1381,52,female,asian,JP,JP,2,4,sporty,,2,1
1382,48,male,asian,JP,JP,8,5,sporty,,5,1
1383,42,male,asian,JP,JP,5,3,sporty,,4,1
1384,52,male,asian,JP,JP,12,2,sporty,,5,2
1385,60,male,asian,JP,JP,2,4,sporty,,2,1
1386,29,male,asian,JP,JP,6,6,sporty,,1,1
1387,35,female,asian,JP,JP,3,2,sporty,,1,1
1388,68,male,asian,JP,JP,6,5,sporty,,1,1
1389,75,male,asian,JP,JP,12,5,sporty,,2,1
1390,64,male,asian,JP,JP,1,5,sporty,,1,1
1391,78,male,asian,JP,JP,2,5,sporty,,2,1
1392,60,female,asian,JP,JP,1,4,sporty,,5,2
1393,48,female,asian,JP,JP,3,2,sporty,,5,1
1394,50,male,asian,JP,JP,7,6,sporty,,1,1
1395,49,male,asian,JP,JP,1,2,sporty,,4,1
1396,52,male,asian,JP,JP,2,3,sporty,,2,1
1397,61,female,asian,JP,JP,12,2,sporty,,4,2
1398,56,male,asian,JP,JP,8,3,sporty,,2,1
1399,50,male,asian,JP,JP,6,5,sporty,,4,1
1400,71,male,asian,JP,JP,4,5,sporty,,2,1
1401,35,male,asian,JP,JP,12,5,sporty,,3,2
1402,,female,asian,JP,JP,6,5,sporty,,5,2
1403,63,female,asian,JP,JP,1,4,sporty,,3,1
1404,53,male,asian,JP,JP,2,2,sporty,,2,1
1405,47,male,asian,JP,JP,1,2,sporty,,1,1
1406,67,male,asian,JP,JP,11,6,sporty,,2,1
1407,63,female,asian,JP,JP,1,9,sporty,,2,2
1408,43,female,asian,JP,JP,12,5,sporty,,2,1
1409,57,male,asian,JP,JP,8,5,sporty,,4,1
1410,56,male,asian,JP,JP,9,6,sporty,,5,2
1411,72,female,asian,JP,JP,1,3,sporty,,1,1
1412,77,male,asian,JP,JP,2,2,sporty,,2,2
1413,57,male,asian,JP,JP,2,5,sporty,,2,1
1414,76,female,asian,JP,JP,2,4,sporty,,2,1
1415,50,male,asian,JP,JP,4,5,sporty,,4,1
1416,58,male,asian,JP,JP,9,5,sporty,,2,1
1417,56,male,asian,JP,JP,8,5,sporty,,4,2
1418,51,male,asian,JP,JP,12,2,sporty,,1,2
1419,50,female,asian,JP,JP,8,5,sporty,,2,2
1420,53,male,asian,JP,JP,3,5,sporty,,5,1
1421,67,male,asian,JP,JP,4,5,sporty,,3,1
1422,52,female,asian,JP,JP,1,4,sporty,,3,2
1423,64,female,asian,JP,JP,1,5,sporty,,2,1
1424,65,female,asian,JP,JP,1,5,sporty,,4,2
1425,61,male,asian,JP,JP,3,5,sporty,,2,1
1426,47,female,asian,JP,JP,1,2,sporty,,3,1
1427,61,female,asian,JP,JP,1,5,sporty,,4,1
1428,50,male,asian,JP,JP,3,5,sporty,,2,1
1429,46,female,asian,JP,JP,1,5,sporty,,5,2
1430,59,male,asian,JP,JP,4,5,sporty,,4,1
1431,29,male,asian,JP,JP,4,6,sporty,,1,1
1432,44,female,asian,JP,JP,5,5,sporty,,2,2
1433,78,male,asian,JP,JP,1,2,sporty,,3,2
1434,61,male,asian,JP,JP,5,5,sporty,,4,1
1435,78,male,other,JP,JP,3,5,sporty,,1,1
1436,67,female,asian,JP,JP,2,4,sporty,,5,2
1437,72,male,asian,JP,JP,12,5,sporty,,3,2
1438,48,female,asian,JP,JP,1,5,sporty,,5,2
1439,53,female,asian,JP,JP,1,2,sporty,,3,1
1440,65,male,asian,JP,JP,3,2,sporty,,2,1
1441,59,male,asian,JP,JP,6,5,sporty,,3,1
1442,26,female,asian,JP,JP,3,2,sporty,,5,2
1443,57,male,asian,JP,JP,1,3,sporty,,1,1
1444,57,male,asian,JP,JP,8,5,sporty,,2,1
1445,44,male,asian,JP,JP,1,3,sporty,,5,2
1446,51,male,asian,JP,JP,8,5,sporty,,2,1
1447,33,female,asian,JP,JP,12,5,sporty,,2,1
1448,74,male,asian,JP,JP,12,5,sporty,,2,1
1449,80,male,asian,JP,JP,1,5,sporty,,2,1
1450,28,female,asian,JP,JP,12,5,sporty,,2,1
1451,45,female,asian,JP,JP,8,5,sporty,,4,2
1452,72,male,asian,JP,JP,3,2,sporty,,4,1
1453,30,male,asian,JP,JP,4,5,sporty,,2,1
1454,37,female,asian,JP,JP,1,4,sporty,,3,2
1455,71,female,asian,JP,JP,1,4,sporty,,2,1
1456,74,male,asian,JP,JP,2,5,sporty,,4,1
1457,48,female,asian,JP,JP,2,3,sporty,,5,1
1458,62,male,asian,JP,JP,12,5,sporty,,3,1
1459,81,male,asian,JP,JP,8,2,sporty,,2,1
1460,44,male,asian,JP,JP,9,5,sporty,,2,1
1461,40,male,asian,JP,JP,6,5,sporty,,1,1
1462,55,female,other,JP,JP,1,5,sporty,,5,2
1463,78,male,asian,JP,JP,2,6,sporty,,4,1
1464,57,female,asian,JP,JP,1,2,sporty,,5,2
1465,39,male,asian,JP,JP,5,3,sporty,,2,1
1466,46,male,asian,JP,JP,2,5,sporty,,5,3
1467,64,male,asian,JP,JP,2,2,sporty,,4,2
1468,53,male,asian,JP,JP,4,6,sporty,,2,1
1469,73,female,asian,JP,JP,1,4,sporty,,4,2
1470,69,male,asian,JP,JP,12,6,sporty,,1,1
1471,61,male,asian,JP,JP,7,5,sporty,,2,1
1472,66,female,asian,JP,JP,1,4,sporty,,4,2
1473,32,female,asian,JP,JP,1,5,sporty,,1,1
1474,61,male,asian,JP,JP,3,2,sporty,,1,1
1475,61,male,asian,JP,JP,2,2,sporty,,3,1
1476,65,male,asian,JP,JP,1,5,sporty,,2,1
1477,49,female,asian,JP,JP,2,5,sporty,,5,2
1478,66,female,asian,JP,JP,12,5,sporty,,4,2
1479,55,male,asian,JP,JP,8,2,sporty,,1,1
1480,57,female,asian,JP,JP,1,2,sporty,,5,2
1481,66,male,asian,JP,JP,3,5,sporty,,4,1
1482,49,male,asian,JP,JP,4,2,sporty,,1,1
1483,52,male,asian,JP,JP,8,6,sporty,,1,1
1484,54,female,asian,JP,JP,4,4,sporty,,2,1
1485,64,male,asian,JP,JP,7,6,sporty,,1,1
1486,43,male,asian,JP,JP,12,9,sporty,,5,2
1487,76,female,asian,JP,JP,1,2,sporty,,3,2
1488,51,female,asian,JP,JP,1,2,sporty,,4,1
1489,54,female,asian,JP,JP,1,1,sporty,,5,2
1490,83,male,asian,JP,JP,8,5,sporty,,1,1
1491,57,male,asian,JP,JP,7,5,sporty,,1,1
1492,88,male,asian,JP,JP,3,5,sporty,,2,2
1493,69,female,asian,JP,JP,1,4,sporty,,3,1
1494,64,male,asian,JP,JP,5,7,sporty,,1,1
1495,78,male,white,JP,JP,3,2,sporty,,1,1
1496,66,male,asian,JP,JP,7,5,sporty,,4,1
1497,62,male,asian,JP,JP,9,5,sporty,,2,1
1498,57,female,asian,JP,JP,1,5,sporty,,5,2
1499,62,male,asian,JP,JP,9,5,sporty,,1,1
1500,53,male,asian,JP,JP,4,5,sporty,,5,2
1501,75,male,asian,JP,JP,1,5,sporty,,1,1
1502,42,female,asian,JP,JP,1,5,sporty,,2,1
1503,60,male,asian,JP,JP,2,5,sporty,,1,1
1504,52,female,white,JP,JP,12,3,sporty,,5,2
1505,64,female,asian,JP,JP,1,5,sporty,,2,1
1506,36,male,asian,JP,JP,9,4,sporty,,4,1
1507,65,male,asian,JP,JP,2,2,sporty,,2,1
1508,66,female,asian,JP,JP,2,5,sporty,,5,2
1509,76,male,asian,JP,JP,2,5,sporty,,3,2
1510,53,female,asian,JP,JP,12,2,sporty,,4,1
1511,45,female,asian,JP,JP,1,3,sporty,,5,2
1512,49,female,asian,JP,JP,5,5,sporty,,5,2
1513,71,female,asian,JP,JP,1,4,sporty,,5,2
1514,63,female,asian,JP,JP,4,5,sporty,,5,2
1515,44,female,asian,JP,JP,1,5,sporty,,2,1
1516,73,male,asian,JP,JP,4,2,sporty,,2,1
1517,28,female,asian,JP,JP,4,5,sporty,,5,2
1518,59,male,asian,JP,JP,5,5,sporty,,1,1
1519,41,female,asian,JP,JP,12,2,sporty,,5,2
1520,62,male,asian,JP,JP,6,5,sporty,,1,1
1521,51,female,asian,JP,JP,1,5,sporty,,5,2
1522,57,female,asian,JP,JP,1,2,sporty,,3,1
1523,64,male,asian,JP,JP,7,2,sporty,,1,1
1524,60,male,asian,JP,JP,12,5,sporty,,1,1
1525,74,male,asian,JP,JP,2,2,sporty,,2,1
1526,53,male,asian,JP,JP,1,3,sporty,,1,1
1527,47,female,asian,JP,JP,12,3,sporty,,3,3
1528,54,male,asian,JP,JP,7,5,sporty,,4,1
1529,71,female,asian,JP,JP,1,4,sporty,,2,2
1530,73,male,asian,JP,JP,3,3,sporty,,2,1
1531,29,female,asian,JP,JP,1,2,sporty,,4,2
1532,59,male,asian,JP,JP,3,2,sporty,,2,1
1533,70,male,asian,JP,JP,1,3,sporty,,1,1
1534,59,male,asian,JP,JP,9,5,sporty,,1,1
1535,77,male,asian,JP,JP,1,2,sporty,,5,2
1536,32,male,asian,JP,JP,1,5,sporty,,4,2
1537,33,male,asian,JP,JP,4,5,sporty,,4,2
1538,76,male,asian,JP,JP,1,2,sporty,,1,1
1539,73,male,asian,JP,JP,2,5,sporty,,1,1
1540,52,female,asian,JP,JP,1,2,sporty,,3,1
1541,62,female,asian,JP,JP,2,2,sporty,,5,2
1542,41,female,asian,JP,JP,1,4,sporty,,5,2
1543,33,female,asian,JP,JP,1,5,sporty,,2,2
1544,67,male,asian,JP,JP,2,3,sporty,,5,2
1545,60,male,asian,JP,JP,5,5,sporty,,1,1
1546,76,male,asian,JP,JP,2,2,sporty,,3,1
1547,71,female,asian,JP,JP,4,5,sporty,,2,1
1548,26,male,asian,JP,JP,1,2,sporty,,4,2
1549,49,male,asian,JP,JP,6,5,sporty,,2,1
1550,49,male,asian,JP,JP,1,5,sporty,,1,2
1551,51,male,asian,JP,JP,7,5,sporty,,2,1
1552,67,male,asian,JP,JP,5,6,sporty,,3,1
1553,72,male,asian,JP,JP,3,3,sporty,,2,1
1554,55,male,asian,JP,JP,5,5,sporty,,3,1
1555,55,female,asian,JP,JP,12,4,sporty,,5,2
1556,72,male,asian,JP,JP,3,3,sporty,,2,1
1557,63,male,asian,JP,JP,8,5,sporty,,1,1
1558,56,female,asian,JP,JP,2,4,sporty,,1,1
1559,43,male,asian,JP,JP,2,2,sporty,,1,1
1560,58,female,asian,JP,JP,1,5,sporty,,3,2
1561,49,male,asian,JP,JP,12,2,sporty,,2,1
1562,44,male,asian,JP,JP,3,2,sporty,,4,1
1563,33,female,asian,JP,JP,12,3,sporty,,5,1
1564,57,male,asian,JP,JP,7,5,sporty,,2,1
1565,66,male,asian,JP,JP,5,5,sporty,,2,1
1566,70,male,asian,JP,JP,6,2,sporty,,2,1
1567,74,male,asian,JP,JP,3,5,sporty,,1,1
1568,60,male,asian,JP,JP,12,5,sporty,,2,1
1569,28,male,asian,JP,JP,5,5,sporty,,1,1
1570,61,male,asian,JP,JP,3,5,sporty,,4,2
1571,54,male,asian,JP,JP,9,6,sporty,,1,1
1572,23,female,prefer not to answer,JP,JP,12,3,sporty,,5,2
1573,68,male,asian,JP,JP,12,2,sporty,,2,1
1574,56,male,asian,JP,JP,1,5,sporty,,2,2
1575,51,female,asian,JP,JP,1,5,sporty,,5,2
1576,49,female,asian,JP,JP,1,5,sporty,,5,1
1577,58,female,asian,JP,JP,12,4,sporty,,4,1
1578,72,male,asian,JP,JP,2,2,sporty,,2,1
1579,69,male,asian,JP,JP,2,3,sporty,,2,1
1580,37,male,asian,JP,JP,1,2,sporty,,5,2
1581,37,male,asian,JP,JP,1,3,sporty,,4,2
1582,70,male,asian,JP,JP,2,5,sporty,,2,1
1583,60,male,asian,JP,JP,1,3,sporty,,4,1
1584,43,female,asian,JP,JP,1,4,sporty,,5,2
1585,78,male,asian,JP,JP,2,5,sporty,,3,1
1586,55,female,asian,JP,JP,12,5,sporty,,2,1
1587,39,female,asian,JP,JP,4,5,sporty,,1,1
1588,73,male,asian,JP,JP,2,5,sporty,,3,2
1589,58,male,asian,JP,JP,8,5,sporty,,1,1
1590,68,male,asian,JP,JP,12,5,sporty,,4,1
1591,77,female,asian,JP,JP,1,5,sporty,,3,1
1592,,female,asian,JP,JP,12,5,sporty,,2,1
1593,41,male,asian,JP,JP,4,5,sporty,,1,1
1594,46,female,asian,JP,JP,1,4,sporty,,5,1
1595,60,male,asian,JP,JP,8,5,sporty,,2,1
1596,78,male,asian,JP,JP,12,5,sporty,,2,1
1597,30,male,asian,JP,JP,4,5,sporty,,5,2
1598,49,male,asian,JP,JP,5,3,sporty,,4,1
1599,69,male,asian,JP,JP,6,3,sporty,,2,1
1600,35,male,asian,JP,JP,2,5,sporty,,2,1
1601,56,male,asian,JP,JP,12,2,sporty,,3,1
1602,69,male,asian,JP,JP,12,5,sporty,,4,1
1603,68,female,asian,JP,JP,1,5,sporty,,4,2
1604,34,female,asian,JP,JP,2,5,sporty,,2,2
1605,77,male,asian,JP,JP,2,2,sporty,,4,1
1606,64,male,asian,JP,JP,2,5,sporty,,4,1
1607,73,male,asian,JP,JP,12,5,sporty,,2,1
1608,51,male,other,JP,JP,4,2,sporty,,4,1
1609,64,male,asian,JP,JP,2,2,sporty,,2,1
1610,81,male,asian,JP,JP,2,2,sporty,,2,1
1611,59,female,asian,JP,JP,1,5,sporty,,5,2
1612,50,female,white,JP,JP,12,5,sporty,,4,1
1613,57,male,asian,JP,JP,3,6,sporty,,1,1
1614,49,female,asian,JP,JP,1,2,sporty,,2,1
1615,63,male,asian,JP,JP,4,4,sporty,,3,1
1616,58,male,asian,JP,JP,12,3,sporty,,1,1
1617,37,female,asian,JP,JP,1,5,sporty,,4,2
1618,44,female,asian,JP,JP,1,2,sporty,,1,1
1619,39,female,asian,JP,JP,3,3,sporty,,5,1
1620,44,female,asian,JP,JP,1,4,sporty,,2,1
1621,33,female,asian,JP,JP,1,5,sporty,,4,2
1622,76,female,asian,JP,JP,1,4,sporty,,4,1
1623,49,male,asian,JP,JP,4,1,sporty,,1,1
1624,53,male,asian,JP,JP,5,2,sporty,,1,1
1625,58,female,asian,JP,JP,1,4,sporty,,4,2
1626,66,female,asian,JP,JP,1,2,sporty,,5,2
1627,62,female,asian,JP,JP,1,2,sporty,,3,2
1628,70,female,asian,JP,JP,1,2,sporty,,3,1
1629,77,male,asian,JP,JP,3,5,sporty,,3,1
1630,41,female,asian,JP,JP,1,5,sporty,,5,2
1631,74,male,asian,JP,JP,1,2,sporty,,4,1
1632,71,male,asian,JP,JP,4,5,sporty,,2,1
1633,47,female,asian,JP,JP,1,4,sporty,,5,2
1634,59,male,asian,JP,JP,12,7,sporty,,2,1
1635,58,male,asian,JP,JP,6,2,sporty,,2,1
1636,59,male,asian,JP,JP,3,2,sporty,,1,1
1637,59,male,asian,JP,JP,1,5,sporty,,1,1
1638,52,female,asian,JP,JP,4,5,sporty,,5,1
1639,59,female,asian,JP,JP,2,5,sporty,,4,1
1640,40,male,asian,JP,JP,1,5,sporty,,4,2
1641,37,female,asian,JP,JP,2,2,sporty,,3,1
1642,62,male,asian,JP,JP,5,5,sporty,,1,1
1643,42,male,asian,JP,JP,5,2,sporty,,1,2
1644,69,male,asian,JP,JP,8,5,sporty,,1,1
1645,53,male,asian,JP,JP,1,2,sporty,,5,2
1646,49,male,asian,JP,JP,7,5,sporty,,3,1
1647,44,female,asian,JP,JP,1,2,sporty,,2,1
1648,67,male,asian,JP,JP,1,5,sporty,,1,1
1649,36,female,white,JP,JP,1,2,sporty,,1,1
1650,22,female,asian,JP,JP,12,5,sporty,,5,2
1651,35,female,asian,JP,JP,8,5,sporty,,5,2
1652,64,female,asian,JP,JP,12,2,sporty,,3,1
1653,31,male,asian,JP,JP,6,5,sporty,,5,2
1654,44,male,asian,JP,JP,6,5,sporty,,5,1
1655,68,female,asian,JP,JP,4,3,sporty,,4,2
1656,55,female,asian,JP,JP,1,2,sporty,,3,1
1657,,prefer not to answer,asian,JP,JP,12,9,sporty,,3,2
1658,50,male,asian,JP,JP,5,2,sporty,,3,1
1659,58,female,asian,JP,JP,4,2,sporty,,1,1
1660,64,female,asian,JP,JP,1,2,sporty,,4,2
1661,36,female,asian,JP,JP,1,5,sporty,,2,1
1662,60,female,asian,JP,JP,1,2,sporty,,4,2
1663,43,male,asian,JP,JP,3,3,sporty,,2,1
1664,58,female,asian,JP,JP,12,9,sporty,,4,2
1665,63,male,asian,JP,JP,1,2,sporty,,1,1
1666,36,male,asian,JP,JP,5,5,sporty,,2,1
1667,55,male,asian,JP,JP,9,5,sporty,,1,1
1668,42,female,asian,JP,JP,2,2,sporty,,4,1
1669,52,male,asian,JP,JP,4,5,sporty,,5,2
1670,52,female,asian,JP,JP,1,1,sporty,,3,1
1671,59,male,asian,JP,JP,8,5,sporty,,3,1
1672,60,male,asian,JP,JP,4,5,sporty,,4,1
1673,79,female,asian,JP,JP,12,2,sporty,,3,1
1674,56,male,asian,JP,JP,3,5,sporty,,4,2
1675,63,female,asian,JP,JP,1,5,sporty,,2,1
1676,33,female,asian,JP,JP,3,4,sporty,,1,1
1677,50,female,asian,JP,JP,2,1,sporty,,5,2
1678,53,male,asian,JP,JP,5,5,sporty,,1,1
1679,63,male,asian,JP,JP,5,5,sporty,,1,1
1680,74,female,asian,JP,JP,1,2,sporty,,5,2
1681,53,male,other,JP,JP,1,5,sporty,,1,1
1682,41,male,asian,JP,JP,1,2,sporty,,5,2
1683,51,male,asian,JP,JP,1,5,sporty,,4,2
1684,49,male,asian,JP,JP,1,2,sporty,,4,2
1685,69,female,asian,JP,JP,1,5,sporty,,3,1
1686,66,female,asian,JP,JP,12,4,sporty,,3,1
1687,39,male,asian,JP,JP,5,4,sporty,,2,2
1688,64,female,asian,JP,JP,1,5,sporty,,5,2
1689,35,female,asian,JP,JP,3,5,sporty,,5,2
1690,47,male,asian,JP,JP,12,5,sporty,,2,1
1691,53,male,asian,JP,JP,4,5,sporty,,2,1
1692,66,female,asian,JP,JP,4,3,sporty,,3,2
1693,55,male,asian,JP,JP,1,2,sporty,,1,1
1694,28,male,asian,JP,JP,2,1,sporty,,1,1
1695,39,female,asian,JP,JP,1,1,sporty,,5,2
1696,64,male,asian,JP,JP,12,2,sporty,,2,1
1697,69,female,asian,JP,JP,2,5,sporty,,4,1
1698,59,female,asian,JP,JP,1,3,sporty,,3,1
1699,66,male,asian,JP,JP,2,5,sporty,,2,1
1700,56,male,asian,JP,JP,7,5,sporty,,1,1
1701,42,male,asian,JP,JP,1,2,sporty,,2,1
1702,40,female,asian,JP,JP,3,4,sporty,,1,1
1703,48,male,asian,JP,JP,5,5,sporty,,2,2
1704,75,male,asian,JP,JP,4,5,sporty,,1,1
1705,53,male,asian,JP,JP,3,2,sporty,,4,1
1706,65,male,asian,JP,JP,12,5,sporty,,3,1
1707,45,female,asian,JP,JP,1,4,sporty,,5,2
1708,57,male,asian,JP,JP,9,5,sporty,,1,1
1709,37,female,asian,JP,JP,2,2,sporty,,1,1
1710,32,male,asian,JP,JP,5,5,sporty,,2,1
1711,50,male,asian,JP,JP,6,5,sporty,,1,1
1712,40,female,asian,JP,JP,4,2,sporty,,2,1
1713,46,male,asian,JP,JP,5,2,sporty,,5,2
1714,54,male,asian,JP,JP,1,1,sporty,,3,1
1715,67,male,asian,JP,JP,12,5,sporty,,1,1
1716,45,male,asian,JP,JP,8,5,sporty,,1,1
1717,54,male,asian,JP,JP,2,2,sporty,,5,2
1718,,male,asian,JP,JP,12,2,sporty,,2,1
1719,47,male,asian,JP,JP,5,2,sporty,,1,1
1720,72,male,asian,JP,JP,3,5,sporty,,2,1
1721,75,male,asian,JP,JP,2,5,sporty,,3,1
1722,63,male,asian,JP,JP,6,2,sporty,,5,2
1723,63,male,asian,JP,JP,3,5,sporty,,2,1
1724,57,male,asian,JP,JP,8,6,sporty,,2,1
1725,70,female,asian,JP,JP,2,5,sporty,,4,2
1726,72,male,asian,JP,JP,3,6,sporty,,4,2
1727,65,female,asian,JP,JP,1,4,sporty,,2,2
1728,59,male,asian,JP,JP,5,2,sporty,,1,1
1729,72,male,asian,JP,JP,2,5,sporty,,2,1
1730,37,female,asian,JP,JP,1,5,sporty,,5,2
1731,38,male,asian,JP,JP,6,5,sporty,,2,1
1732,45,female,asian,JP,JP,12,5,sporty,,5,1
1733,48,male,asian,JP,JP,8,5,sporty,,1,1
1734,58,female,asian,JP,JP,1,2,sporty,,2,2
1735,68,male,asian,JP,JP,2,2,sporty,,3,1
1736,30,male,asian,JP,JP,1,3,sporty,,5,2
1737,71,male,asian,JP,JP,2,5,sporty,,2,1
1738,49,male,white,JP,JP,4,3,sporty,,2,1
1739,48,male,asian,JP,JP,8,5,sporty,,2,1
1740,62,female,asian,JP,JP,12,4,sporty,,5,2
1741,49,male,asian,JP,JP,4,5,sporty,,2,1
1742,47,male,asian,JP,JP,6,5,sporty,,5,2
1743,49,female,asian,JP,JP,1,5,sporty,,3,2
1744,51,male,asian,JP,JP,1,5,sporty,,5,2
1745,36,male,asian,JP,JP,6,6,sporty,,3,2
1746,71,male,asian,JP,JP,1,5,sporty,,5,2
1747,61,male,asian,JP,JP,9,5,sporty,,1,1
1748,59,female,asian,JP,JP,1,4,sporty,,5,2
1749,36,female,asian,JP,JP,1,5,sporty,,2,1
1750,60,male,asian,JP,JP,4,6,sporty,,4,2
1751,69,male,asian,JP,JP,4,2,sporty,,2,1
1752,28,female,asian,JP,JP,5,5,sporty,,5,2
1753,51,female,asian,JP,JP,1,4,sporty,,1,1
1754,,male,asian,JP,JP,7,5,sporty,,3,1
1755,40,female,asian,JP,JP,2,5,sporty,,1,1
1756,,female,asian,JP,JP,12,2,sporty,,3,1
1757,52,male,asian,JP,JP,2,5,sporty,,4,2
1758,60,male,asian,JP,JP,3,5,sporty,,3,1
1759,48,male,asian,JP,JP,4,5,sporty,,4,2
1760,51,male,asian,JP,JP,6,5,sporty,,4,1
1761,58,female,asian,JP,JP,12,2,sporty,,4,1
1762,94,male,asian,JP,JP,7,1,sporty,,4,2
1763,50,male,asian,JP,JP,5,3,sporty,,3,1
1764,69,female,asian,JP,JP,1,5,sporty,,2,1
1765,42,female,asian,JP,JP,1,5,sporty,,1,1
1766,38,female,asian,JP,JP,1,5,sporty,,1,1
1767,60,female,asian,JP,JP,1,4,sporty,,4,2
1768,27,female,asian,JP,JP,1,5,sporty,,4,1
1769,74,male,asian,JP,JP,2,2,sporty,,3,1
1770,54,male,asian,JP,JP,5,3,sporty,,3,1
1771,41,male,asian,JP,JP,7,6,sporty,,5,2
1772,70,male,asian,JP,JP,4,5,sporty,,1,1
1773,69,male,asian,JP,JP,6,5,sporty,,1,1
1774,59,female,asian,JP,JP,12,3,sporty,,2,2
1775,63,female,asian,JP,JP,1,2,sporty,,4,2
1776,52,male,asian,JP,JP,8,5,sporty,,2,1
1777,37,male,asian,JP,JP,6,5,sporty,,1,1
1778,37,male,asian,JP,JP,8,6,sporty,,2,1
1779,53,female,asian,JP,JP,3,2,sporty,,5,2
1780,72,female,asian,JP,JP,1,5,sporty,,5,2
1781,52,male,asian,JP,JP,4,5,sporty,,2,1
1782,49,male,asian,JP,JP,2,3,sporty,,2,1
1783,54,female,asian,JP,JP,1,2,sporty,,4,1
1784,40,female,asian,JP,JP,1,4,sporty,,2,1
1785,57,male,asian,JP,JP,4,5,sporty,,5,1
1786,55,male,asian,JP,JP,2,5,sporty,,4,2
1787,59,female,asian,JP,JP,5,5,sporty,,5,2
1788,53,male,asian,JP,JP,4,5,sporty,,2,1
1789,61,female,asian,JP,JP,1,5,sporty,,4,1
1790,38,female,asian,JP,JP,9,5,sporty,,5,2
1791,42,female,asian,JP,JP,4,5,sporty,,5,1
1792,64,male,asian,JP,JP,4,5,sporty,,2,1
1793,63,female,asian,JP,JP,5,2,sporty,,4,1
1794,56,male,asian,JP,JP,12,5,sporty,,2,1
1795,54,female,asian,JP,JP,1,4,sporty,,5,2
1796,53,female,asian,JP,JP,8,3,sporty,,2,1
1797,44,male,asian,JP,JP,8,5,sporty,,1,1
1798,60,female,asian,JP,JP,2,2,sporty,,4,2
1799,28,female,white,JP,JP,3,5,sporty,,3,1
1800,64,male,asian,JP,JP,12,3,sporty,,2,2
1801,48,female,asian,JP,JP,3,4,sporty,,5,2
1802,61,female,asian,JP,JP,4,5,sporty,,4,2
1803,49,male,asian,JP,JP,1,2,sporty,,5,1
1804,,male,asian,JP,JP,8,5,sporty,,1,2
1805,39,female,asian,JP,JP,2,5,sporty,,2,1
1806,62,male,asian,JP,JP,6,2,sporty,,1,1
1807,37,male,asian,JP,JP,4,3,sporty,,5,2
1808,44,male,asian,JP,JP,4,3,sporty,,2,2
1809,68,male,asian,JP,JP,2,4,sporty,,2,1
1810,46,male,asian,JP,JP,8,5,sporty,,3,2
1811,69,male,asian,JP,JP,4,5,sporty,,3,2
1812,68,male,asian,JP,JP,2,2,sporty,,5,2
1813,52,male,asian,JP,JP,6,3,sporty,,1,1
1814,63,male,asian,JP,JP,3,5,sporty,,5,2
1815,29,male,asian,JP,JP,4,5,sporty,,4,2
1816,34,female,asian,JP,JP,1,5,sporty,,5,2
1817,51,female,asian,JP,JP,2,4,sporty,,4,2
1818,55,male,asian,JP,JP,9,6,sporty,,1,1
1819,74,male,asian,JP,JP,4,2,sporty,,1,1
1820,63,male,asian,JP,JP,3,5,sporty,,1,1
1821,44,female,asian,JP,JP,12,5,sporty,,5,2
1822,31,male,asian,JP,JP,3,5,sporty,,5,2
1823,61,female,asian,JP,JP,1,2,sporty,,4,2
1824,61,male,asian,JP,JP,8,5,sporty,,2,1
1825,58,male,asian,JP,JP,8,5,sporty,,1,1
1826,,female,asian,JP,JP,12,4,sporty,,5,2
1827,44,female,asian,JP,JP,6,2,sporty,,5,2
1828,35,female,asian,JP,JP,1,2,sporty,,5,2
1829,40,male,asian,JP,JP,1,5,sporty,,5,2
1830,50,male,asian,JP,JP,7,5,sporty,,3,1
1831,59,male,asian,JP,JP,2,2,sporty,,3,1
1832,30,female,asian,JP,JP,3,5,sporty,,2,1
1833,44,female,asian,JP,JP,1,3,sporty,,5,1
1834,40,female,asian,JP,JP,5,5,sporty,,4,2
1835,37,female,asian,JP,JP,1,2,sporty,,1,2
1836,27,male,white,JP,JP,12,5,sporty,,3,2
1837,63,male,asian,JP,JP,12,2,sporty,,3,1
1838,68,male,asian,JP,JP,4,3,sporty,,3,1
1839,49,female,asian,JP,JP,12,5,sporty,,4,1
1840,74,female,asian,JP,JP,1,2,sporty,,3,2
1841,52,male,other,JP,JP,4,7,sporty,,4,2
1842,52,male,asian,JP,JP,12,5,sporty,,2,1
1843,49,female,asian,JP,JP,4,5,sporty,,5,2
1844,37,female,asian,JP,JP,1,2,sporty,,3,1
1845,53,female,asian,JP,JP,1,5,sporty,,3,1
1846,60,female,asian,JP,JP,2,3,sporty,,3,2
1847,62,male,asian,JP,JP,3,5,sporty,,1,1
1848,64,male,asian,JP,JP,9,6,sporty,,3,1
1849,57,male,asian,JP,JP,1,5,sporty,,1,1
1850,41,female,asian,JP,JP,5,5,sporty,,5,2
1851,41,male,asian,JP,JP,1,2,sporty,,4,1
1852,70,male,white,JP,JP,5,5,sporty,,2,1
1853,60,male,asian,JP,JP,4,4,sporty,,2,1
1854,60,male,asian,JP,JP,6,5,sporty,,2,1
1855,73,male,asian,JP,JP,4,5,sporty,,2,1
1856,41,male,asian,JP,JP,8,2,sporty,,3,1
1857,60,male,asian,JP,JP,2,5,sporty,,2,1
1858,44,female,asian,JP,JP,12,2,sporty,,4,2
1859,68,male,asian,JP,JP,3,5,sporty,,2,1
1860,51,male,asian,JP,JP,6,5,sporty,,5,1
1861,56,male,asian,JP,JP,4,5,sporty,,2,1
1862,56,male,asian,JP,JP,5,3,sporty,,2,1
1863,51,male,asian,JP,JP,6,2,sporty,,1,1
1864,60,male,asian,JP,JP,4,5,sporty,,2,1
1865,,female,asian,JP,JP,12,5,sporty,,4,1
1866,38,male,asian,JP,JP,12,3,sporty,,4,1
1867,68,male,asian,JP,JP,4,5,sporty,,2,2
1868,67,female,asian,JP,JP,3,5,sporty,,3,1
1869,74,male,asian,JP,JP,3,3,sporty,,2,1
1870,37,male,asian,JP,JP,3,2,sporty,,2,1
1871,75,female,asian,JP,JP,1,2,sporty,,4,2
1872,77,male,asian,JP,JP,12,2,sporty,,3,2
1873,62,female,asian,JP,JP,12,5,sporty,,5,2
1874,60,male,asian,JP,JP,4,2,sporty,,2,1
1875,80,male,asian,JP,JP,3,2,sporty,,1,1
1876,64,female,asian,JP,JP,12,5,sporty,,5,2
1877,66,male,asian,JP,JP,1,5,sporty,,5,2
1878,53,male,asian,JP,JP,9,5,sporty,,2,2
1879,35,female,asian,JP,JP,8,5,sporty,,3,2
1880,47,female,asian,JP,JP,12,4,sporty,,5,1
1881,66,male,asian,JP,JP,2,3,sporty,,2,1
1882,35,female,asian,JP,JP,2,5,sporty,,5,2
1883,75,male,asian,JP,JP,4,5,sporty,,1,1
1884,56,male,asian,JP,JP,8,5,sporty,,3,2
1885,54,male,asian,JP,JP,9,5,sporty,,2,1
1886,38,female,asian,JP,JP,3,3,sporty,,5,2
1887,52,male,asian,JP,JP,5,5,sporty,,2,1
1888,44,female,asian,JP,JP,3,3,sporty,,2,1
1889,51,male,asian,JP,JP,2,2,sporty,,3,1
1890,59,male,asian,JP,JP,4,5,sporty,,3,1
1891,35,male,asian,JP,JP,1,2,sporty,,5,2
1892,52,male,asian,JP,JP,8,6,sporty,,1,1
1893,53,male,asian,JP,JP,6,5,sporty,,1,1
1894,57,male,asian,JP,JP,6,5,sporty,,2,1
1895,45,female,asian,JP,JP,3,4,sporty,,4,2
1896,68,male,asian,JP,JP,2,5,sporty,,2,1
1897,54,male,asian,JP,JP,3,5,sporty,,4,1
1898,56,female,asian,JP,JP,1,3,sporty,,2,1
1899,54,female,asian,JP,JP,2,3,sporty,,2,1
1900,70,male,asian,JP,JP,1,2,sporty,,2,1
1901,64,female,asian,JP,JP,1,5,sporty,,5,2
1902,66,male,asian,JP,JP,3,5,sporty,,2,1
1903,33,female,asian,JP,JP,4,2,sporty,,1,1
1904,72,male,asian,JP,JP,5,2,sporty,,2,1
1905,51,male,asian,JP,JP,9,5,sporty,,1,1
1906,69,male,asian,JP,JP,1,2,sporty,,2,1
1907,54,male,asian,JP,JP,1,5,sporty,,1,1
1908,50,male,asian,JP,JP,6,5,sporty,,3,1
1909,66,male,asian,JP,JP,2,5,sporty,,2,1
1910,36,male,asian,JP,JP,3,5,sporty,,1,1
1911,55,male,asian,JP,JP,8,5,sporty,,1,1
1912,52,female,white,JP,JP,3,2,sporty,,2,1
1913,68,female,asian,JP,JP,1,3,sporty,,4,2
1914,38,female,asian,JP,JP,1,2,sporty,,3,1
1915,70,male,asian,JP,JP,1,5,sporty,,2,1
1916,70,female,asian,JP,JP,1,2,sporty,,4,1
1917,57,female,asian,JP,JP,3,4,sporty,,5,2
1918,66,male,asian,JP,JP,3,5,sporty,,2,1
1919,65,female,asian,JP,JP,1,4,sporty,,3,2
1920,32,male,asian,JP,JP,1,5,sporty,,2,2
1921,44,female,asian,JP,JP,3,3,sporty,,3,1
1922,62,male,asian,JP,JP,1,5,sporty,,2,1
1923,49,male,asian,JP,JP,4,5,sporty,,3,1
1924,30,female,asian,JP,JP,5,5,sporty,,2,1
1925,38,female,asian,JP,JP,1,5,sporty,,5,2
1926,69,female,asian,JP,JP,1,4,sporty,,4,1
1927,74,male,asian,JP,JP,2,3,sporty,,2,1
1928,78,male,asian,JP,JP,2,5,sporty,,2,1
1929,51,male,asian,JP,JP,12,5,sporty,,3,1
1930,59,female,asian,JP,JP,1,2,sporty,,3,1
1931,46,female,asian,JP,JP,1,5,sporty,,3,1
1932,36,female,asian,JP,JP,6,5,sporty,,1,1
1933,57,female,asian,JP,JP,1,5,sporty,,5,2
1934,30,female,asian,JP,JP,1,5,sporty,,4,2
1935,52,male,asian,JP,JP,9,5,sporty,,3,1
1936,59,male,asian,JP,JP,7,2,sporty,,2,1
1937,43,male,asian,JP,JP,6,3,sporty,,3,1
1938,46,female,asian,JP,JP,4,5,sporty,,5,2
1939,41,female,asian,JP,JP,4,3,sporty,,1,2
1940,56,female,asian,JP,JP,1,3,sporty,,4,2
1941,31,male,asian,JP,JP,4,5,sporty,,1,1
1942,35,female,asian,JP,JP,4,6,sporty,,1,1
1943,22,female,asian,JP,JP,9,5,sporty,,1,1
1944,55,female,asian,JP,JP,12,3,sporty,,2,2
1945,52,male,asian,JP,JP,4,3,sporty,,5,1
1946,59,female,asian,JP,JP,3,8,sporty,,3,1
1947,65,male,asian,JP,JP,12,6,sporty,,2,1
1948,59,female,asian,JP,JP,8,5,sporty,,3,2
1949,66,male,asian,JP,JP,4,5,sporty,,2,1
1950,44,female,asian,JP,JP,2,6,sporty,,2,2
1951,61,female,asian,JP,JP,12,4,sporty,,4,1
1952,61,female,asian,JP,JP,1,4,sporty,,5,2
1953,82,female,asian,JP,JP,1,5,sporty,,4,1
1954,46,female,asian,JP,JP,1,5,sporty,,4,2
1955,35,male,asian,JP,JP,9,6,sporty,,3,2
1956,31,male,asian,JP,JP,3,3,sporty,,2,1
1957,56,male,asian,JP,JP,2,3,sporty,,4,2
1958,61,male,asian,JP,JP,3,2,sporty,,4,2
1959,62,male,asian,JP,JP,4,5,sporty,,4,1
1960,68,female,asian,JP,JP,1,4,sporty,,2,1
1961,74,female,asian,JP,JP,1,4,sporty,,4,2
1962,75,male,asian,JP,JP,3,6,sporty,,3,1
1963,40,female,asian,JP,JP,12,5,sporty,,5,2
1964,45,female,asian,JP,JP,5,5,sporty,,3,1
1965,36,female,asian,JP,JP,5,5,sporty,,2,1
1966,33,female,asian,JP,JP,1,5,sporty,,3,2
1967,42,male,asian,JP,JP,7,5,sporty,,2,1
1968,67,male,asian,JP,JP,1,2,sporty,,2,1
1969,59,male,asian,JP,JP,10,5,sporty,,1,1
1970,46,male,asian,JP,JP,4,5,sporty,,1,1
1971,51,female,asian,JP,JP,5,5,sporty,,2,1
1972,52,male,asian,JP,JP,4,5,sporty,,2,2
1973,74,male,asian,JP,JP,3,5,sporty,,2,1
1974,65,male,asian,JP,JP,3,5,sporty,,2,1
1975,64,female,asian,JP,JP,12,5,sporty,,2,1
1976,48,female,asian,JP,JP,12,5,sporty,,5,2
1977,59,male,asian,JP,JP,5,2,sporty,,3,1
1978,51,female,asian,JP,JP,1,5,sporty,,4,2
1979,61,female,asian,JP,JP,1,2,sporty,,5,1
1980,56,male,asian,JP,JP,8,2,sporty,,1,1
1981,55,female,asian,JP,JP,1,5,sporty,,2,1
1982,57,female,asian,JP,JP,3,3,sporty,,2,1
1983,47,female,asian,JP,JP,4,2,sporty,,1,1
1984,66,male,asian,JP,JP,9,3,sporty,,1,1
1985,60,male,asian,JP,JP,7,3,sporty,,2,1
1986,45,female,asian,JP,JP,2,6,sporty,,1,1
1987,46,female,asian,JP,JP,1,5,sporty,,5,2
1988,64,male,other,JP,JP,1,2,sporty,,4,1
1989,35,female,asian,JP,JP,5,5,sporty,,4,1
1990,55,female,asian,JP,JP,1,5,sporty,,5,2
1991,46,female,asian,JP,JP,12,5,sporty,,2,1
1992,55,female,asian,JP,JP,12,5,sporty,,2,1
1993,61,female,asian,JP,JP,1,5,sporty,,5,2
1994,40,female,asian,JP,JP,1,5,sporty,,2,1
1995,46,female,prefer not to answer,JP,JP,1,2,sporty,,5,2
1996,60,female,asian,JP,JP,3,5,sporty,,2,2
1997,45,male,asian,JP,JP,7,6,sporty,,2,1
1998,35,male,asian,JP,JP,1,1,sporty,,5,2
1999,74,female,asian,JP,JP,1,2,sporty,,1,1
2000,70,male,asian,JP,JP,4,5,sleek,,2,1
2001,31,male,asian,JP,JP,3,6,sleek,,2,1
2002,59,female,asian,JP,JP,1,5,sleek,,4,2
2003,58,female,asian,JP,JP,1,4,sleek,,4,2
2004,62,male,asian,JP,JP,8,5,sleek,,2,1
2005,68,female,asian,JP,JP,5,4,sleek,,5,2
2006,71,female,asian,JP,JP,12,5,sleek,,2,1
2007,57,female,asian,JP,JP,12,2,sleek,,4,2
2008,75,male,asian,JP,JP,12,5,sleek,,3,1
2009,59,male,asian,JP,JP,2,2,sleek,,3,1
2010,33,female,asian,JP,JP,3,5,sleek,,3,2
2011,81,male,asian,JP,JP,1,5,sleek,,3,1
2012,63,male,asian,JP,JP,12,5,sleek,,5,2
2013,52,female,asian,JP,JP,1,2,sleek,,4,2
2014,56,female,asian,JP,JP,1,4,sleek,,2,1
2015,57,male,asian,JP,JP,7,5,sleek,,1,1
2016,56,female,asian,JP,JP,1,3,sleek,,5,2
2017,40,female,asian,JP,JP,3,4,sleek,,2,1
2018,73,male,asian,JP,JP,1,2,sleek,,2,1
2019,74,female,asian,JP,JP,1,4,sleek,,1,1
2020,58,female,asian,JP,JP,1,2,sleek,,2,1
2021,41,female,asian,JP,JP,3,5,sleek,,5,2
2022,44,male,asian,JP,JP,12,4,sleek,,3,3
2023,38,female,asian,JP,JP,1,4,sleek,,2,1
2024,67,male,asian,JP,JP,10,5,sleek,,1,1
2025,69,female,asian,JP,JP,3,5,sleek,,4,2
2026,39,male,asian,JP,JP,4,5,sleek,,5,2
2027,72,male,asian,JP,JP,1,5,sleek,,4,1
2028,59,male,asian,JP,JP,6,2,sleek,,1,1
2029,41,female,asian,JP,JP,8,4,sleek,,2,1
2030,59,male,asian,JP,JP,4,2,sleek,,3,1
2031,40,male,asian,JP,JP,3,2,sleek,,3,2
2032,49,female,asian,JP,JP,12,6,sleek,,5,2
2033,37,male,asian,JP,JP,7,5,sleek,,2,1
2034,53,female,asian,JP,JP,1,3,sleek,,4,2
2035,52,male,asian,JP,JP,12,2,sleek,,5,2
2036,56,female,asian,JP,JP,2,3,sleek,,1,2
2037,59,female,asian,JP,JP,1,5,sleek,,2,1
2038,84,male,other,JP,JP,2,2,sleek,,2,1
2039,63,female,asian,JP,JP,2,5,sleek,,3,1
2040,54,female,asian,JP,JP,1,2,sleek,,2,1
2041,34,female,asian,JP,JP,4,5,sleek,,2,1
2042,60,female,asian,JP,JP,12,5,sleek,,5,2
2043,50,female,asian,JP,JP,1,2,sleek,,4,2
2044,41,male,asian,JP,JP,4,5,sleek,,2,2
2045,51,female,asian,JP,JP,12,2,sleek,,2,2
2046,33,female,asian,JP,JP,12,5,sleek,,5,3
2047,49,male,asian,JP,JP,4,1,sleek,,4,1
2048,60,male,asian,JP,JP,2,2,sleek,,4,1
2049,64,male,asian,JP,JP,6,3,sleek,,2,1
2050,34,male,asian,JP,JP,3,2,sleek,,2,1
2051,70,male,asian,JP,JP,2,5,sleek,,2,1
2052,46,female,asian,JP,JP,1,5,sleek,,5,2
2053,73,female,asian,JP,JP,4,2,sleek,,4,2
2054,54,male,asian,JP,JP,4,5,sleek,,1,1
2055,32,male,asian,JP,JP,4,5,sleek,,4,2
2056,29,male,asian,JP,JP,1,5,sleek,,5,2
2057,72,male,asian,JP,JP,2,5,sleek,,1,1
2058,56,female,white,JP,JP,1,5,sleek,,1,1
2059,49,female,asian,JP,JP,2,5,sleek,,5,2
2060,40,male,asian,JP,JP,3,2,sleek,,2,1
2061,73,male,asian,JP,JP,4,5,sleek,,2,1
2062,25,female,asian,JP,JP,12,2,sleek,,3,2
2063,55,female,asian,JP,JP,1,4,sleek,,5,2
2064,43,male,asian,JP,JP,5,5,sleek,,2,1
2065,51,male,asian,JP,JP,8,5,sleek,,4,2
2066,35,female,asian,JP,JP,5,5,sleek,,4,1
2067,74,female,asian,JP,JP,1,3,sleek,,2,1
2068,61,male,asian,JP,JP,4,5,sleek,,2,2
2069,39,female,asian,JP,JP,5,4,sleek,,2,2
2070,66,female,asian,JP,JP,1,4,sleek,,2,2
2071,75,male,asian,JP,JP,2,6,sleek,,2,1
2072,27,female,asian,JP,JP,3,5,sleek,,3,2
2073,51,male,asian,JP,JP,6,4,sleek,,3,1
2074,60,male,asian,JP,JP,3,5,sleek,,3,1
2075,62,male,asian,JP,JP,1,5,sleek,,4,1
2076,48,female,asian,JP,JP,12,4,sleek,,5,2
2077,57,female,asian,JP,JP,1,5,sleek,,5,2
2078,50,female,asian,JP,JP,1,5,sleek,,2,1
2079,62,male,asian,JP,JP,6,5,sleek,,1,1
2080,38,female,asian,JP,JP,5,5,sleek,,5,2
2081,36,male,white,JP,JP,8,5,sleek,,2,2
2082,67,male,asian,JP,JP,3,5,sleek,,2,1
2083,57,female,asian,JP,JP,1,4,sleek,,3,1
2084,46,female,asian,JP,JP,3,5,sleek,,3,2
2085,36,female,asian,JP,JP,2,5,sleek,,5,2
2086,35,male,asian,JP,JP,4,2,sleek,,2,1
2087,62,male,asian,JP,JP,9,5,sleek,,1,1
2088,46,female,asian,JP,JP,7,5,sleek,,5,2
2089,57,female,asian,JP,JP,2,2,sleek,,2,1
2090,53,male,asian,JP,JP,7,6,sleek,,2,1
2091,40,female,asian,JP,JP,1,5,sleek,,5,2
2092,62,male,asian,JP,JP,3,5,sleek,,4,1
2093,75,male,asian,JP,JP,2,5,sleek,,2,1
2094,54,female,asian,JP,JP,1,6,sleek,,2,1
2095,59,female,asian,JP,JP,1,5,sleek,,2,1
2096,44,male,asian,JP,JP,9,5,sleek,,1,1
2097,36,male,asian,JP,JP,9,5,sleek,,2,2
2098,50,male,asian,JP,JP,12,7,sleek,,5,2
2099,46,male,asian,JP,JP,1,2,sleek,,5,2
2100,67,male,asian,JP,JP,7,5,sleek,,2,1
2101,58,male,asian,JP,JP,7,5,sleek,,1,1
2102,36,female,asian,JP,JP,9,5,sleek,,1,1
2103,,male,asian,JP,JP,5,2,sleek,,3,1
2104,69,male,asian,JP,JP,1,2,sleek,,2,1
2105,52,female,asian,JP,JP,1,4,sleek,,3,2
2106,45,female,asian,JP,JP,1,5,sleek,,4,1
2107,48,male,asian,JP,JP,12,3,sleek,,3,1
2108,,other,asian,JP,JP,4,5,sleek,,5,2
2109,30,female,asian,JP,JP,12,2,sleek,,1,2
2110,69,male,asian,JP,JP,2,5,sleek,,4,1
2111,66,male,asian,JP,JP,1,5,sleek,,2,1
2112,43,male,asian,JP,JP,6,5,sleek,,2,2
2113,48,male,asian,JP,JP,5,3,sleek,,2,1
2114,35,female,asian,JP,JP,4,3,sleek,,2,1
2115,74,male,asian,JP,JP,12,2,sleek,,2,1
2116,49,female,asian,JP,JP,3,5,sleek,,3,2
2117,54,female,asian,JP,JP,4,5,sleek,,2,2
2118,74,male,asian,JP,JP,2,5,sleek,,2,1
2119,47,female,asian,JP,JP,2,5,sleek,,2,1
2120,35,female,asian,JP,JP,1,2,sleek,,4,2
2121,39,female,asian,JP,JP,12,4,sleek,,5,2
2122,39,male,asian,JP,JP,4,5,sleek,,3,1
2123,42,female,asian,JP,JP,1,5,sleek,,5,2
2124,44,male,asian,JP,JP,12,6,sleek,,5,2
2125,32,female,asian,JP,JP,1,3,sleek,,5,2
2126,56,male,asian,JP,JP,12,3,sleek,,2,1
2127,30,male,asian,JP,JP,4,6,sleek,,5,2
2128,31,female,asian,JP,JP,4,5,sleek,,2,1
2129,,female,prefer not to answer,prefer not to answer,prefer not to answer,12,9,sleek,,5,3
2130,57,male,asian,JP,JP,9,5,sleek,,2,1
2131,41,female,asian,JP,JP,2,5,sleek,,1,1
2132,35,male,asian,JP,JP,4,1,sleek,,3,2
2133,35,female,asian,JP,JP,3,3,sleek,,2,1
2134,48,female,asian,JP,JP,1,5,sleek,,2,1
2135,62,male,asian,JP,JP,4,5,sleek,,2,1
2136,78,male,asian,JP,JP,2,5,sleek,,5,1
2137,57,male,asian,JP,JP,5,2,sleek,,1,1
2138,49,male,asian,JP,JP,4,2,sleek,,3,2
2139,53,male,asian,JP,JP,7,2,sleek,,1,1
2140,51,female,asian,JP,JP,12,1,sleek,,2,1
2141,70,male,asian,JP,JP,4,5,sleek,,3,1
2142,56,female,asian,JP,JP,1,5,sleek,,5,2
2143,47,female,asian,JP,JP,5,4,sleek,,5,2
2144,71,female,asian,JP,JP,12,2,sleek,,4,2
2145,70,male,asian,JP,JP,1,5,sleek,,5,2
2146,72,male,asian,JP,JP,1,5,sleek,,3,1
2147,62,female,asian,JP,JP,3,5,sleek,,4,2
2148,38,male,asian,JP,JP,3,6,sleek,,1,1
2149,52,male,asian,JP,JP,2,3,sleek,,1,1
2150,41,male,asian,JP,JP,1,2,sleek,,5,2
2151,60,male,asian,JP,JP,1,5,sleek,,3,1
2152,45,female,asian,JP,JP,5,6,sleek,,1,1
2153,57,male,asian,JP,JP,3,3,sleek,,1,1
2154,32,male,asian,JP,JP,7,5,sleek,,1,2
2155,56,male,asian,JP,JP,5,5,sleek,,3,1
2156,30,female,asian,JP,JP,4,2,sleek,,2,1
2157,34,female,asian,JP,JP,1,2,sleek,,5,2
2158,55,male,asian,JP,JP,2,6,sleek,,3,2
2159,38,female,white,JP,JP,4,5,sleek,,1,1
2160,38,female,asian,JP,JP,1,5,sleek,,3,2
2161,41,female,asian,JP,JP,7,5,sleek,,4,1
2162,59,female,asian,JP,JP,4,2,sleek,,5,2
2163,32,female,asian,JP,JP,4,5,sleek,,4,2
2164,62,male,asian,JP,JP,8,2,sleek,,3,1
2165,65,male,asian,JP,JP,1,5,sleek,,5,2
2166,63,male,asian,JP,JP,8,5,sleek,,5,2
2167,36,male,asian,JP,JP,6,5,sleek,,3,2
2168,82,male,asian,JP,JP,9,5,sleek,,2,1
2169,56,male,asian,JP,JP,1,5,sleek,,3,1
2170,55,female,asian,JP,JP,12,2,sleek,,4,2
2171,60,male,asian,JP,JP,1,3,sleek,,4,2
2172,52,female,asian,JP,JP,1,2,sleek,,5,1
2173,61,female,asian,JP,JP,12,3,sleek,,3,1
2174,72,male,asian,JP,JP,1,2,sleek,,2,1
2175,67,male,asian,JP,JP,3,3,sleek,,2,1
2176,55,female,asian,JP,JP,12,2,sleek,,3,2
2177,72,female,asian,JP,JP,1,2,sleek,,5,2
2178,48,male,asian,JP,JP,1,2,sleek,,1,2
2179,74,male,asian,JP,JP,3,5,sleek,,2,2
2180,58,male,asian,JP,JP,8,5,sleek,,4,1
2181,70,male,asian,JP,JP,2,2,sleek,,3,2
2182,68,male,asian,JP,JP,12,5,sleek,,2,1
2183,76,male,asian,JP,JP,12,5,sleek,,1,1
2184,65,male,asian,JP,JP,2,5,sleek,,2,1
2185,31,female,asian,JP,JP,4,5,sleek,,2,1
2186,33,female,asian,JP,JP,1,2,sleek,,4,2
2187,33,male,asian,JP,JP,4,5,sleek,,1,1
2188,55,female,asian,JP,JP,1,4,sleek,,4,1
2189,35,male,asian,JP,JP,5,3,sleek,,2,1
2190,67,male,asian,JP,JP,3,2,sleek,,3,2
2191,75,male,asian,JP,JP,2,2,sleek,,4,1
2192,72,female,asian,JP,JP,1,3,sleek,,4,2
2193,59,male,asian,JP,JP,6,5,sleek,,2,1
2194,59,female,asian,JP,JP,1,4,sleek,,3,2
2195,,male,asian,JP,JP,8,9,sleek,,5,3
2196,37,female,asian,JP,JP,1,5,sleek,,3,1
2197,65,male,asian,JP,JP,1,5,sleek,,1,1
2198,58,female,asian,JP,JP,1,4,sleek,,4,2
2199,45,female,asian,JP,JP,12,5,sleek,,3,1
2200,70,male,asian,JP,JP,1,5,sleek,,2,1
2201,49,male,asian,JP,JP,12,3,sleek,,4,1
2202,34,female,asian,JP,JP,5,5,sleek,,2,2
2203,38,male,asian,JP,JP,5,5,sleek,,4,1
2204,80,male,asian,JP,JP,12,5,sleek,,4,2
2205,40,female,asian,JP,JP,1,2,sleek,,4,2
2206,73,male,asian,JP,JP,3,6,sleek,,2,1
2207,45,male,asian,JP,JP,6,3,sleek,,3,1
2208,59,male,asian,JP,JP,9,5,sleek,,2,1
2209,39,male,asian,JP,JP,1,5,sleek,,4,2
2210,48,male,asian,JP,JP,5,5,sleek,,2,1
2211,75,male,asian,JP,JP,3,5,sleek,,2,1
2212,44,female,asian,JP,JP,1,2,sleek,,1,2
2213,49,male,asian,JP,JP,9,6,sleek,,1,1
2214,69,male,asian,JP,JP,12,3,sleek,,2,1
2215,78,female,asian,JP,JP,1,4,sleek,,4,2
2216,55,male,asian,JP,JP,5,3,sleek,,3,1
2217,,female,asian,JP,JP,12,9,sleek,,3,2
2218,42,male,asian,JP,JP,4,4,sleek,,2,1
2219,80,male,asian,JP,JP,3,5,sleek,,2,1
2220,50,female,asian,JP,JP,1,4,sleek,,5,2
2221,18,female,asian,JP,JP,1,2,sleek,,4,2
2222,52,male,asian,JP,JP,9,3,sleek,,1,1
2223,57,male,asian,JP,JP,4,5,sleek,,1,1
2224,41,female,asian,JP,JP,1,5,sleek,,4,2
2225,59,female,asian,JP,JP,1,4,sleek,,1,1
2226,39,male,asian,JP,JP,4,5,sleek,,5,2
2227,57,female,asian,JP,JP,1,3,sleek,,5,2
2228,41,female,asian,JP,JP,3,5,sleek,,5,2
2229,53,male,white,JP,JP,3,2,sleek,,3,1
2230,61,male,white,JP,JP,1,1,sleek,,2,1
2231,60,male,asian,JP,JP,1,2,sleek,,1,1
2232,63,male,asian,JP,JP,3,3,sleek,,2,1
2233,58,female,asian,JP,JP,12,2,sleek,,4,3
2234,66,male,asian,JP,JP,2,5,sleek,,4,1
2235,55,male,asian,JP,JP,1,5,sleek,,4,1
2236,71,male,asian,JP,JP,4,3,sleek,,2,1
2237,49,male,asian,JP,JP,6,5,sleek,,2,1
2238,60,male,asian,JP,JP,7,2,sleek,,3,1
2239,68,male,asian,JP,JP,9,5,sleek,,1,1
2240,37,male,asian,JP,JP,6,5,sleek,,1,1
2241,60,male,asian,JP,JP,3,2,sleek,,1,2
2242,67,female,other,JP,JP,1,4,sleek,,4,2
2243,51,male,asian,JP,JP,1,2,sleek,,5,2
2244,42,male,asian,JP,JP,7,5,sleek,,2,1
2245,78,male,asian,JP,JP,2,5,sleek,,2,1
2246,59,male,asian,JP,JP,1,5,sleek,,1,1
2247,49,male,asian,JP,JP,9,5,sleek,,1,1
2248,62,female,asian,JP,JP,1,2,sleek,,4,1
2249,72,male,asian,JP,JP,2,2,sleek,,2,1
2250,59,male,asian,JP,JP,12,2,sleek,,5,2
2251,83,male,asian,JP,JP,5,5,sleek,,4,1
2252,48,male,asian,JP,JP,7,2,sleek,,2,1
2253,74,male,asian,JP,JP,3,5,sleek,,4,1
2254,69,male,asian,JP,JP,1,5,sleek,,2,1
2255,32,female,asian,JP,JP,3,4,sleek,,4,1
2256,59,female,asian,JP,JP,12,4,sleek,,2,1
2257,50,male,asian,JP,JP,7,3,sleek,,1,1
2258,48,male,asian,JP,JP,1,5,sleek,,1,1
2259,67,male,asian,JP,JP,5,5,sleek,,2,1
2260,59,male,asian,JP,JP,12,5,sleek,,2,1
2261,59,male,asian,JP,JP,4,5,sleek,,3,1
2262,34,male,asian,JP,JP,3,5,sleek,,3,2
2263,69,male,asian,JP,JP,2,5,sleek,,1,1
2264,24,female,asian,JP,JP,1,2,sleek,,2,2
2265,71,male,asian,JP,JP,12,5,sleek,,1,1
2266,59,male,asian,JP,JP,12,2,sleek,,2,1
2267,50,female,asian,JP,JP,12,2,sleek,,4,1
2268,66,female,asian,JP,JP,1,4,sleek,,2,2
2269,59,male,asian,JP,JP,9,5,sleek,,2,1
2270,57,male,asian,JP,JP,1,2,sleek,,4,1
2271,59,female,asian,JP,JP,2,2,sleek,,2,1
2272,75,female,asian,JP,JP,1,2,sleek,,3,1
2273,59,female,asian,JP,JP,1,2,sleek,,5,2
2274,72,female,asian,JP,JP,1,6,sleek,,3,1
2275,50,female,asian,JP,JP,1,4,sleek,,5,2
2276,52,male,asian,JP,JP,5,4,sleek,,1,1
2277,55,female,asian,JP,JP,1,2,sleek,,2,1
2278,67,male,asian,JP,JP,3,5,sleek,,2,1
2279,65,female,asian,JP,JP,2,5,sleek,,4,1
2280,58,female,asian,JP,JP,1,4,sleek,,4,2
2281,52,male,asian,JP,JP,1,2,sleek,,5,2
2282,53,female,asian,JP,JP,12,5,sleek,,5,2
2283,67,male,asian,JP,JP,1,5,sleek,,2,1
2284,57,male,asian,JP,JP,4,5,sleek,,2,1
2285,68,male,asian,JP,JP,1,5,sleek,,3,1
2286,75,male,asian,JP,JP,8,5,sleek,,1,1
2287,57,male,asian,JP,JP,6,5,sleek,,5,2
2288,35,male,asian,JP,JP,1,5,sleek,,2,2
2289,47,female,asian,JP,JP,3,3,sleek,,2,1
2290,47,female,asian,JP,JP,2,4,sleek,,5,2
2291,51,female,asian,JP,JP,10,6,sleek,,1,1
2292,33,male,asian,JP,JP,3,5,sleek,,1,1
2293,64,male,asian,JP,JP,6,5,sleek,,2,1
2294,46,female,asian,JP,JP,1,2,sleek,,3,2
2295,70,female,asian,JP,JP,2,5,sleek,,4,1
2296,69,male,asian,JP,JP,3,5,sleek,,3,1
2297,43,male,asian,JP,JP,7,5,sleek,,1,1
2298,58,female,asian,JP,JP,1,5,sleek,,4,1
2299,69,male,asian,JP,JP,2,3,sleek,,2,1
2300,55,male,asian,JP,JP,9,5,sleek,,1,1
2301,63,male,asian,JP,JP,12,5,sleek,,5,2
2302,71,male,asian,JP,JP,1,5,sleek,,2,1
2303,72,female,asian,JP,JP,1,2,sleek,,2,2
2304,37,female,asian,JP,JP,1,5,sleek,,5,1
2305,51,female,asian,JP,JP,1,5,sleek,,5,1
2306,53,male,asian,JP,JP,1,7,sleek,,3,2
2307,60,male,asian,JP,JP,8,5,sleek,,2,1
2308,72,female,asian,JP,JP,1,2,sleek,,4,1
2309,32,male,asian,JP,JP,6,5,sleek,,1,1
2310,51,female,asian,JP,JP,2,4,sleek,,5,2
2311,57,male,asian,JP,JP,9,5,sleek,,1,1
2312,44,male,asian,JP,JP,2,5,sleek,,5,2
2313,51,male,asian,JP,JP,3,5,sleek,,2,1
2314,77,male,asian,JP,JP,2,2,sleek,,3,1
2315,59,female,asian,JP,JP,4,3,sleek,,3,1
2316,64,female,white,JP,JP,1,5,sleek,,5,2
2317,61,male,asian,JP,JP,1,2,sleek,,1,1
2318,55,female,prefer not to answer,JP,JP,1,4,sleek,,2,1
2319,57,male,asian,JP,JP,6,6,sleek,,5,2
2320,56,female,asian,JP,JP,1,2,sleek,,3,2
2321,70,male,asian,JP,JP,2,5,sleek,,2,1
2322,61,male,asian,JP,JP,2,2,sleek,,1,1
2323,74,male,asian,JP,JP,2,5,sleek,,1,1
2324,72,male,asian,JP,JP,5,5,sleek,,5,1
2325,60,male,asian,JP,JP,1,2,sleek,,2,1
2326,61,male,asian,JP,JP,6,5,sleek,,1,1
2327,82,male,asian,JP,JP,2,2,sleek,,2,1
2328,37,female,asian,JP,JP,1,1,sleek,,1,1
2329,32,female,asian,JP,JP,3,5,sleek,,2,2
2330,49,male,asian,JP,JP,4,5,sleek,,2,2
2331,33,male,asian,JP,JP,3,5,sleek,,3,1
2332,40,male,asian,JP,JP,4,5,sleek,,1,1
2333,67,female,asian,JP,JP,1,4,sleek,,3,1
2334,69,male,asian,JP,JP,3,5,sleek,,3,1
2335,52,male,asian,JP,JP,4,5,sleek,,2,2
2336,61,male,other,JP,JP,7,6,sleek,,1,1
2337,77,male,asian,JP,JP,2,5,sleek,,3,1
2338,58,female,asian,JP,JP,1,4,sleek,,2,1
2339,55,female,asian,JP,JP,1,2,sleek,,5,2
2340,64,male,asian,JP,JP,2,2,sleek,,5,2
2341,55,female,asian,JP,JP,7,5,sleek,,2,1
2342,48,male,asian,JP,JP,9,5,sleek,,5,2
2343,43,female,asian,JP,JP,2,4,sleek,,3,1
2344,76,male,asian,JP,JP,5,5,sleek,,5,1
2345,70,male,asian,JP,JP,9,5,sleek,,5,2
2346,35,female,asian,JP,JP,4,6,sleek,,4,2
2347,51,female,asian,JP,JP,1,5,sleek,,2,1
2348,60,male,asian,JP,JP,11,7,sleek,,5,2
2349,60,female,asian,JP,JP,1,5,sleek,,4,2
2350,53,male,asian,JP,JP,7,3,sleek,,1,1
2351,62,female,asian,JP,JP,1,5,sleek,,5,2
2352,52,female,asian,JP,JP,1,4,sleek,,2,2
2353,42,female,asian,JP,JP,12,5,sleek,,4,2
2354,42,male,asian,JP,JP,5,3,sleek,,2,1
2355,56,male,asian,JP,prefer not to answer,12,9,sleek,,5,2
2356,53,male,asian,JP,JP,6,5,sleek,,2,2
2357,72,female,asian,JP,JP,4,4,sleek,,4,2
2358,32,male,asian,JP,JP,5,5,sleek,,1,1
2359,65,male,asian,JP,JP,12,5,sleek,,4,1
2360,67,male,asian,JP,JP,1,7,sleek,,2,1
2361,57,male,asian,JP,JP,12,1,sleek,,3,1
2362,,female,asian,prefer not to answer,prefer not to answer,12,5,sleek,,4,3
2363,64,male,asian,JP,JP,3,5,sleek,,1,1
2364,68,female,asian,JP,JP,1,2,sleek,,5,2
2365,35,female,asian,JP,JP,12,5,sleek,,4,2
2366,62,female,asian,JP,JP,1,2,sleek,,3,1
2367,68,male,asian,JP,JP,1,6,sleek,,3,1
2368,50,male,asian,JP,JP,1,6,sleek,,3,2
2369,55,male,asian,JP,JP,2,5,sleek,,1,1
2370,51,male,asian,JP,JP,9,6,sleek,,1,1
2371,56,female,asian,JP,JP,7,4,sleek,,1,1
2372,53,female,asian,JP,JP,1,4,sleek,,4,2
2373,57,female,asian,JP,JP,1,4,sleek,,1,1
2374,35,male,asian,JP,JP,3,3,sleek,,1,1
2375,62,female,asian,JP,JP,1,4,sleek,,3,2
2376,49,female,asian,JP,JP,12,3,sleek,,2,1
2377,52,female,asian,JP,JP,3,3,sleek,,3,2
2378,71,female,asian,JP,JP,1,4,sleek,,2,2
2379,27,male,asian,JP,JP,2,2,sleek,,1,1
2380,73,female,asian,JP,JP,12,4,sleek,,3,2
2381,65,male,asian,JP,JP,4,2,sleek,,3,1
2382,41,female,asian,JP,JP,5,5,sleek,,2,1
2383,65,male,asian,JP,JP,3,2,sleek,,2,1
2384,59,female,asian,JP,JP,1,4,sleek,,5,2
2385,71,male,asian,JP,JP,3,5,sleek,,3,1
2386,51,male,asian,JP,JP,4,5,sleek,,5,2
2387,48,female,asian,JP,JP,4,5,sleek,,4,2
2388,72,male,asian,JP,JP,3,2,sleek,,2,1
2389,44,male,asian,JP,JP,1,5,sleek,,1,1
2390,44,female,asian,JP,JP,1,3,sleek,,5,2
2391,77,male,asian,JP,JP,3,2,sleek,,2,1
2392,26,male,asian,JP,JP,2,5,sleek,,4,2
2393,39,female,asian,JP,JP,1,5,sleek,,4,1
2394,60,female,asian,JP,JP,12,5,sleek,,5,2
2395,61,male,asian,JP,JP,1,5,sleek,,1,1
2396,61,male,asian,JP,JP,6,5,sleek,,4,2
2397,70,male,asian,JP,JP,4,2,sleek,,2,1
2398,59,male,asian,JP,JP,8,2,sleek,,2,1
2399,69,male,asian,JP,JP,7,5,sleek,,1,1
2400,74,female,asian,JP,JP,1,2,sleek,,2,1
2401,62,female,asian,JP,JP,2,5,sleek,,2,1
2402,45,male,asian,JP,JP,2,5,sleek,,5,2
2403,40,male,asian,JP,JP,9,6,sleek,,4,2
2404,49,female,asian,JP,JP,8,6,sleek,,2,1
2405,72,male,asian,JP,JP,2,5,sleek,,1,1
2406,74,male,asian,JP,JP,9,5,sleek,,1,1
2407,60,male,asian,JP,JP,4,5,sleek,,1,1
2408,76,male,asian,JP,JP,12,5,sleek,,5,1
2409,58,male,asian,JP,JP,5,6,sleek,,4,1
2410,64,male,asian,JP,JP,5,5,sleek,,1,1
2411,71,male,asian,JP,JP,5,2,sleek,,1,1
2412,72,male,asian,JP,JP,5,5,sleek,,2,1
2413,65,male,asian,JP,JP,12,5,sleek,,3,1
2414,44,male,asian,JP,JP,12,2,sleek,,2,2
2415,62,male,asian,JP,JP,1,5,sleek,,3,1
2416,44,male,asian,JP,JP,4,2,sleek,,1,1
2417,28,female,asian,JP,JP,1,3,sleek,,5,2
2418,47,female,asian,JP,JP,1,2,sleek,,2,1
2419,54,male,asian,JP,JP,8,5,sleek,,2,1
2420,55,female,asian,JP,JP,1,3,sleek,,4,2
2421,45,female,asian,JP,JP,2,2,sleek,,3,2
2422,42,female,asian,JP,JP,1,2,sleek,,2,2
2423,55,male,asian,JP,JP,8,3,sleek,,1,1
2424,74,male,asian,JP,JP,2,5,sleek,,2,2
2425,62,male,asian,JP,JP,3,5,sleek,,5,2
2426,61,male,asian,JP,JP,9,5,sleek,,2,1
2427,66,male,asian,JP,JP,6,5,sleek,,1,1
2428,59,male,asian,JP,JP,12,3,sleek,,3,2
2429,76,female,asian,JP,JP,1,5,sleek,,3,1
2430,52,female,prefer not to answer,JP,JP,12,2,sleek,,4,1
2431,68,male,asian,JP,JP,2,5,sleek,,2,1
2432,50,male,asian,JP,JP,5,2,sleek,,1,1
2433,51,female,asian,JP,JP,1,6,sleek,,2,1
2434,67,female,asian,JP,JP,1,2,sleek,,5,1
2435,51,male,asian,JP,JP,1,2,sleek,,3,1
2436,34,male,asian,JP,JP,7,5,sleek,,2,2
2437,70,male,asian,JP,JP,1,5,sleek,,2,1
2438,50,female,white,JP,JP,1,2,sleek,,5,2
2439,58,male,asian,JP,JP,8,5,sleek,,2,1
2440,32,female,asian,JP,JP,1,2,sleek,,5,2
2441,75,male,asian,JP,JP,5,4,sleek,,1,1
2442,48,female,asian,JP,JP,1,3,sleek,,3,1
2443,36,male,asian,JP,JP,12,5,sleek,,5,2
2444,31,male,asian,JP,JP,12,5,sleek,,3,1
2445,65,male,asian,JP,JP,3,2,sleek,,2,1
2446,52,female,asian,JP,JP,3,2,sleek,,4,2
2447,48,female,asian,JP,JP,1,5,sleek,,5,1
2448,74,female,asian,JP,JP,1,2,sleek,,2,1
2449,48,female,asian,JP,JP,1,4,sleek,,3,1
2450,78,male,asian,JP,JP,3,5,sleek,,3,2
2451,39,female,asian,JP,JP,1,5,sleek,,3,1
2452,43,male,asian,JP,JP,7,5,sleek,,2,1
2453,74,male,asian,JP,JP,1,5,sleek,,3,1
2454,69,male,asian,JP,JP,3,5,sleek,,2,1
2455,65,male,asian,JP,JP,12,5,sleek,,2,1
2456,35,female,asian,JP,JP,5,4,sleek,,3,2
2457,51,female,asian,JP,JP,12,5,sleek,,4,2
2458,61,male,asian,JP,JP,4,5,sleek,,3,1
2459,75,male,asian,JP,JP,3,3,sleek,,3,1
2460,44,male,asian,JP,JP,2,5,sleek,,2,2
2461,71,male,asian,JP,JP,5,5,sleek,,2,2
2462,53,male,asian,JP,JP,7,5,sleek,,2,1
2463,56,female,asian,JP,JP,2,5,sleek,,3,1
2464,53,female,asian,JP,JP,1,2,sleek,,5,2
2465,46,female,asian,JP,JP,12,5,sleek,,5,2
2466,45,male,asian,JP,JP,9,5,sleek,,1,1
2467,45,male,asian,JP,JP,6,2,sleek,,3,2
2468,75,male,asian,JP,JP,12,5,sleek,,2,1
2469,34,female,asian,JP,JP,1,2,sleek,,4,2
2470,46,female,asian,JP,JP,1,5,sleek,,3,2
2471,29,female,asian,JP,JP,12,2,sleek,,2,1
2472,67,male,asian,JP,JP,3,5,sleek,,1,1
2473,42,male,asian,JP,JP,1,5,sleek,,4,2
2474,74,male,other,JP,JP,6,5,sleek,,1,1
2475,68,female,asian,JP,JP,1,2,sleek,,3,2
2476,34,other,asian,JP,JP,1,1,sleek,,4,2
2477,53,male,asian,JP,JP,2,3,sleek,,2,1
2478,72,male,asian,JP,JP,2,2,sleek,,3,1
2479,70,male,asian,JP,JP,12,2,sleek,,2,1
2480,71,male,asian,JP,JP,12,5,sleek,,3,1
2481,61,female,asian,JP,JP,1,3,sleek,,5,2
2482,64,female,asian,JP,JP,1,2,sleek,,5,2
2483,34,female,asian,JP,JP,12,5,sleek,,5,2
2484,72,female,asian,JP,JP,12,9,sleek,,5,2
2485,74,male,asian,JP,JP,1,5,sleek,,3,2
2486,62,male,asian,JP,JP,1,5,sleek,,5,2
2487,71,male,asian,JP,JP,3,5,sleek,,3,1
2488,50,male,asian,JP,JP,1,2,sleek,,1,2
2489,69,male,asian,JP,JP,2,3,sleek,,3,1
2490,57,male,asian,JP,JP,8,2,sleek,,1,1
2491,69,female,asian,JP,JP,1,5,sleek,,4,1
2492,50,female,asian,JP,JP,12,9,sleek,,5,2
2493,62,male,asian,JP,JP,7,5,sleek,,2,1
2494,54,female,asian,JP,JP,1,3,sleek,,5,1
2495,59,male,asian,JP,JP,3,2,sleek,,2,1
2496,47,male,asian,JP,JP,3,5,sleek,,2,1
2497,66,male,asian,JP,JP,1,5,sleek,,5,1
2498,63,male,asian,JP,JP,8,5,sleek,,1,1
2499,67,male,asian,JP,JP,4,2,sleek,,2,1
2500,56,female,asian,JP,JP,1,5,sleek,,4,1
2501,66,male,asian,JP,JP,2,5,sleek,,2,2
2502,56,male,asian,JP,JP,5,5,sleek,,2,1
2503,60,male,asian,JP,JP,9,6,sleek,,1,1
2504,60,male,asian,JP,JP,2,2,sleek,,2,2
2505,58,female,prefer not to answer,JP,JP,1,4,sleek,,4,2
2506,37,male,asian,JP,JP,4,5,sleek,,2,1
2507,81,female,asian,JP,JP,1,2,sleek,,2,1
2508,60,male,asian,JP,JP,1,3,sleek,,2,2
2509,38,male,asian,JP,JP,4,5,sleek,,2,2
2510,55,male,asian,JP,JP,9,5,sleek,,1,1
2511,82,male,asian,JP,JP,2,5,sleek,,2,1
2512,71,male,asian,JP,JP,5,5,sleek,,2,2
2513,31,female,asian,JP,JP,1,3,sleek,,3,2
2514,88,female,asian,JP,JP,1,1,sleek,,2,2
2515,64,female,asian,JP,JP,12,2,sleek,,4,1
2516,71,male,asian,JP,JP,12,5,sleek,,5,2
2517,77,male,asian,JP,JP,2,3,sleek,,4,1
2518,47,male,asian,JP,JP,4,3,sleek,,2,1
2519,59,male,asian,JP,JP,8,2,sleek,,1,1
2520,44,male,asian,JP,JP,3,7,sleek,,5,2
2521,61,male,asian,JP,JP,8,5,sleek,,4,1
2522,58,male,asian,JP,JP,1,3,sleek,,2,1
2523,67,female,asian,JP,JP,1,4,sleek,,4,2
2524,69,female,asian,JP,JP,2,2,sleek,,3,1
2525,66,male,asian,JP,JP,3,5,sleek,,3,1
2526,70,male,asian,JP,JP,3,7,sleek,,3,1
2527,26,female,asian,JP,JP,3,5,sleek,,4,2
2528,47,male,asian,JP,JP,9,5,sleek,,5,2
2529,52,male,asian,JP,JP,7,5,sleek,,2,1
2530,55,male,asian,JP,JP,6,5,sleek,,2,1
2531,57,male,asian,JP,JP,8,5,sleek,,1,1
2532,70,male,asian,JP,JP,2,5,sleek,,2,1
2533,65,female,asian,JP,JP,1,4,sleek,,4,2
2534,29,male,asian,JP,JP,6,5,sleek,,1,1
2535,39,female,asian,JP,JP,1,5,sleek,,5,2
2536,76,female,asian,JP,JP,6,6,sleek,,2,1
2537,38,female,asian,JP,JP,1,5,sleek,,2,2
2538,39,male,asian,JP,JP,6,2,sleek,,4,1
2539,59,female,asian,JP,JP,1,5,sleek,,2,2
2540,70,male,asian,JP,JP,2,5,sleek,,2,1
2541,43,male,asian,JP,JP,12,5,sleek,,2,2
2542,41,male,asian,JP,JP,1,5,sleek,,2,1
2543,65,female,asian,JP,JP,1,4,sleek,,5,2
2544,39,male,asian,JP,JP,11,7,sleek,,4,1
2545,58,female,asian,JP,JP,6,4,sleek,,3,1
2546,52,male,asian,JP,JP,5,2,sleek,,3,1
2547,73,male,asian,JP,JP,2,5,sleek,,1,1
2548,38,male,asian,JP,JP,1,5,sleek,,2,1
2549,71,male,asian,JP,JP,3,5,sleek,,2,1
2550,82,male,asian,JP,JP,6,5,sleek,,4,1
2551,57,male,asian,JP,JP,1,1,sleek,,2,2
2552,74,male,white,JP,JP,3,6,sleek,,5,2
2553,64,male,asian,JP,JP,1,5,sleek,,3,1
2554,62,male,asian,JP,JP,4,5,sleek,,2,1
2555,44,male,asian,JP,JP,12,5,sleek,,5,2
2556,50,male,asian,JP,JP,6,5,sleek,,1,1
2557,76,male,asian,JP,JP,1,2,sleek,,2,1
2558,49,male,asian,JP,JP,9,6,sleek,,1,1
2559,74,male,asian,JP,JP,5,2,sleek,,1,1
2560,57,female,asian,JP,JP,12,4,sleek,,3,2
2561,66,male,asian,JP,JP,2,5,sleek,,4,2
2562,74,male,asian,JP,JP,2,2,sleek,,2,1
2563,59,female,asian,JP,JP,1,2,sleek,,5,2
2564,66,male,asian,JP,JP,1,5,sleek,,3,1
2565,49,female,asian,JP,JP,3,4,sleek,,5,2
2566,59,male,asian,JP,JP,9,5,sleek,,1,1
2567,72,male,asian,JP,JP,1,5,sleek,,2,1
2568,65,female,asian,JP,JP,1,2,sleek,,2,1
2569,,female,asian,JP,JP,12,5,sleek,,4,2
2570,53,male,asian,JP,JP,1,5,sleek,,5,2
2571,67,male,asian,JP,JP,4,3,sleek,,5,2
2572,37,female,asian,JP,JP,5,5,sleek,,3,2
2573,73,female,asian,JP,JP,1,4,sleek,,2,2
2574,64,female,asian,JP,JP,1,3,sleek,,2,2
2575,44,male,asian,JP,JP,4,5,sleek,,2,1
2576,44,male,asian,JP,JP,4,5,sleek,,2,2
2577,67,female,asian,JP,JP,12,2,sleek,,4,2
2578,62,male,asian,JP,JP,8,5,sleek,,1,1
2579,54,female,asian,JP,JP,12,2,sleek,,4,2
2580,74,male,asian,JP,JP,4,5,sleek,,5,1
2581,54,male,asian,JP,JP,9,5,sleek,,5,2
2582,50,male,asian,JP,JP,1,5,sleek,,3,2
2583,56,male,asian,JP,JP,5,3,sleek,,1,1
2584,59,female,asian,JP,JP,1,4,sleek,,4,1
2585,61,male,asian,JP,JP,5,5,sleek,,4,1
2586,41,female,asian,JP,JP,1,4,sleek,,2,2
2587,36,female,asian,JP,JP,1,4,sleek,,1,1
2588,60,male,asian,JP,JP,1,3,sleek,,4,2
2589,61,male,asian,JP,JP,5,6,sleek,,3,1
2590,46,male,asian,JP,JP,5,2,sleek,,3,1
2591,64,female,asian,JP,JP,1,5,sleek,,5,2
2592,56,male,asian,JP,JP,3,5,sleek,,4,1
2593,61,male,asian,JP,JP,3,5,sleek,,4,2
2594,74,male,asian,JP,JP,1,5,sleek,,2,2
2595,67,male,asian,JP,JP,4,5,sleek,,2,1
2596,90,male,other,JP,JP,12,4,sleek,,3,1
2597,72,female,asian,JP,JP,1,5,sleek,,5,2
2598,74,female,asian,JP,JP,1,2,sleek,,5,2
2599,51,male,asian,JP,JP,2,3,sleek,,1,1
2600,51,female,prefer not to answer,JP,JP,1,2,sleek,,2,2
2601,59,male,asian,JP,JP,4,2,sleek,,5,2
2602,45,male,asian,JP,JP,3,2,sleek,,2,1
2603,31,male,asian,JP,JP,8,5,sleek,,2,1
2604,68,female,asian,JP,JP,12,2,sleek,,4,2
2605,41,female,asian,JP,JP,1,5,sleek,,3,1
2606,59,male,asian,JP,JP,5,3,sleek,,3,2
2607,66,female,asian,JP,JP,5,4,sleek,,4,1
2608,50,male,asian,JP,JP,4,5,sleek,,5,2
2609,46,male,asian,JP,JP,3,3,sleek,,5,2
2610,42,female,asian,JP,JP,4,5,sleek,,3,1
2611,,female,asian,JP,JP,12,9,sleek,,2,1
2612,50,male,asian,JP,JP,7,2,sleek,,2,1
2613,26,male,asian,JP,JP,12,2,sleek,,5,2
2614,18,female,asian,JP,JP,12,1,sleek,,3,2
2615,71,male,asian,JP,JP,5,5,sleek,,1,1
2616,62,male,asian,JP,JP,2,5,sleek,,2,1
2617,73,male,asian,JP,JP,3,2,sleek,,2,1
2618,59,male,asian,JP,JP,1,5,sleek,,2,1
2619,41,female,white,JP,JP,5,3,sleek,,2,1
2620,60,male,asian,JP,JP,4,6,sleek,,1,1
2621,34,female,asian,JP,JP,3,5,sleek,,4,2
2622,48,female,asian,JP,JP,1,5,sleek,,2,2
2623,36,male,asian,JP,JP,5,5,sleek,,2,1
2624,74,male,asian,JP,JP,5,5,sleek,,2,1
2625,45,female,asian,JP,JP,1,5,sleek,,1,1
2626,39,female,asian,JP,JP,12,5,sleek,,5,2
2627,42,female,asian,JP,JP,1,2,sleek,,1,1
2628,60,male,asian,JP,JP,6,3,sleek,,2,1
2629,40,female,asian,JP,JP,6,5,sleek,,5,2
2630,72,male,asian,JP,JP,1,2,sleek,,2,1
2631,62,male,asian,JP,JP,2,5,sleek,,1,1
2632,66,female,asian,JP,JP,1,4,sleek,,2,1
2633,76,male,asian,JP,JP,4,5,sleek,,1,1
2634,61,male,asian,JP,JP,5,5,sleek,,3,1
2635,67,male,asian,JP,JP,4,5,sleek,,2,1
2636,66,male,asian,JP,JP,4,5,sleek,,3,1
2637,68,male,asian,JP,JP,1,4,sleek,,2,1
2638,62,female,asian,JP,JP,1,2,sleek,,2,1
2639,72,female,asian,JP,JP,6,4,sleek,,1,1
2640,48,male,asian,JP,JP,1,2,sleek,,4,2
2641,78,male,asian,JP,JP,12,5,sleek,,1,1
2642,28,female,asian,JP,JP,3,2,sleek,,5,2
2643,80,male,asian,JP,JP,3,6,sleek,,2,1
2644,75,male,asian,JP,JP,2,5,sleek,,2,1
2645,74,male,asian,JP,JP,3,2,sleek,,5,2
2646,44,male,asian,JP,JP,1,5,sleek,,4,2
2647,59,male,asian,JP,JP,4,2,sleek,,1,1
2648,52,female,asian,JP,JP,12,5,sleek,,3,2
2649,51,female,asian,JP,JP,4,4,sleek,,5,2
2650,61,female,asian,JP,JP,12,2,sleek,,4,2
2651,45,female,asian,JP,JP,2,5,sleek,,5,2
2652,51,male,asian,JP,JP,1,2,sleek,,3,1
2653,69,female,asian,JP,JP,1,2,sleek,,3,2
2654,67,female,asian,JP,JP,1,4,sleek,,4,2
2655,57,female,asian,JP,JP,5,4,sleek,,4,2
2656,46,male,asian,JP,JP,4,6,sleek,,1,1
2657,50,female,asian,JP,JP,3,3,sleek,,2,1
2658,56,female,asian,JP,JP,9,5,sleek,,3,1
2659,70,female,asian,JP,JP,1,5,sleek,,4,1
2660,36,male,asian,JP,JP,1,2,sleek,,3,1
2661,48,male,asian,JP,JP,1,1,sleek,,4,2
2662,48,female,prefer not to answer,JP,JP,4,9,sleek,,3,2
2663,50,female,asian,JP,JP,1,5,sleek,,2,1
2664,46,female,asian,JP,JP,1,5,sleek,,3,2
2665,35,male,asian,JP,JP,1,3,sleek,,4,1
2666,82,male,asian,JP,JP,2,2,sleek,,1,3
2667,70,female,asian,JP,JP,2,1,sleek,,4,2
2668,60,male,asian,JP,JP,1,5,sleek,,2,1
2669,72,male,asian,JP,JP,2,5,sleek,,4,1
2670,64,female,asian,JP,JP,8,7,sleek,,5,2
2671,59,male,asian,JP,JP,6,4,sleek,,2,1
2672,67,male,asian,JP,JP,3,2,sleek,,3,1
2673,57,male,asian,JP,JP,5,5,sleek,,2,1
2674,71,female,asian,JP,JP,1,2,sleek,,1,1
2675,78,male,asian,JP,JP,5,5,sleek,,1,1
2676,61,male,asian,JP,JP,8,3,sleek,,2,1
2677,54,male,asian,JP,JP,7,5,sleek,,2,2
2678,46,female,asian,JP,JP,1,5,sleek,,5,2
2679,50,female,asian,JP,JP,1,5,sleek,,2,1
2680,52,female,asian,JP,JP,1,4,sleek,,2,1
2681,54,male,asian,JP,JP,12,5,sleek,,4,1
2682,50,male,asian,JP,JP,8,6,sleek,,5,2
2683,47,male,asian,JP,JP,12,5,sleek,,2,2
2684,66,female,asian,JP,JP,1,3,sleek,,3,1
2685,77,female,asian,JP,JP,1,5,sleek,,2,1
2686,57,female,asian,JP,JP,3,3,sleek,,5,2
2687,65,male,asian,JP,JP,5,5,sleek,,1,1
2688,72,female,asian,JP,JP,12,4,sleek,,5,1
2689,62,male,asian,JP,JP,2,3,sleek,,1,1
2690,61,female,asian,JP,JP,1,2,sleek,,5,2
2691,61,female,asian,JP,JP,1,5,sleek,,5,2
2692,52,male,asian,JP,JP,1,5,sleek,,3,1
2693,72,male,asian,JP,JP,3,7,sleek,,1,1
2694,56,male,asian,JP,JP,12,5,sleek,,5,1
2695,63,male,asian,JP,JP,3,3,sleek,,1,1
2696,64,female,asian,JP,JP,1,2,sleek,,5,2
2697,43,male,asian,JP,JP,7,5,sleek,,3,1
2698,52,female,asian,JP,JP,1,3,sleek,,4,1
2699,58,female,asian,JP,JP,12,2,sleek,,3,2
2700,55,female,asian,JP,JP,12,5,sleek,,4,2
2701,39,male,asian,JP,JP,4,5,sleek,,1,1
2702,64,male,white,JP,JP,3,2,sleek,,4,2
2703,62,female,asian,JP,JP,1,3,sleek,,3,1
2704,62,male,asian,JP,JP,1,3,sleek,,1,1
2705,62,male,asian,JP,JP,1,2,sleek,,5,2
2706,60,male,asian,JP,JP,3,2,sleek,,2,1
2707,65,male,asian,JP,JP,12,3,sleek,,1,1
2708,41,male,asian,JP,JP,2,2,sleek,,2,1
2709,41,female,asian,JP,JP,1,3,sleek,,3,1
2710,77,male,asian,JP,JP,2,2,sleek,,4,1
2711,63,male,asian,JP,JP,1,2,sleek,,1,1
2712,39,female,asian,JP,JP,1,5,sleek,,1,2
2713,36,female,asian,JP,JP,8,5,sleek,,2,1
2714,74,male,asian,JP,JP,4,3,sleek,,1,1
2715,54,female,asian,JP,JP,2,4,sleek,,2,1
2716,48,male,asian,JP,JP,6,5,sleek,,1,1
2717,73,male,asian,JP,JP,1,5,sleek,,2,1
2718,62,male,asian,JP,JP,10,5,sleek,,1,1
2719,75,female,asian,JP,JP,1,2,sleek,,5,2
2720,44,female,asian,JP,JP,12,9,sleek,,5,2
2721,40,male,white,JP,JP,7,5,sleek,,3,2
2722,44,male,asian,JP,JP,7,5,sleek,,1,1
2723,46,male,asian,JP,JP,3,5,sleek,,5,2
2724,62,female,asian,JP,JP,1,5,sleek,,4,2
2725,52,female,asian,JP,JP,2,2,sleek,,4,1
2726,76,male,asian,JP,JP,2,3,sleek,,2,1
2727,49,male,asian,JP,JP,3,3,sleek,,1,1
2728,48,female,asian,JP,JP,2,3,sleek,,2,1
2729,64,male,asian,JP,JP,3,2,sleek,,3,1
2730,68,male,asian,JP,JP,2,3,sleek,,3,1
2731,56,male,asian,JP,JP,9,5,sleek,,5,1
2732,69,male,asian,JP,JP,5,5,sleek,,2,1
2733,57,female,asian,JP,JP,1,4,sleek,,1,1
2734,66,male,asian,JP,JP,12,5,sleek,,1,1
2735,44,female,asian,JP,JP,6,5,sleek,,2,1
2736,47,male,asian,JP,JP,1,3,sleek,,5,2
2737,75,male,asian,JP,JP,2,5,sleek,,2,1
2738,77,male,asian,JP,JP,3,5,sleek,,2,1
2739,48,female,asian,JP,JP,1,2,sleek,,4,2
2740,56,male,asian,JP,JP,6,5,sleek,,1,1
2741,51,male,asian,JP,JP,3,5,sleek,,5,2
2742,70,male,asian,JP,JP,4,5,sleek,,3,1
2743,57,male,asian,JP,JP,12,2,sleek,,4,2
2744,47,male,asian,JP,JP,2,5,sleek,,5,2
2745,58,male,asian,JP,JP,12,3,sleek,,1,1
2746,43,male,asian,JP,JP,7,5,sleek,,1,1
2747,57,male,asian,JP,JP,12,2,sleek,,5,2
2748,43,female,asian,JP,JP,1,5,sleek,,3,2
2749,40,male,asian,JP,JP,5,5,sleek,,3,1
2750,43,female,asian,JP,JP,1,2,sleek,,2,1
2751,69,male,asian,JP,JP,3,5,sleek,,2,1
2752,54,female,asian,JP,JP,1,3,sleek,,5,2
2753,77,male,asian,JP,JP,2,2,sleek,,3,1
2754,44,female,asian,JP,JP,2,4,sleek,,5,2
2755,46,male,asian,JP,JP,7,3,sleek,,5,1
2756,65,female,asian,JP,JP,12,2,sleek,,4,3
2757,37,female,asian,JP,JP,1,3,sleek,,5,2
2758,58,male,asian,JP,JP,7,4,sleek,,2,1
2759,49,female,asian,JP,JP,2,4,sleek,,4,2
2760,70,male,asian,JP,JP,3,5,sleek,,1,1
2761,69,male,asian,JP,JP,12,5,sleek,,2,1
2762,57,female,asian,JP,JP,1,5,sleek,,5,2
2763,25,male,asian,JP,JP,1,5,sleek,,1,1
2764,77,male,asian,JP,JP,1,5,sleek,,5,2
2765,72,male,asian,JP,JP,4,5,sleek,,2,1
2766,68,male,asian,JP,JP,12,5,sleek,,2,1
2767,40,female,asian,JP,JP,1,4,sleek,,4,1
2768,54,female,asian,JP,JP,4,5,sleek,,2,1
2769,62,male,asian,JP,JP,1,5,sleek,,4,2
2770,44,female,asian,JP,JP,1,2,sleek,,5,2
2771,46,female,asian,JP,JP,4,4,sleek,,3,1
2772,42,male,asian,JP,JP,8,5,sleek,,1,1
2773,78,female,asian,JP,JP,1,2,sleek,,4,2
2774,69,female,asian,JP,JP,1,2,sleek,,3,1
2775,61,female,asian,JP,JP,1,5,sleek,,3,2
2776,68,male,asian,JP,JP,12,5,sleek,,5,2
2777,34,male,asian,JP,JP,8,5,sleek,,1,1
2778,46,male,asian,JP,JP,10,6,sleek,,2,1
2779,66,male,asian,JP,JP,1,5,sleek,,2,1
2780,68,male,asian,JP,JP,12,5,sleek,,4,1
2781,54,male,asian,JP,JP,8,5,sleek,,4,1
2782,60,female,asian,JP,JP,6,5,sleek,,4,1
2783,60,male,asian,JP,JP,1,2,sleek,,2,2
2784,57,male,asian,JP,JP,7,5,sleek,,3,1
2785,41,male,asian,JP,JP,2,3,sleek,,2,1
2786,64,male,asian,JP,JP,12,6,sleek,,2,1
2787,66,male,asian,JP,JP,4,5,sleek,,2,1
2788,74,male,asian,JP,JP,1,5,sleek,,2,1
2789,78,male,asian,JP,JP,2,5,sleek,,1,1
2790,70,male,asian,JP,JP,4,3,sleek,,2,1
2791,74,male,asian,JP,JP,5,5,sleek,,4,1
2792,70,male,asian,JP,JP,2,5,sleek,,4,2
2793,58,female,asian,JP,JP,1,4,sleek,,1,1
2794,71,male,asian,JP,JP,1,2,sleek,,5,2
2795,67,male,asian,JP,JP,2,5,sleek,,2,1
2796,39,female,asian,JP,JP,1,2,sleek,,3,2
2797,49,female,asian,JP,JP,1,4,sleek,,4,2
2798,43,female,asian,JP,JP,4,6,sleek,,4,2
2799,50,female,asian,JP,JP,1,5,sleek,,4,2
2800,76,female,asian,JP,JP,1,4,sleek,,1,1
2801,47,male,asian,JP,JP,3,2,sleek,,1,1
2802,76,male,asian,JP,JP,4,1,sleek,,1,1
2803,75,male,asian,JP,JP,3,5,sleek,,2,1
2804,83,male,asian,JP,JP,2,5,sleek,,1,1
2805,61,male,asian,JP,JP,7,5,sleek,,3,1
2806,67,male,asian,JP,JP,4,1,sleek,,2,1
2807,65,female,asian,JP,JP,3,4,sleek,,2,1
2808,72,male,asian,JP,JP,2,5,sleek,,3,1
2809,41,male,asian,JP,JP,1,2,sleek,,5,2
2810,64,female,asian,JP,JP,1,2,sleek,,2,1
2811,52,male,asian,JP,JP,6,2,sleek,,1,1
2812,56,male,asian,JP,JP,8,2,sleek,,1,1
2813,74,male,asian,JP,JP,3,2,sleek,,4,1
2814,51,female,asian,JP,JP,1,2,sleek,,5,2
2815,65,male,asian,JP,JP,9,5,sleek,,2,1
2816,44,male,asian,JP,JP,7,6,sleek,,2,1
2817,58,male,asian,JP,JP,3,3,sleek,,1,1
2818,69,male,asian,JP,JP,2,2,sleek,,2,1
2819,72,male,asian,JP,JP,3,5,sleek,,2,1
2820,73,male,asian,JP,JP,2,2,sleek,,1,1
2821,54,female,asian,JP,JP,2,4,sleek,,4,2
2822,57,male,prefer not to answer,JP,JP,12,5,sleek,,2,2
2823,44,female,asian,JP,JP,2,4,sleek,,5,3
2824,61,male,asian,JP,JP,9,5,sleek,,1,1
2825,69,male,asian,JP,JP,4,5,sleek,,4,2
2826,65,male,asian,JP,JP,2,5,sleek,,4,2
2827,74,female,asian,JP,JP,1,5,sleek,,2,1
2828,50,female,asian,JP,JP,1,2,sleek,,2,1
2829,22,male,asian,JP,JP,4,2,sleek,,2,1
2830,77,female,asian,JP,JP,1,4,sleek,,4,2
2831,64,male,asian,JP,JP,3,5,sleek,,4,2
2832,60,male,asian,JP,JP,4,3,sleek,,1,1
2833,25,male,asian,JP,JP,12,5,sleek,,3,2
2834,60,male,asian,JP,JP,5,3,sleek,,1,1
2835,72,male,asian,JP,JP,9,5,sleek,,1,1
2836,71,male,asian,JP,JP,2,5,sleek,,2,1
2837,62,male,asian,JP,JP,7,5,sleek,,3,1
2838,39,male,asian,JP,JP,2,5,sleek,,1,1
2839,63,female,asian,JP,JP,12,4,sleek,,4,2
2840,61,male,asian,JP,JP,6,2,sleek,,3,1
2841,68,male,asian,JP,JP,3,5,sleek,,1,1
2842,,female,prefer not to answer,prefer not to answer,prefer not to answer,1,1,sleek,,5,2
2843,41,male,asian,JP,JP,1,2,sleek,,2,1
2844,45,male,asian,JP,JP,5,5,sleek,,1,1
2845,40,female,asian,JP,JP,1,4,sleek,,4,2
2846,68,female,asian,JP,JP,1,2,sleek,,1,1
2847,69,male,asian,JP,JP,1,6,sleek,,2,1
2848,65,female,asian,JP,JP,2,4,sleek,,4,1
2849,49,male,asian,JP,JP,4,3,sleek,,5,2
2850,43,male,asian,JP,JP,3,5,sleek,,1,1
2851,69,male,asian,JP,JP,2,2,sleek,,5,2
2852,59,female,asian,JP,JP,1,4,sleek,,2,1
2853,51,male,asian,JP,JP,5,7,sleek,,1,1
2854,36,female,asian,JP,JP,1,3,sleek,,3,2
2855,69,female,asian,JP,JP,12,5,sleek,,5,2
2856,54,male,asian,JP,JP,1,3,sleek,,3,1
2857,68,male,asian,JP,JP,1,5,sleek,,4,1
2858,28,female,asian,JP,JP,6,5,sleek,,3,2
2859,45,male,asian,JP,JP,10,2,sleek,,1,1
2860,57,male,asian,JP,JP,7,5,sleek,,1,1
2861,54,male,asian,JP,JP,5,5,sleek,,1,1
2862,36,female,asian,JP,JP,4,5,sleek,,2,2
2863,66,male,asian,JP,JP,6,5,sleek,,3,1
2864,79,male,asian,JP,JP,3,5,sleek,,1,1
2865,61,male,asian,JP,JP,12,2,sleek,,3,1
2866,76,male,asian,JP,JP,2,4,sleek,,2,1
2867,34,male,asian,JP,JP,3,5,sleek,,5,2
2868,55,male,asian,JP,JP,11,6,sleek,,1,1
2869,75,female,asian,JP,JP,1,3,sleek,,2,2
2870,34,female,asian,JP,JP,1,3,sleek,,5,1
2871,47,male,asian,JP,JP,4,3,sleek,,2,1
2872,78,male,asian,JP,JP,4,5,sleek,,2,1
2873,60,female,asian,JP,JP,1,2,sleek,,1,2
2874,68,female,asian,JP,JP,1,6,sleek,,5,2
2875,53,male,asian,JP,JP,4,2,sleek,,1,1
2876,67,female,asian,JP,JP,1,5,sleek,,4,1
2877,40,female,asian,JP,JP,3,2,sleek,,3,1
2878,66,male,asian,JP,JP,2,5,sleek,,2,1
2879,65,male,asian,JP,JP,1,5,sleek,,4,1
2880,52,female,asian,JP,JP,1,2,sleek,,3,2
2881,66,male,asian,JP,JP,1,5,sleek,,2,1
2882,80,male,asian,JP,JP,2,5,sleek,,2,1
2883,76,male,asian,JP,JP,3,5,sleek,,4,1
2884,55,female,asian,JP,JP,6,4,sleek,,3,2
2885,48,male,asian,JP,JP,4,5,sleek,,3,1
2886,58,male,asian,JP,JP,2,3,sleek,,4,2
2887,53,female,asian,JP,JP,1,2,sleek,,2,1
2888,63,female,asian,JP,JP,12,5,sleek,,5,2
2889,74,male,asian,JP,JP,2,5,sleek,,2,1
2890,,female,asian,JP,prefer not to answer,12,5,sleek,,4,2
2891,74,male,asian,JP,JP,1,2,sleek,,2,1
2892,69,male,asian,JP,JP,2,5,sleek,,4,2
2893,46,male,asian,JP,JP,5,2,sleek,,4,1
2894,72,male,asian,JP,JP,4,5,sleek,,2,1
2895,32,female,asian,JP,JP,2,5,sleek,,1,1
2896,64,female,asian,JP,JP,1,5,sleek,,3,2
2897,55,male,asian,JP,JP,1,2,sleek,,5,2
2898,50,female,asian,JP,JP,1,4,sleek,,2,1
2899,65,male,asian,JP,JP,4,5,sleek,,3,1
2900,89,male,asian,JP,JP,3,5,sleek,,2,1
2901,63,male,asian,JP,JP,4,3,sleek,,2,1
2902,52,male,asian,JP,JP,5,5,sleek,,1,1
2903,60,male,white,JP,JP,1,2,sleek,,2,1
2904,64,male,asian,JP,JP,2,5,sleek,,4,1
2905,69,male,asian,JP,JP,4,2,sleek,,2,1
2906,51,female,asian,JP,JP,8,5,sleek,,5,2
2907,46,male,asian,JP,JP,5,2,sleek,,3,2
2908,63,male,asian,JP,JP,1,4,sleek,,1,1
2909,70,male,asian,JP,JP,12,5,sleek,,2,1
2910,52,female,asian,JP,JP,12,5,sleek,,5,2
2911,79,female,asian,JP,JP,2,2,sleek,,4,2
2912,61,male,asian,JP,JP,3,3,sleek,,1,1
2913,60,male,asian,JP,JP,4,5,sleek,,2,1
2914,77,male,asian,JP,JP,2,5,sleek,,3,1
2915,37,female,asian,JP,JP,2,5,sleek,,1,1
2916,64,female,asian,JP,JP,1,3,sleek,,5,2
2917,55,male,asian,JP,JP,6,2,sleek,,1,1
2918,48,female,asian,JP,JP,3,2,sleek,,5,2
2919,80,female,asian,JP,JP,1,2,sleek,,4,2
2920,70,male,asian,JP,JP,9,5,sleek,,3,1
2921,56,male,asian,JP,JP,12,5,sleek,,2,1
2922,46,female,asian,JP,JP,1,2,sleek,,5,2
2923,65,male,asian,JP,JP,1,5,sleek,,5,2
2924,60,male,asian,JP,JP,9,5,sleek,,1,1
2925,62,male,asian,JP,JP,12,5,sleek,,1,1
2926,76,male,asian,JP,JP,12,2,sleek,,2,1
2927,65,male,asian,JP,JP,2,2,sleek,,2,1
2928,60,male,asian,JP,JP,1,5,sleek,,2,1
2929,66,female,asian,JP,JP,1,4,sleek,,1,1
2930,50,male,asian,JP,JP,1,2,sleek,,5,2
2931,58,male,asian,JP,JP,12,5,sleek,,3,1
2932,75,male,other,JP,JP,2,5,sleek,,2,2
2933,61,male,asian,JP,JP,1,2,sleek,,2,1
2934,47,male,asian,JP,JP,1,2,sleek,,3,1
2935,55,female,asian,JP,JP,1,4,sleek,,5,2
2936,67,male,asian,JP,JP,1,5,sleek,,2,1
2937,83,female,asian,JP,JP,1,4,sleek,,2,2
2938,76,male,asian,JP,JP,3,5,sleek,,2,1
2939,61,female,asian,JP,JP,1,2,sleek,,5,2
2940,47,female,asian,JP,JP,1,3,sleek,,2,1
2941,74,male,asian,JP,JP,1,2,sleek,,2,1
2942,50,female,asian,JP,JP,2,4,sleek,,4,2
2943,59,male,asian,JP,JP,2,5,sleek,,1,1
2944,66,male,asian,JP,JP,4,2,sleek,,2,1
2945,56,male,asian,JP,JP,9,5,sleek,,1,1
2946,64,male,asian,JP,JP,4,1,sleek,,1,1
2947,72,male,asian,JP,JP,3,5,sleek,,2,1
2948,77,male,asian,JP,JP,1,5,sleek,,2,1
2949,40,male,asian,JP,JP,6,5,sleek,,1,1
2950,56,male,asian,JP,JP,3,6,sleek,,3,1
2951,69,male,asian,JP,JP,1,3,sleek,,5,2
2952,69,female,asian,JP,JP,1,4,sleek,,5,2
2953,49,male,asian,JP,JP,3,3,sleek,,1,1
2954,66,female,asian,JP,JP,1,4,sleek,,3,2
2955,51,male,asian,JP,JP,12,2,sleek,,3,2
2956,72,male,asian,JP,JP,2,5,sleek,,2,1
2957,47,female,asian,JP,JP,4,5,sleek,,5,2
2958,55,male,asian,JP,JP,5,5,sleek,,4,2
2959,64,male,asian,JP,JP,2,2,sleek,,2,1
2960,55,male,asian,JP,JP,7,5,sleek,,2,1
2961,52,male,asian,JP,JP,2,5,sleek,,2,1
2962,43,male,asian,JP,JP,3,6,sleek,,3,2
2963,45,male,asian,JP,JP,3,2,sleek,,1,1
2964,76,male,asian,JP,JP,3,5,sleek,,2,1
2965,56,male,asian,JP,JP,2,2,sleek,,1,1
2966,51,female,asian,JP,JP,1,4,sleek,,3,1
2967,67,female,asian,JP,JP,1,2,sleek,,3,1
2968,62,male,asian,JP,JP,7,6,sleek,,1,1
2969,42,female,asian,JP,JP,1,3,sleek,,4,2
2970,72,male,asian,JP,JP,6,5,sleek,,3,1
2971,41,female,asian,JP,JP,5,7,sleek,,5,2
2972,71,male,asian,JP,JP,1,5,sleek,,2,1
2973,56,male,asian,JP,JP,5,5,sleek,,2,1
2974,60,female,asian,JP,JP,1,2,sleek,,2,1
2975,56,female,asian,JP,JP,1,3,sleek,,2,1
2976,53,female,asian,JP,JP,12,2,sleek,,2,1
2977,65,male,asian,JP,JP,1,5,sleek,,2,1
2978,31,male,asian,JP,JP,1,5,sleek,,2,1
2979,42,female,asian,JP,JP,1,2,sleek,,5,2
2980,46,male,asian,JP,JP,4,2,sleek,,2,1
2981,66,male,asian,JP,JP,3,5,sleek,,2,1
2982,66,male,asian,JP,JP,12,5,sleek,,1,1
2983,58,female,asian,JP,JP,9,5,sleek,,3,1
2984,54,male,asian,JP,JP,8,5,sleek,,5,1
2985,53,female,asian,JP,JP,1,4,sleek,,5,2
2986,66,male,asian,JP,JP,3,5,sleek,,3,2
2987,76,male,asian,JP,JP,11,6,sleek,,1,1
2988,68,male,asian,JP,JP,1,2,sleek,,4,1
2989,57,female,asian,JP,JP,7,2,sleek,,4,1
2990,56,male,asian,JP,JP,1,1,sleek,,5,2
2991,59,female,asian,JP,JP,1,3,sleek,,2,1
2992,58,male,asian,JP,JP,6,2,sleek,,1,1
2993,68,male,asian,JP,JP,2,5,sleek,,4,1
2994,48,female,asian,JP,JP,12,5,sleek,,5,1
2995,50,female,asian,JP,JP,8,5,sleek,,1,1
2996,68,male,asian,JP,JP,1,5,sleek,,4,2
2997,31,male,asian,JP,JP,6,6,sleek,,4,2
2998,51,male,asian,JP,JP,12,2,sleek,,5,3
2999,45,female,asian,JP,JP,1,2,sleek,,5,2
3000,64,male,asian,JP,JP,1,3,elegant,,2,1
3001,83,male,asian,JP,JP,3,2,elegant,,2,1
3002,75,male,asian,JP,JP,1,5,elegant,,2,1
3003,60,female,white,JP,JP,12,2,elegant,,2,1
3004,50,female,asian,JP,JP,12,3,elegant,,2,1
3005,73,male,asian,JP,JP,2,2,elegant,,4,1
3006,53,female,asian,JP,JP,5,5,elegant,,3,1
3007,27,female,asian,JP,JP,4,5,elegant,,4,2
3008,54,male,asian,JP,JP,2,5,elegant,,1,1
3009,48,female,asian,JP,JP,3,2,elegant,,5,2
3010,67,female,asian,JP,JP,1,4,elegant,,2,1
3011,55,male,asian,JP,JP,2,2,elegant,,2,2
3012,47,male,asian,JP,JP,2,3,elegant,,2,1
3013,57,female,asian,JP,JP,1,3,elegant,,5,2
3014,72,female,asian,JP,JP,1,2,elegant,,5,2
3015,65,male,asian,JP,JP,1,4,elegant,,2,1
3016,49,male,asian,JP,JP,2,2,elegant,,3,2
3017,43,male,asian,JP,JP,1,2,elegant,,3,2
3018,76,male,asian,JP,JP,12,5,elegant,,2,1
3019,28,male,asian,JP,JP,2,5,elegant,,1,2
3020,59,female,asian,JP,JP,3,3,elegant,,4,1
3021,55,male,asian,JP,JP,1,2,elegant,,1,1
3022,45,female,asian,JP,JP,12,3,elegant,,2,2
3023,66,male,asian,JP,JP,1,5,elegant,,2,1
3024,63,male,asian,JP,JP,12,5,elegant,,4,2
3025,77,male,asian,JP,JP,2,2,elegant,,5,2
3026,68,male,asian,JP,JP,9,5,elegant,,2,1
3027,56,female,asian,JP,JP,3,2,elegant,,3,1
3028,53,male,asian,JP,JP,9,5,elegant,,1,1
3029,61,male,asian,JP,JP,6,2,elegant,,4,1
3030,,male,prefer not to answer,JP,prefer not to answer,12,9,elegant,,5,1
3031,32,female,asian,JP,JP,5,2,elegant,,1,1
3032,63,male,asian,JP,JP,6,5,elegant,,4,2
3033,67,male,asian,JP,JP,3,5,elegant,,2,1
3034,38,female,asian,JP,JP,1,5,elegant,,5,2
3035,65,female,white,JP,JP,1,2,elegant,,2,1
3036,70,male,asian,JP,JP,3,6,elegant,,2,1
3037,53,female,asian,JP,JP,9,5,elegant,,1,1
3038,72,male,asian,JP,JP,1,2,elegant,,1,1
3039,76,female,asian,JP,JP,1,5,elegant,,5,2
3040,63,male,asian,JP,JP,8,5,elegant,,5,2
3041,61,female,asian,JP,JP,1,4,elegant,,2,1
3042,55,female,asian,JP,JP,3,4,elegant,,2,1
3043,41,male,asian,JP,JP,5,2,elegant,,4,2
3044,37,female,asian,JP,JP,1,5,elegant,,2,1
3045,73,male,asian,JP,JP,12,3,elegant,,1,1
3046,67,male,asian,JP,JP,12,5,elegant,,2,1
3047,45,male,asian,JP,JP,9,6,elegant,,1,1
3048,71,male,asian,JP,JP,3,5,elegant,,2,1
3049,66,male,asian,JP,JP,2,5,elegant,,3,1
3050,48,female,asian,JP,JP,3,2,elegant,,4,2
3051,55,female,asian,JP,JP,1,2,elegant,,3,2
3052,63,male,asian,JP,JP,3,5,elegant,,1,1
3053,55,male,asian,JP,JP,4,5,elegant,,4,1
3054,55,female,asian,JP,JP,8,5,elegant,,1,1
3055,51,female,asian,JP,JP,12,4,elegant,,2,1
3056,44,female,asian,JP,JP,12,2,elegant,,5,2
3057,52,male,asian,JP,JP,1,5,elegant,,5,2
3058,41,female,asian,JP,JP,1,3,elegant,,5,2
3059,42,female,asian,JP,JP,5,5,elegant,,5,2
3060,36,male,asian,JP,JP,12,5,elegant,,4,2
3061,71,male,asian,JP,JP,2,2,elegant,,1,1
3062,69,male,asian,JP,JP,1,5,elegant,,1,1
3063,63,male,asian,JP,JP,8,5,elegant,,2,1
3064,50,female,asian,JP,JP,1,4,elegant,,2,1
3065,63,male,asian,JP,JP,4,5,elegant,,2,1
3066,42,male,asian,JP,JP,1,5,elegant,,2,2
3067,75,male,asian,JP,JP,4,5,elegant,,2,1
3068,42,male,asian,JP,JP,2,5,elegant,,2,2
3069,47,female,white,JP,JP,1,4,elegant,,3,1
3070,35,other,asian,JP,JP,1,5,elegant,,1,1
3071,54,male,asian,JP,JP,12,2,elegant,,1,1
3072,46,female,asian,JP,JP,12,5,elegant,,3,2
3073,58,female,asian,JP,JP,1,2,elegant,,5,2
3074,67,male,asian,JP,JP,12,5,elegant,,3,1
3075,31,female,asian,JP,JP,1,4,elegant,,4,2
3076,59,male,asian,JP,JP,8,5,elegant,,1,1
3077,49,male,asian,JP,JP,2,3,elegant,,2,2
3078,64,female,asian,JP,JP,5,4,elegant,,3,1
3079,32,female,asian,JP,JP,3,5,elegant,,1,1
3080,47,male,asian,JP,JP,1,3,elegant,,3,3
3081,60,female,asian,JP,JP,1,4,elegant,,4,2
3082,58,male,asian,JP,JP,3,5,elegant,,1,1
3083,74,male,asian,JP,JP,3,2,elegant,,2,1
3084,63,male,asian,JP,JP,5,3,elegant,,4,1
3085,74,male,asian,JP,JP,3,5,elegant,,2,1
3086,53,male,asian,JP,JP,4,5,elegant,,1,1
3087,66,male,asian,JP,JP,6,3,elegant,,4,1
3088,68,female,asian,JP,JP,12,5,elegant,,3,2
3089,49,male,asian,JP,JP,3,2,elegant,,4,1
3090,33,male,asian,JP,JP,4,5,elegant,,1,1
3091,51,female,asian,JP,JP,1,3,elegant,,5,2
3092,56,female,asian,JP,JP,1,2,elegant,,5,2
3093,30,female,asian,JP,JP,3,3,elegant,,3,1
3094,59,female,asian,JP,JP,1,5,elegant,,4,1
3095,64,female,asian,JP,JP,1,4,elegant,,4,2
3096,39,female,prefer not to answer,JP,JP,1,2,elegant,,5,2
3097,58,female,asian,JP,JP,12,5,elegant,,2,1
3098,52,female,asian,JP,JP,3,4,elegant,,2,1
3099,53,female,asian,JP,JP,12,2,elegant,,2,1
3100,45,female,asian,JP,JP,4,5,elegant,,2,1
3101,40,female,asian,JP,JP,2,2,elegant,,5,2
3102,67,male,asian,JP,JP,1,3,elegant,,4,1
3103,70,male,asian,JP,JP,2,5,elegant,,3,1
3104,54,female,asian,JP,JP,1,2,elegant,,5,2
3105,52,male,asian,JP,JP,6,2,elegant,,4,1
3106,56,female,asian,JP,JP,5,4,elegant,,2,1
3107,73,male,asian,JP,JP,4,2,elegant,,4,1
3108,67,male,asian,JP,JP,2,5,elegant,,3,1
3109,33,male,asian,JP,JP,9,5,elegant,,5,2
3110,51,male,asian,JP,JP,1,5,elegant,,4,2
3111,56,female,asian,JP,JP,12,2,elegant,,4,2
3112,72,female,asian,JP,JP,1,2,elegant,,5,2
3113,59,male,asian,JP,JP,4,2,elegant,,1,1
3114,41,male,asian,JP,JP,5,5,elegant,,1,1
3115,64,male,asian,JP,JP,12,2,elegant,,2,1
3116,36,female,asian,JP,JP,3,5,elegant,,4,2
3117,41,female,asian,JP,JP,1,5,elegant,,2,1
3118,54,male,asian,JP,JP,8,5,elegant,,3,1
3119,64,male,asian,JP,JP,12,5,elegant,,2,1
3120,48,female,asian,JP,JP,1,4,elegant,,4,2
3121,71,female,asian,JP,JP,1,4,elegant,,4,2
3122,69,male,asian,JP,JP,4,5,elegant,,3,1
3123,47,male,asian,JP,JP,5,2,elegant,,4,2
3124,59,male,asian,JP,JP,6,5,elegant,,1,1
3125,51,female,asian,JP,JP,1,5,elegant,,3,2
3126,57,male,asian,JP,JP,11,7,elegant,,2,1
3127,67,female,asian,JP,JP,1,4,elegant,,4,2
3128,45,male,asian,JP,JP,9,5,elegant,,2,1
3129,73,male,asian,JP,JP,1,2,elegant,,4,1
3130,54,male,asian,JP,JP,7,5,elegant,,4,1
3131,70,male,asian,JP,JP,2,6,elegant,,1,1
3132,44,male,asian,JP,JP,6,5,elegant,,2,1
3133,52,male,white,JP,JP,2,3,elegant,,1,1
3134,55,female,asian,JP,JP,1,4,elegant,,3,1
3135,75,male,asian,JP,JP,12,6,elegant,,4,1
3136,26,female,asian,JP,JP,1,5,elegant,,1,1
3137,40,male,asian,JP,JP,7,5,elegant,,1,1
3138,49,male,asian,JP,JP,1,5,elegant,,2,1
3139,67,female,asian,JP,JP,3,5,elegant,,5,2
3140,49,female,asian,JP,JP,1,4,elegant,,5,1
3141,55,male,asian,JP,JP,8,5,elegant,,2,1
3142,58,male,asian,JP,JP,1,3,elegant,,1,1
3143,74,female,asian,JP,JP,1,4,elegant,,2,1
3144,61,male,asian,JP,JP,7,5,elegant,,1,1
3145,38,male,asian,JP,JP,6,6,elegant,,1,1
3146,35,female,asian,JP,JP,12,5,elegant,,4,2
3147,66,male,asian,JP,JP,2,5,elegant,,5,1
3148,61,female,asian,JP,JP,1,5,elegant,,4,1
3149,51,male,asian,JP,JP,12,3,elegant,,3,2
3150,85,male,asian,JP,JP,1,5,elegant,,2,1
3151,68,male,asian,JP,JP,12,3,elegant,,2,1
3152,36,male,asian,JP,JP,4,6,elegant,,2,1
3153,53,male,asian,JP,JP,8,5,elegant,,5,2
3154,62,male,asian,JP,JP,6,2,elegant,,3,2
3155,33,female,asian,JP,JP,2,3,elegant,,5,2
3156,44,male,asian,JP,JP,4,5,elegant,,1,1
3157,68,male,asian,JP,JP,2,2,elegant,,1,1
3158,42,female,asian,JP,JP,1,2,elegant,,5,2
3159,37,female,asian,JP,JP,3,5,elegant,,1,1
3160,65,male,asian,JP,JP,8,3,elegant,,4,1
3161,80,male,asian,JP,JP,2,5,elegant,,4,2
3162,46,male,asian,JP,JP,4,5,elegant,,3,2
3163,63,male,asian,JP,JP,3,5,elegant,,4,1
3164,70,female,asian,JP,JP,1,2,elegant,,2,1
3165,36,male,asian,JP,JP,4,5,elegant,,5,2
3166,53,female,asian,JP,JP,1,2,elegant,,4,2
3167,53,female,asian,JP,JP,2,4,elegant,,2,1
3168,65,male,asian,JP,JP,3,5,elegant,,5,1
3169,76,male,asian,JP,JP,1,6,elegant,,1,1
3170,57,female,asian,JP,JP,1,2,elegant,,4,2
3171,62,male,asian,JP,JP,2,5,elegant,,2,1
3172,63,male,asian,JP,JP,1,2,elegant,,3,1
3173,61,female,asian,JP,JP,1,5,elegant,,4,2
3174,47,male,asian,JP,JP,8,5,elegant,,3,1
3175,50,male,asian,JP,JP,5,2,elegant,,1,1
3176,31,male,asian,JP,JP,4,2,elegant,,1,1
3177,35,female,asian,JP,JP,1,5,elegant,,2,1
3178,53,male,asian,JP,JP,2,2,elegant,,2,1
3179,59,male,asian,JP,JP,6,3,elegant,,2,1
3180,66,female,asian,JP,JP,12,5,elegant,,5,1
3181,21,female,asian,JP,JP,1,2,elegant,,1,1
3182,54,male,asian,JP,JP,1,6,elegant,,1,1
3183,78,male,asian,JP,JP,12,5,elegant,,2,1
3184,54,female,asian,JP,JP,6,5,elegant,,5,2
3185,58,male,asian,JP,JP,1,2,elegant,,1,1
3186,68,male,asian,JP,JP,12,5,elegant,,1,1
3187,73,male,asian,JP,JP,2,2,elegant,,3,1
3188,84,female,asian,JP,JP,3,5,elegant,,3,2
3189,51,male,asian,JP,JP,2,1,elegant,,5,1
3190,77,male,asian,JP,JP,5,2,elegant,,4,1
3191,47,female,asian,JP,JP,1,5,elegant,,4,1
3192,53,male,asian,JP,JP,1,2,elegant,,3,1
3193,41,male,asian,JP,JP,7,6,elegant,,1,1
3194,67,female,asian,JP,JP,1,5,elegant,,5,2
3195,78,male,asian,JP,JP,2,5,elegant,,2,1
3196,71,male,asian,JP,JP,2,2,elegant,,2,1
3197,47,male,asian,JP,JP,11,7,elegant,,1,1
3198,45,female,asian,JP,JP,1,4,elegant,,2,2
3199,44,male,asian,JP,JP,8,5,elegant,,1,1
3200,48,male,asian,JP,JP,1,5,elegant,,5,2
3201,51,female,asian,JP,JP,2,3,elegant,,4,2
3202,84,male,asian,JP,JP,12,5,elegant,,2,1
3203,55,female,asian,JP,JP,3,4,elegant,,1,1
3204,62,male,asian,JP,JP,8,5,elegant,,1,1
3205,60,male,asian,JP,JP,6,2,elegant,,2,1
3206,47,female,asian,JP,JP,3,5,elegant,,4,2
3207,55,male,asian,JP,JP,9,5,elegant,,3,1
3208,39,male,asian,JP,JP,1,5,elegant,,5,2
3209,45,female,asian,JP,JP,1,4,elegant,,2,1
3210,72,female,asian,JP,JP,1,2,elegant,,4,2
3211,65,male,asian,JP,JP,4,5,elegant,,1,1
3212,56,female,asian,JP,JP,2,2,elegant,,5,2
3213,81,male,asian,JP,JP,4,2,elegant,,2,1
3214,54,male,asian,JP,JP,3,3,elegant,,2,1
3215,25,male,asian,JP,JP,1,5,elegant,,2,2
3216,55,female,asian,JP,JP,12,2,elegant,,5,2
3217,52,male,asian,JP,JP,2,3,elegant,,3,2
3218,62,male,asian,JP,JP,12,2,elegant,,3,1
3219,65,male,asian,JP,JP,3,5,elegant,,3,1
3220,49,male,asian,JP,JP,3,5,elegant,,1,1
3221,28,female,asian,JP,JP,4,5,elegant,,2,2
3222,57,male,asian,JP,JP,12,2,elegant,,4,2
3223,57,male,asian,JP,JP,6,5,elegant,,1,1
3224,66,male,asian,JP,JP,1,5,elegant,,1,1
3225,70,male,asian,JP,JP,6,5,elegant,,5,1
3226,50,male,asian,JP,JP,7,5,elegant,,2,1
3227,35,female,asian,JP,JP,12,2,elegant,,3,2
3228,48,male,asian,JP,JP,4,5,elegant,,4,1
3229,64,male,asian,JP,JP,1,2,elegant,,3,2
3230,59,female,asian,JP,JP,12,5,elegant,,2,1
3231,53,female,asian,JP,JP,1,3,elegant,,4,2
3232,50,male,asian,JP,JP,3,5,elegant,,2,1
3233,51,female,asian,JP,JP,4,4,elegant,,2,1
3234,61,male,asian,JP,JP,1,3,elegant,,1,1
3235,75,male,asian,JP,JP,3,5,elegant,,3,1
3236,60,female,asian,JP,JP,1,5,elegant,,2,1
3237,54,male,asian,JP,JP,7,2,elegant,,3,1
3238,53,male,asian,JP,JP,8,5,elegant,,1,1
3239,39,female,asian,JP,JP,1,5,elegant,,5,2
3240,61,male,asian,JP,JP,5,5,elegant,,5,1
3241,74,male,asian,JP,JP,2,5,elegant,,2,1
3242,39,male,asian,JP,JP,4,5,elegant,,2,1
3243,72,female,asian,JP,JP,1,4,elegant,,2,1
3244,74,male,asian,JP,JP,2,5,elegant,,1,1
3245,66,male,asian,JP,JP,12,5,elegant,,5,2
3246,36,female,asian,JP,JP,3,3,elegant,,5,2
3247,70,male,asian,JP,JP,7,5,elegant,,2,1
3248,48,male,asian,JP,JP,5,5,elegant,,2,1
3249,50,male,asian,JP,JP,1,2,elegant,,4,2
3250,49,male,asian,JP,JP,8,5,elegant,,1,1
3251,67,male,asian,JP,JP,12,5,elegant,,2,1
3252,54,female,asian,JP,JP,1,2,elegant,,3,1
3253,62,female,asian,JP,JP,2,2,elegant,,2,2
3254,65,male,asian,JP,JP,2,5,elegant,,2,1
3255,60,female,asian,JP,JP,2,5,elegant,,5,2
3256,68,male,asian,JP,JP,4,5,elegant,,1,1
3257,66,male,asian,JP,JP,8,5,elegant,,2,1
3258,75,male,asian,JP,JP,1,4,elegant,,3,1
3259,48,male,asian,JP,JP,2,2,elegant,,1,1
3260,65,male,asian,JP,JP,6,5,elegant,,2,1
3261,57,male,asian,JP,JP,12,2,elegant,,1,1
3262,51,male,asian,JP,JP,6,5,elegant,,1,2
3263,72,male,asian,JP,JP,4,6,elegant,,5,2
3264,68,male,asian,JP,JP,1,4,elegant,,1,1
3265,44,female,asian,JP,JP,12,9,elegant,,5,2
3266,59,male,asian,JP,JP,7,5,elegant,,2,1
3267,46,female,prefer not to answer,JP,JP,12,9,elegant,,5,2
3268,55,male,asian,JP,JP,5,5,elegant,,2,1
3269,60,female,asian,JP,JP,1,4,elegant,,2,1
3270,70,female,asian,JP,JP,3,2,elegant,,4,2
3271,40,female,asian,JP,JP,12,2,elegant,,3,2
3272,43,male,asian,JP,JP,7,2,elegant,,2,1
3273,40,female,asian,JP,JP,2,5,elegant,,5,2
3274,56,male,asian,JP,JP,4,5,elegant,,1,1
3275,79,female,other,JP,JP,2,5,elegant,,1,1
3276,71,male,asian,JP,JP,2,2,elegant,,3,2
3277,38,male,asian,JP,JP,4,5,elegant,,3,1
3278,51,male,asian,JP,JP,8,5,elegant,,1,1
3279,,male,prefer not to answer,JP,prefer not to answer,12,9,elegant,,5,3
3280,61,male,asian,JP,JP,6,5,elegant,,2,1
3281,51,male,asian,JP,JP,5,3,elegant,,3,2
3282,70,male,white,JP,JP,2,2,elegant,,3,1
3283,45,male,asian,JP,JP,4,6,elegant,,1,1
3284,40,female,asian,JP,JP,3,3,elegant,,1,1
3285,52,female,asian,JP,JP,1,4,elegant,,1,1
3286,39,female,asian,JP,JP,1,2,elegant,,5,2
3287,53,male,asian,JP,JP,7,5,elegant,,1,1
3288,50,female,asian,JP,JP,4,2,elegant,,5,2
3289,53,male,asian,JP,JP,1,2,elegant,,4,1
3290,32,male,asian,JP,JP,1,2,elegant,,5,2
3291,56,female,asian,JP,JP,1,4,elegant,,5,2
3292,44,female,asian,JP,JP,4,5,elegant,,4,2
3293,50,male,asian,JP,JP,6,5,elegant,,4,2
3294,72,male,asian,JP,JP,3,6,elegant,,1,1
3295,59,male,asian,JP,JP,8,5,elegant,,2,1
3296,48,male,white,JP,JP,4,5,elegant,,1,1
3297,75,female,asian,JP,JP,2,2,elegant,,4,2
3298,39,male,asian,JP,JP,2,5,elegant,,2,1
3299,51,female,asian,JP,JP,1,5,elegant,,3,1
3300,41,female,asian,JP,JP,12,4,elegant,,1,1
3301,54,male,asian,JP,JP,4,2,elegant,,3,1
3302,51,male,asian,JP,JP,1,1,elegant,,4,2
3303,40,male,asian,JP,JP,8,6,elegant,,5,2
3304,51,female,asian,JP,JP,4,4,elegant,,5,2
3305,51,male,asian,JP,JP,5,5,elegant,,1,1
3306,32,male,asian,JP,JP,4,6,elegant,,2,1
3307,59,male,asian,JP,JP,3,2,elegant,,1,1
3308,51,female,asian,JP,JP,3,5,elegant,,3,1
3309,64,female,asian,JP,JP,12,9,elegant,,3,2
3310,67,male,asian,JP,JP,3,5,elegant,,2,1
3311,51,male,asian,JP,JP,6,5,elegant,,1,1
3312,58,male,asian,JP,JP,10,5,elegant,,1,1
3313,67,female,asian,JP,JP,12,4,elegant,,5,2
3314,69,male,asian,JP,JP,1,2,elegant,,1,1
3315,53,female,asian,JP,JP,2,2,elegant,,3,1
3316,49,female,asian,JP,JP,12,4,elegant,,4,2
3317,70,male,asian,JP,JP,12,5,elegant,,2,1
3318,53,male,asian,JP,JP,7,2,elegant,,2,2
3319,42,male,asian,JP,JP,3,2,elegant,,3,1
3320,50,male,asian,JP,JP,4,5,elegant,,1,1
3321,60,female,asian,JP,JP,1,3,elegant,,4,1
3322,56,male,asian,JP,JP,4,3,elegant,,1,1
3323,36,female,asian,JP,JP,1,1,elegant,,3,1
3324,57,female,asian,JP,JP,1,2,elegant,,4,2
3325,60,male,asian,JP,JP,12,5,elegant,,3,1
3326,65,male,asian,JP,JP,4,5,elegant,,1,1
3327,33,female,asian,JP,JP,1,3,elegant,,2,2
3328,70,male,asian,JP,JP,2,5,elegant,,2,1
3329,68,male,asian,JP,JP,5,2,elegant,,2,1
3330,53,female,asian,JP,JP,4,5,elegant,,2,1
3331,73,female,asian,JP,JP,1,4,elegant,,5,2
3332,52,female,asian,JP,JP,2,3,elegant,,4,2
3333,45,male,asian,JP,JP,8,5,elegant,,5,1
3334,61,male,asian,JP,JP,2,5,elegant,,2,1
3335,72,female,asian,JP,JP,1,4,elegant,,3,2
3336,60,male,asian,JP,JP,7,6,elegant,,3,1
3337,53,female,asian,JP,JP,1,2,elegant,,4,2
3338,81,male,asian,JP,JP,3,3,elegant,,1,1
3339,66,male,asian,JP,JP,4,5,elegant,,3,1
3340,51,male,asian,JP,JP,6,3,elegant,,1,1
3341,73,female,asian,JP,JP,1,3,elegant,,5,2
3342,76,male,asian,JP,JP,2,5,elegant,,3,1
3343,78,male,asian,JP,JP,2,5,elegant,,5,2
3344,68,male,asian,JP,JP,5,3,elegant,,4,1
3345,55,male,asian,JP,JP,12,5,elegant,,1,1
3346,63,female,asian,JP,JP,3,4,elegant,,4,2
3347,49,female,asian,JP,JP,12,2,elegant,,4,2
3348,69,male,asian,JP,JP,3,2,elegant,,3,1
3349,56,male,asian,JP,JP,4,2,elegant,,1,1
3350,45,male,asian,JP,JP,3,2,elegant,,2,1
3351,38,female,asian,JP,JP,10,6,elegant,,3,1
3352,46,male,asian,JP,JP,6,2,elegant,,2,1
3353,49,female,asian,JP,JP,3,4,elegant,,1,1
3354,65,male,asian,JP,JP,1,6,elegant,,4,1
3355,54,male,asian,JP,JP,6,6,elegant,,2,1
3356,69,male,asian,JP,JP,3,6,elegant,,2,1
3357,83,female,asian,JP,JP,1,2,elegant,,4,2
3358,71,male,asian,JP,JP,5,5,elegant,,1,1
3359,75,male,asian,JP,JP,6,5,elegant,,1,1
3360,61,female,asian,JP,JP,1,4,elegant,,4,1
3361,56,female,asian,JP,JP,12,3,elegant,,2,1
3362,50,male,asian,JP,JP,6,5,elegant,,3,1
3363,77,female,asian,JP,JP,1,4,elegant,,4,2
3364,71,male,asian,JP,JP,3,5,elegant,,5,2
3365,50,male,asian,JP,JP,7,4,elegant,,1,1
3366,76,male,asian,JP,JP,1,2,elegant,,2,1
3367,61,female,asian,JP,JP,1,4,elegant,,2,2
3368,84,male,asian,JP,JP,3,5,elegant,,2,1
3369,70,male,asian,JP,JP,4,5,elegant,,2,1
3370,23,male,asian,JP,JP,4,5,elegant,,3,1
3371,39,female,asian,JP,JP,1,3,elegant,,3,2
3372,75,female,asian,JP,JP,1,2,elegant,,4,1
3373,63,male,asian,JP,JP,11,5,elegant,,4,1
3374,60,male,asian,JP,JP,3,5,elegant,,2,1
3375,57,female,asian,JP,JP,1,4,elegant,,3,1
3376,59,male,asian,JP,JP,1,1,elegant,,2,1
3377,61,male,asian,JP,JP,6,6,elegant,,3,1
3378,66,female,asian,JP,JP,1,2,elegant,,3,1
3379,56,female,asian,JP,JP,6,4,elegant,,3,1
3380,45,male,asian,JP,JP,6,5,elegant,,5,1
3381,45,male,asian,JP,JP,8,5,elegant,,1,1
3382,51,female,asian,JP,JP,3,2,elegant,,3,1
3383,39,female,asian,JP,JP,6,5,elegant,,2,2
3384,57,female,asian,JP,JP,1,4,elegant,,5,2
3385,55,female,asian,JP,JP,1,3,elegant,,5,2
3386,54,male,other,JP,JP,1,5,elegant,,3,1
3387,26,female,asian,JP,JP,1,2,elegant,,5,2
3388,34,male,white,JP,JP,12,8,elegant,,1,2
3389,75,female,asian,JP,JP,12,2,elegant,,2,1
3390,57,male,asian,JP,JP,7,5,elegant,,4,1
3391,75,female,asian,JP,JP,7,5,elegant,,3,1
3392,48,male,asian,JP,JP,5,5,elegant,,3,1
3393,62,female,asian,JP,JP,1,4,elegant,,4,2
3394,67,female,asian,JP,JP,1,2,elegant,,3,1
3395,36,female,asian,JP,JP,12,5,elegant,,5,2
3396,53,female,asian,JP,JP,1,2,elegant,,4,2
3397,61,male,asian,JP,JP,7,3,elegant,,1,1
3398,49,female,asian,JP,JP,1,5,elegant,,2,2
3399,52,male,asian,JP,JP,3,2,elegant,,4,2
3400,71,male,asian,JP,JP,4,5,elegant,,3,1
3401,84,male,asian,JP,JP,2,5,elegant,,4,2
3402,74,female,asian,JP,JP,2,5,elegant,,3,1
3403,71,male,asian,JP,JP,1,5,elegant,,1,1
3404,68,male,white,JP,JP,1,5,elegant,,2,1
3405,54,male,asian,JP,JP,7,5,elegant,,2,1
3406,29,male,asian,JP,JP,1,2,elegant,,1,1
3407,62,male,other,JP,JP,12,3,elegant,,4,2
3408,53,male,asian,JP,JP,2,5,elegant,,3,2
3409,51,male,asian,JP,JP,8,5,elegant,,2,1
3410,33,female,asian,JP,JP,6,6,elegant,,1,1
3411,29,male,asian,JP,JP,1,5,elegant,,4,2
3412,61,female,asian,JP,JP,12,9,elegant,,2,1
3413,43,female,asian,JP,JP,12,5,elegant,,5,2
3414,75,male,asian,JP,JP,3,5,elegant,,5,1
3415,44,female,asian,JP,JP,1,2,elegant,,3,2
3416,61,male,asian,JP,JP,8,5,elegant,,3,1
3417,37,female,asian,JP,JP,1,2,elegant,,5,2
3418,50,male,asian,JP,JP,3,5,elegant,,2,1
3419,60,male,asian,JP,JP,12,5,elegant,,2,1
3420,44,male,asian,JP,JP,5,2,elegant,,2,1
3421,54,male,asian,JP,JP,12,3,elegant,,4,2
3422,54,male,asian,JP,JP,1,2,elegant,,2,1
3423,70,male,asian,JP,JP,9,5,elegant,,1,1
3424,55,female,asian,JP,JP,12,3,elegant,,5,1
3425,48,male,asian,JP,JP,5,5,elegant,,2,1
3426,60,male,asian,JP,JP,8,3,elegant,,2,1
3427,58,male,asian,JP,JP,3,6,elegant,,2,1
3428,59,male,asian,JP,JP,1,5,elegant,,4,2
3429,76,male,asian,JP,JP,2,2,elegant,,1,1
3430,53,female,asian,JP,JP,2,2,elegant,,4,1
3431,36,male,asian,JP,JP,7,2,elegant,,2,1
3432,48,male,asian,JP,JP,11,5,elegant,,5,2
3433,68,male,asian,JP,JP,10,5,elegant,,2,1
3434,50,female,asian,JP,JP,1,4,elegant,,2,1
3435,62,male,asian,JP,JP,3,5,elegant,,2,2
3436,33,female,asian,JP,JP,1,5,elegant,,2,2
3437,56,female,asian,JP,JP,1,3,elegant,,5,2
3438,54,female,asian,JP,JP,1,2,elegant,,3,2
3439,25,female,asian,JP,JP,2,5,elegant,,3,2
3440,71,female,asian,JP,JP,1,2,elegant,,5,2
3441,42,male,asian,JP,JP,5,2,elegant,,3,1
3442,57,male,asian,JP,JP,6,3,elegant,,2,1
3443,27,male,asian,JP,JP,1,1,elegant,,5,2
3444,54,female,asian,JP,JP,2,4,elegant,,5,2
3445,67,male,asian,JP,JP,12,5,elegant,,5,1
3446,61,female,asian,JP,JP,1,4,elegant,,5,2
3447,52,male,asian,JP,JP,4,5,elegant,,1,1
3448,84,male,asian,JP,JP,3,5,elegant,,2,1
3449,49,male,asian,JP,JP,12,3,elegant,,2,1
3450,59,female,asian,JP,JP,1,4,elegant,,3,1
3451,61,male,other,JP,JP,5,5,elegant,,2,1
3452,76,male,asian,JP,JP,2,2,elegant,,1,1
3453,44,male,asian,JP,JP,12,9,elegant,,3,1
3454,64,male,asian,JP,JP,2,2,elegant,,1,1
3455,81,male,asian,JP,JP,2,2,elegant,,5,2
3456,58,male,asian,JP,JP,9,5,elegant,,2,1
3457,64,female,asian,JP,JP,1,5,elegant,,3,1
3458,76,male,asian,JP,JP,1,2,elegant,,4,2
3459,42,male,asian,JP,JP,6,6,elegant,,5,1
3460,74,male,asian,JP,JP,12,5,elegant,,2,1
3461,27,female,asian,JP,JP,5,2,elegant,,1,1
3462,55,male,asian,JP,JP,7,2,elegant,,1,1
3463,48,female,asian,JP,JP,2,2,elegant,,2,2
3464,43,female,asian,JP,JP,2,5,elegant,,2,1
3465,61,male,asian,JP,JP,3,5,elegant,,1,1
3466,55,male,asian,JP,JP,4,2,elegant,,2,1
3467,75,male,asian,JP,JP,1,2,elegant,,1,1
3468,31,female,asian,JP,JP,1,3,elegant,,5,2
3469,37,male,asian,JP,JP,12,2,elegant,,3,2
3470,61,female,asian,JP,JP,3,2,elegant,,5,1
3471,58,male,asian,JP,JP,12,2,elegant,,3,1
3472,74,male,asian,JP,JP,4,5,elegant,,1,1
3473,62,male,asian,JP,JP,1,5,elegant,,2,1
3474,50,male,asian,JP,JP,4,3,elegant,,5,2
3475,64,female,asian,JP,JP,1,4,elegant,,2,1
3476,38,female,asian,JP,JP,3,2,elegant,,5,2
3477,65,male,asian,JP,JP,2,5,elegant,,5,2
3478,82,male,asian,JP,JP,3,2,elegant,,4,1
3479,68,male,asian,JP,JP,6,5,elegant,,4,1
3480,51,male,asian,JP,JP,9,5,elegant,,4,1
3481,60,male,asian,JP,JP,7,2,elegant,,1,1
3482,45,female,asian,JP,JP,8,2,elegant,,3,1
3483,54,male,asian,JP,JP,4,5,elegant,,3,1
3484,69,female,asian,JP,JP,1,2,elegant,,4,1
3485,53,male,asian,JP,JP,1,3,elegant,,2,1
3486,43,female,asian,JP,JP,1,5,elegant,,5,2
3487,49,male,asian,JP,JP,6,5,elegant,,1,1
3488,65,male,asian,JP,JP,2,5,elegant,,2,1
3489,26,male,asian,JP,JP,3,5,elegant,,2,1
3490,51,female,asian,JP,JP,1,4,elegant,,2,1
3491,61,male,asian,JP,JP,2,2,elegant,,2,1
3492,62,male,asian,JP,JP,5,4,elegant,,3,1
3493,57,male,asian,JP,JP,1,5,elegant,,2,1
3494,66,male,asian,JP,JP,2,5,elegant,,2,1
3495,53,female,asian,JP,JP,1,2,elegant,,5,1
3496,57,male,asian,JP,JP,7,5,elegant,,2,1
3497,73,male,asian,JP,JP,3,6,elegant,,4,2
3498,71,male,asian,JP,JP,7,5,elegant,,2,1
3499,61,male,asian,JP,JP,5,5,elegant,,2,1
3500,49,male,asian,JP,JP,4,5,elegant,,4,2
3501,21,female,asian,JP,JP,12,5,elegant,,3,2
3502,26,male,asian,JP,JP,3,5,elegant,,5,2
3503,62,male,asian,JP,JP,5,5,elegant,,1,1
3504,66,male,asian,JP,JP,3,3,elegant,,2,1
3505,24,male,asian,JP,JP,6,2,elegant,,3,2
3506,48,male,asian,JP,JP,5,3,elegant,,3,1
3507,52,female,asian,JP,JP,6,2,elegant,,3,1
3508,41,male,asian,JP,JP,2,3,elegant,,5,2
3509,45,female,asian,JP,JP,7,2,elegant,,1,1
3510,67,male,asian,JP,JP,1,4,elegant,,1,1
3511,71,male,asian,JP,JP,1,2,elegant,,4,1
3512,53,male,asian,JP,JP,4,2,elegant,,3,1
3513,63,male,asian,JP,JP,1,5,elegant,,3,1
3514,,male,asian,JP,JP,9,5,elegant,,2,1
3515,50,female,asian,JP,JP,1,4,elegant,,4,2
3516,61,male,white,JP,JP,2,2,elegant,,2,1
3517,41,male,asian,JP,JP,8,5,elegant,,3,1
3518,74,male,asian,JP,JP,6,5,elegant,,2,1
3519,48,male,white,JP,JP,5,3,elegant,,3,1
3520,57,female,asian,JP,JP,1,4,elegant,,4,2
3521,32,female,white,JP,JP,12,5,elegant,,1,1
3522,50,male,asian,JP,JP,7,5,elegant,,5,2
3523,46,male,asian,JP,JP,9,3,elegant,,1,1
3524,43,male,asian,JP,JP,12,6,elegant,,2,1
3525,37,male,asian,JP,JP,1,3,elegant,,5,2
3526,72,male,asian,JP,JP,8,5,elegant,,4,2
3527,62,female,asian,JP,JP,1,2,elegant,,3,1
3528,42,female,prefer not to answer,JP,JP,4,2,elegant,,3,2
3529,23,female,prefer not to answer,JP,JP,12,5,elegant,,5,2
3530,61,male,asian,JP,JP,2,5,elegant,,2,1
3531,55,female,asian,JP,JP,12,5,elegant,,3,2
3532,66,male,asian,JP,JP,5,5,elegant,,2,1
3533,56,male,asian,JP,JP,11,5,elegant,,4,2
3534,,female,prefer not to answer,JP,JP,12,9,elegant,,4,2
3535,62,male,asian,JP,JP,6,5,elegant,,2,1
3536,48,male,asian,JP,JP,8,6,elegant,,3,1
3537,50,female,asian,JP,JP,5,3,elegant,,3,1
3538,39,female,asian,JP,JP,12,2,elegant,,4,2
3539,48,male,asian,JP,JP,3,3,elegant,,2,1
3540,56,male,asian,JP,JP,9,1,elegant,,1,1
3541,78,male,asian,JP,JP,3,6,elegant,,2,1
3542,50,male,asian,JP,JP,4,5,elegant,,2,1
3543,54,female,asian,JP,JP,3,5,elegant,,4,1
3544,43,male,asian,JP,JP,12,5,elegant,,4,2
3545,57,male,asian,JP,JP,4,1,elegant,,1,1
3546,29,male,asian,JP,JP,3,1,elegant,,2,2
3547,52,female,asian,JP,JP,2,3,elegant,,2,1
3548,57,female,other,JP,JP,2,2,elegant,,3,2
3549,82,female,asian,JP,JP,1,2,elegant,,5,2
3550,53,male,asian,JP,JP,8,5,elegant,,1,1
3551,55,male,asian,JP,JP,1,2,elegant,,4,2
3552,71,female,asian,JP,JP,1,5,elegant,,4,2
3553,75,female,asian,JP,JP,2,4,elegant,,4,2
3554,49,female,asian,JP,JP,1,5,elegant,,2,1
3555,65,male,asian,JP,JP,5,5,elegant,,1,1
3556,66,female,asian,JP,JP,12,4,elegant,,5,2
3557,63,male,asian,JP,JP,4,5,elegant,,2,1
3558,40,male,asian,JP,JP,6,2,elegant,,1,1
3559,60,male,asian,JP,JP,2,2,elegant,,3,1
3560,52,female,asian,JP,JP,9,4,elegant,,3,1
3561,75,male,asian,JP,JP,12,5,elegant,,2,1
3562,55,male,asian,JP,JP,9,5,elegant,,1,1
3563,67,male,asian,JP,JP,7,5,elegant,,3,1
3564,52,female,asian,JP,JP,2,5,elegant,,4,1
3565,55,female,asian,JP,JP,12,4,elegant,,3,2
3566,47,female,asian,JP,JP,12,5,elegant,,5,2
3567,78,male,asian,JP,JP,5,5,elegant,,1,1
3568,50,male,asian,JP,JP,8,2,elegant,,1,1
3569,,female,asian,JP,JP,12,5,elegant,,2,1
3570,69,male,asian,JP,JP,2,2,elegant,,3,1
3571,53,female,asian,JP,JP,1,2,elegant,,5,1
3572,46,female,asian,JP,JP,1,3,elegant,,5,2
3573,26,female,asian,JP,JP,2,2,elegant,,4,2
3574,70,female,asian,JP,JP,1,3,elegant,,2,1
3575,77,male,asian,JP,JP,2,3,elegant,,4,1
3576,77,male,asian,JP,JP,3,5,elegant,,1,1
3577,68,male,asian,JP,JP,12,5,elegant,,2,1
3578,57,female,asian,JP,JP,1,5,elegant,,5,2
3579,62,male,asian,JP,JP,4,5,elegant,,3,1
3580,67,male,asian,JP,JP,1,4,elegant,,2,1
3581,66,male,asian,JP,JP,3,5,elegant,,2,2
3582,35,female,asian,JP,JP,7,5,elegant,,5,2
3583,21,female,asian,JP,JP,1,5,elegant,,3,2
3584,48,male,asian,JP,JP,1,1,elegant,,5,2
3585,70,male,asian,JP,JP,2,2,elegant,,2,1
3586,45,male,asian,JP,JP,1,5,elegant,,3,1
3587,60,male,asian,JP,JP,4,5,elegant,,2,1
3588,48,female,asian,JP,JP,2,4,elegant,,5,2
3589,45,male,asian,JP,JP,12,8,elegant,,5,2
3590,60,male,asian,JP,JP,2,2,elegant,,4,1
3591,48,male,asian,JP,JP,2,2,elegant,,5,2
3592,34,female,asian,JP,JP,2,5,elegant,,2,1
3593,26,male,asian,JP,JP,1,2,elegant,,2,2
3594,53,male,asian,JP,JP,8,3,elegant,,1,1
3595,67,male,asian,JP,JP,8,5,elegant,,1,1
3596,31,male,asian,JP,JP,3,5,elegant,,3,2
3597,59,male,asian,JP,JP,1,2,elegant,,3,2
3598,52,male,asian,JP,JP,3,5,elegant,,1,2
3599,54,male,asian,JP,JP,5,5,elegant,,4,2
3600,35,male,asian,JP,JP,12,5,elegant,,5,2
3601,42,female,asian,JP,JP,2,5,elegant,,4,2
3602,77,male,asian,JP,JP,1,4,elegant,,2,2
3603,59,male,asian,JP,JP,1,2,elegant,,1,1
3604,37,female,asian,JP,JP,3,5,elegant,,1,1
3605,51,male,asian,JP,JP,11,5,elegant,,5,1
3606,39,male,asian,JP,JP,4,2,elegant,,1,1
3607,52,male,asian,JP,JP,2,2,elegant,,2,1
3608,52,male,asian,JP,JP,6,5,elegant,,2,1
3609,22,female,asian,JP,JP,12,5,elegant,,3,2
3610,47,male,asian,JP,JP,1,2,elegant,,5,1
3611,68,male,asian,JP,JP,1,5,elegant,,2,2
3612,45,male,asian,JP,JP,2,2,elegant,,2,1
3613,66,male,asian,JP,JP,10,6,elegant,,2,1
3614,,female,asian,JP,JP,12,5,elegant,,3,2
3615,47,female,asian,JP,JP,1,2,elegant,,2,1
3616,51,female,asian,JP,JP,1,3,elegant,,5,2
3617,59,male,asian,JP,JP,9,5,elegant,,5,1
3618,69,male,asian,JP,JP,3,5,elegant,,2,1
3619,84,male,asian,JP,JP,12,5,elegant,,1,1
3620,47,male,asian,JP,JP,4,2,elegant,,4,1
3621,29,female,asian,JP,JP,4,5,elegant,,5,2
3622,63,female,asian,JP,JP,2,2,elegant,,5,2
3623,39,male,asian,JP,JP,7,5,elegant,,2,2
3624,60,male,asian,JP,JP,5,5,elegant,,1,1
3625,54,male,asian,JP,JP,1,5,elegant,,5,2
3626,63,male,asian,JP,JP,2,5,elegant,,2,1
3627,66,male,asian,JP,JP,7,5,elegant,,1,1
3628,59,male,asian,JP,JP,1,5,elegant,,1,1
3629,53,female,asian,JP,JP,1,5,elegant,,5,2
3630,27,female,asian,JP,JP,6,3,elegant,,1,1
3631,44,female,asian,JP,JP,1,5,elegant,,5,1
3632,54,male,asian,JP,JP,8,5,elegant,,1,1
3633,71,female,asian,JP,JP,1,1,elegant,,4,2
3634,72,female,white,JP,JP,1,2,elegant,,2,2
3635,65,male,asian,JP,JP,1,2,elegant,,5,2
3636,71,male,asian,JP,JP,6,5,elegant,,3,1
3637,42,male,asian,JP,JP,5,2,elegant,,2,1
3638,74,male,asian,JP,JP,4,5,elegant,,1,1
3639,36,male,asian,JP,JP,8,5,elegant,,5,2
3640,32,female,asian,JP,JP,3,3,elegant,,5,2
3641,69,male,asian,JP,JP,2,5,elegant,,2,1
3642,47,male,asian,JP,JP,4,6,elegant,,2,1
3643,55,male,asian,JP,JP,11,5,elegant,,1,1
3644,50,female,asian,JP,JP,1,3,elegant,,3,1
3645,67,male,asian,JP,JP,10,5,elegant,,1,1
3646,54,female,asian,JP,JP,1,2,elegant,,2,1
3647,43,female,asian,JP,JP,5,5,elegant,,5,2
3648,83,male,asian,JP,JP,5,5,elegant,,3,1
3649,56,female,asian,JP,JP,1,5,elegant,,4,2
3650,73,male,asian,JP,JP,4,5,elegant,,1,1
3651,,male,asian,JP,JP,4,3,elegant,,3,1
3652,75,female,asian,JP,JP,1,2,elegant,,5,2
3653,51,male,asian,JP,JP,8,5,elegant,,4,2
3654,27,male,asian,JP,JP,4,5,elegant,,2,1
3655,32,female,asian,JP,JP,2,5,elegant,,5,2
3656,52,male,asian,JP,JP,8,5,elegant,,1,1
3657,66,male,asian,JP,JP,1,2,elegant,,3,1
3658,43,female,asian,JP,JP,1,2,elegant,,5,2
3659,60,male,asian,JP,JP,5,5,elegant,,1,1
3660,49,female,asian,JP,JP,2,5,elegant,,3,1
3661,59,male,asian,JP,JP,4,4,elegant,,2,1
3662,53,female,asian,JP,JP,1,4,elegant,,5,2
3663,55,female,asian,JP,JP,2,5,elegant,,5,2
3664,65,male,asian,JP,JP,3,5,elegant,,2,1
3665,66,male,asian,JP,JP,1,5,elegant,,5,2
3666,67,male,asian,JP,JP,5,2,elegant,,2,1
3667,49,male,asian,JP,JP,5,5,elegant,,4,1
3668,35,male,asian,JP,JP,2,3,elegant,,5,2
3669,69,male,asian,JP,JP,2,2,elegant,,3,2
3670,51,male,asian,JP,JP,4,6,elegant,,1,2
3671,53,male,asian,JP,JP,5,2,elegant,,1,1
3672,59,male,asian,JP,JP,1,2,elegant,,2,1
3673,73,male,asian,JP,JP,12,5,elegant,,5,2
3674,49,female,asian,JP,JP,2,3,elegant,,2,1
3675,65,male,asian,JP,JP,4,2,elegant,,2,1
3676,63,male,asian,JP,JP,4,5,elegant,,3,1
3677,39,female,asian,JP,JP,3,4,elegant,,2,1
3678,31,female,asian,JP,JP,2,3,elegant,,3,2
3679,27,male,asian,JP,JP,3,5,elegant,,5,2
3680,51,male,asian,JP,JP,6,5,elegant,,2,1
3681,72,male,asian,JP,JP,10,5,elegant,,2,1
3682,57,male,asian,JP,JP,9,5,elegant,,1,1
3683,56,male,asian,JP,JP,3,5,elegant,,2,1
3684,66,male,asian,JP,JP,3,5,elegant,,2,1
3685,52,female,asian,JP,JP,1,6,elegant,,2,1
3686,64,female,asian,JP,JP,1,5,elegant,,4,1
3687,48,female,asian,JP,JP,2,5,elegant,,4,2
3688,62,female,white,JP,JP,2,2,elegant,,3,1
3689,67,male,asian,JP,JP,10,3,elegant,,2,1
3690,54,female,asian,JP,JP,2,5,elegant,,4,2
3691,67,male,asian,JP,JP,4,2,elegant,,5,1
3692,59,male,asian,JP,JP,6,5,elegant,,1,1
3693,55,female,asian,JP,JP,1,4,elegant,,1,1
3694,54,male,asian,JP,JP,12,5,elegant,,4,1
3695,68,female,asian,JP,JP,1,2,elegant,,2,1
3696,50,female,asian,JP,JP,3,5,elegant,,3,2
3697,66,male,asian,JP,JP,2,5,elegant,,2,1
3698,61,male,asian,JP,JP,12,5,elegant,,1,1
3699,55,female,asian,JP,JP,1,5,elegant,,4,2
3700,60,female,asian,JP,JP,1,3,elegant,,4,2
3701,38,female,asian,JP,JP,4,5,elegant,,1,1
3702,57,male,asian,JP,JP,8,5,elegant,,3,1
3703,30,female,asian,JP,JP,1,3,elegant,,5,2
3704,55,male,asian,JP,JP,1,5,elegant,,2,1
3705,52,female,asian,JP,JP,1,4,elegant,,4,2
3706,60,female,asian,JP,JP,1,1,elegant,,3,1
3707,45,female,asian,JP,JP,2,5,elegant,,5,2
3708,70,male,asian,JP,JP,5,3,elegant,,4,1
3709,47,male,asian,JP,JP,5,6,elegant,,3,1
3710,53,male,asian,JP,JP,8,5,elegant,,2,1
3711,76,male,asian,JP,JP,2,5,elegant,,5,2
3712,79,male,asian,JP,JP,3,5,elegant,,2,1
3713,41,male,asian,JP,JP,8,5,elegant,,2,1
3714,65,male,asian,JP,JP,8,5,elegant,,4,1
3715,67,female,asian,JP,JP,2,4,elegant,,3,1
3716,52,male,asian,JP,JP,1,1,elegant,,2,1
3717,57,female,asian,JP,JP,1,4,elegant,,5,2
3718,48,male,asian,JP,JP,7,5,elegant,,3,1
3719,57,male,asian,JP,JP,11,5,elegant,,3,1
3720,57,female,asian,JP,JP,3,2,elegant,,5,2
3721,67,female,asian,JP,JP,1,5,elegant,,3,2
3722,66,male,asian,JP,JP,6,7,elegant,,1,1
3723,59,male,asian,JP,JP,2,2,elegant,,4,1
3724,53,male,asian,JP,JP,5,5,elegant,,1,1
3725,46,female,asian,JP,JP,12,5,elegant,,3,2
3726,74,male,asian,JP,JP,3,2,elegant,,2,1
3727,35,male,asian,JP,JP,3,5,elegant,,4,2
3728,53,male,asian,JP,JP,1,5,elegant,,4,1
3729,48,female,asian,JP,JP,12,5,elegant,,5,2
3730,52,male,asian,JP,JP,8,5,elegant,,2,1
3731,33,male,asian,JP,JP,5,5,elegant,,2,1
3732,75,male,asian,JP,JP,1,5,elegant,,5,2
3733,44,male,asian,JP,JP,4,5,elegant,,3,3
3734,75,male,asian,JP,JP,1,1,elegant,,2,1
3735,37,female,asian,JP,JP,6,6,elegant,,5,2
3736,59,male,asian,JP,JP,8,5,elegant,,1,1
3737,33,female,asian,JP,JP,1,5,elegant,,2,2
3738,60,male,asian,JP,JP,8,6,elegant,,1,1
3739,37,female,asian,JP,JP,1,5,elegant,,4,2
3740,58,male,asian,JP,JP,6,5,elegant,,3,2
3741,58,male,asian,JP,JP,7,5,elegant,,2,1
3742,48,female,asian,JP,JP,3,3,elegant,,2,1
3743,59,female,asian,JP,JP,5,2,elegant,,4,2
3744,36,male,asian,JP,JP,4,5,elegant,,1,1
3745,68,male,asian,JP,JP,4,5,elegant,,3,1
3746,62,male,asian,JP,JP,3,7,elegant,,4,2
3747,63,male,asian,JP,JP,8,5,elegant,,1,1
3748,74,female,asian,JP,JP,1,2,elegant,,1,1
3749,63,female,asian,JP,JP,12,5,elegant,,5,2
3750,47,female,asian,JP,JP,1,3,elegant,,5,2
3751,59,male,asian,JP,JP,9,5,elegant,,1,1
3752,30,female,asian,JP,JP,1,2,elegant,,3,1
3753,68,male,asian,JP,JP,4,6,elegant,,3,1
3754,35,female,asian,JP,JP,1,5,elegant,,5,2
3755,62,male,asian,JP,JP,12,6,elegant,,5,2
3756,66,male,asian,JP,JP,6,5,elegant,,4,1
3757,61,male,asian,JP,JP,4,5,elegant,,1,1
3758,69,male,asian,JP,JP,12,6,elegant,,1,1
3759,57,female,asian,JP,JP,12,5,elegant,,5,2
3760,58,male,asian,JP,JP,6,5,elegant,,1,1
3761,49,female,asian,JP,JP,1,4,elegant,,2,2
3762,30,female,asian,JP,JP,1,2,elegant,,4,2
3763,50,male,asian,JP,JP,9,2,elegant,,2,1
3764,41,male,asian,JP,JP,2,2,elegant,,2,1
3765,27,female,asian,JP,JP,6,2,elegant,,2,2
3766,75,male,asian,JP,JP,3,7,elegant,,4,1
3767,41,male,white,JP,JP,7,2,elegant,,1,1
3768,50,other,asian,JP,JP,12,2,elegant,,5,2
3769,45,female,asian,JP,JP,2,5,elegant,,4,1
3770,52,male,asian,JP,JP,6,5,elegant,,3,1
3771,81,female,asian,JP,JP,1,3,elegant,,2,2
3772,52,female,asian,JP,JP,1,5,elegant,,5,2
3773,70,female,asian,JP,JP,1,4,elegant,,5,2
3774,52,male,asian,JP,JP,8,5,elegant,,3,1
3775,56,male,asian,JP,JP,5,5,elegant,,4,1
3776,70,male,asian,JP,JP,8,5,elegant,,2,1
3777,67,male,asian,JP,JP,9,5,elegant,,2,1
3778,21,female,asian,JP,JP,1,1,elegant,,5,2
3779,30,female,asian,JP,JP,2,6,elegant,,4,2
3780,54,male,asian,JP,JP,8,5,elegant,,1,1
3781,50,male,asian,JP,JP,9,5,elegant,,1,1
3782,59,female,asian,JP,JP,1,2,elegant,,5,2
3783,43,male,asian,JP,JP,3,2,elegant,,2,1
3784,23,other,asian,JP,JP,12,9,elegant,,4,2
3785,41,female,asian,JP,JP,1,3,elegant,,4,1
3786,40,female,asian,JP,JP,1,3,elegant,,4,2
3787,51,male,asian,JP,JP,5,5,elegant,,2,1
3788,40,male,asian,JP,JP,6,5,elegant,,3,1
3789,23,female,prefer not to answer,JP,JP,12,3,elegant,,2,3
3790,50,female,asian,JP,JP,1,2,elegant,,2,1
3791,61,female,asian,JP,JP,1,6,elegant,,4,2
3792,28,female,asian,JP,JP,4,5,elegant,,5,3
3793,32,female,asian,JP,JP,6,5,elegant,,5,2
3794,54,female,asian,JP,JP,1,5,elegant,,4,1
3795,59,male,asian,JP,JP,7,5,elegant,,3,1
3796,64,male,asian,JP,JP,10,7,elegant,,1,1
3797,39,female,asian,JP,JP,1,1,elegant,,2,1
3798,65,male,asian,JP,JP,3,3,elegant,,2,1
3799,54,female,asian,JP,JP,3,5,elegant,,5,1
3800,51,male,asian,JP,JP,1,6,elegant,,5,1
3801,40,male,asian,JP,JP,8,5,elegant,,1,1
3802,32,female,asian,JP,JP,3,5,elegant,,3,2
3803,73,female,asian,JP,JP,4,5,elegant,,3,1
3804,69,female,asian,JP,JP,1,5,elegant,,5,2
3805,77,male,asian,JP,JP,4,5,elegant,,2,1
3806,48,male,asian,JP,JP,6,5,elegant,,2,1
3807,55,female,asian,JP,JP,1,5,elegant,,3,1
3808,41,female,asian,JP,JP,1,5,elegant,,2,1
3809,58,male,asian,JP,JP,12,2,elegant,,4,2
3810,40,male,asian,JP,JP,7,5,elegant,,1,1
3811,42,male,asian,JP,JP,7,5,elegant,,5,2
3812,57,male,asian,JP,JP,4,3,elegant,,3,1
3813,64,female,asian,JP,JP,1,2,elegant,,4,1
3814,70,female,asian,JP,JP,3,5,elegant,,5,2
3815,43,female,asian,JP,JP,12,5,elegant,,5,2
3816,46,female,asian,JP,JP,4,5,elegant,,2,2
3817,68,female,asian,JP,JP,1,5,elegant,,2,1
3818,50,female,white,JP,JP,1,4,elegant,,1,1
3819,44,female,asian,JP,JP,1,2,elegant,,3,1
3820,72,male,asian,JP,JP,3,5,elegant,,1,1
3821,50,male,asian,JP,JP,8,2,elegant,,2,1
3822,64,female,asian,JP,JP,1,3,elegant,,4,2
3823,80,female,asian,JP,JP,2,2,elegant,,3,1
3824,27,male,asian,JP,JP,3,3,elegant,,1,2
3825,59,male,asian,JP,JP,9,5,elegant,,2,1
3826,52,male,asian,JP,JP,5,2,elegant,,3,1
3827,64,female,asian,JP,JP,1,2,elegant,,3,1
3828,75,male,asian,JP,JP,1,2,elegant,,3,1
3829,67,male,asian,JP,JP,8,5,elegant,,1,1
3830,78,female,asian,JP,JP,1,4,elegant,,3,1
3831,38,male,asian,JP,JP,3,5,elegant,,5,2
3832,47,male,asian,JP,JP,3,5,elegant,,5,2
3833,28,female,asian,JP,JP,12,4,elegant,,1,2
3834,56,female,asian,JP,JP,1,5,elegant,,5,2
3835,67,male,asian,JP,JP,9,5,elegant,,2,1
3836,47,female,asian,JP,JP,7,3,elegant,,2,1
3837,77,male,asian,JP,JP,2,2,elegant,,1,1
3838,63,male,asian,JP,JP,12,5,elegant,,2,1
3839,75,female,asian,JP,JP,1,5,elegant,,5,2
3840,56,male,asian,JP,JP,3,2,elegant,,1,1
3841,54,male,asian,JP,JP,8,5,elegant,,1,1
3842,54,male,asian,JP,JP,9,2,elegant,,2,1
3843,65,male,asian,JP,JP,1,5,elegant,,2,1
3844,63,male,asian,JP,JP,9,5,elegant,,2,1
3845,55,male,asian,JP,JP,8,2,elegant,,2,1
3846,32,male,asian,JP,JP,7,5,elegant,,1,1
3847,59,male,asian,JP,JP,9,5,elegant,,2,1
3848,54,male,asian,JP,JP,12,3,elegant,,1,1
3849,30,female,asian,JP,JP,5,5,elegant,,3,2
3850,29,male,asian,JP,JP,8,5,elegant,,1,1
3851,53,female,asian,JP,JP,1,3,elegant,,2,2
3852,59,female,asian,JP,JP,1,3,elegant,,4,2
3853,53,female,asian,JP,JP,1,4,elegant,,4,2
3854,37,male,asian,JP,JP,1,3,elegant,,5,2
3855,66,female,white,JP,JP,12,5,elegant,,5,2
3856,63,female,asian,JP,JP,1,4,elegant,,5,1
3857,72,female,asian,JP,JP,1,5,elegant,,1,1
3858,56,male,asian,JP,JP,5,2,elegant,,1,1
3859,27,female,asian,JP,JP,1,4,elegant,,5,2
3860,60,female,asian,JP,JP,1,5,elegant,,5,2
3861,44,male,asian,JP,JP,3,2,elegant,,1,1
3862,47,male,asian,JP,JP,7,5,elegant,,1,1
3863,55,female,asian,JP,JP,1,4,elegant,,3,2
3864,57,male,asian,JP,JP,6,5,elegant,,2,1
3865,42,female,asian,JP,JP,1,4,elegant,,2,1
3866,28,male,asian,JP,JP,5,5,elegant,,2,1
3867,54,female,asian,JP,JP,12,4,elegant,,1,1
3868,30,female,asian,JP,JP,12,5,elegant,,2,1
3869,22,female,asian,JP,JP,1,2,elegant,,2,1
3870,62,male,asian,JP,JP,3,5,elegant,,5,1
3871,59,male,asian,JP,JP,9,5,elegant,,3,1
3872,73,male,asian,JP,JP,1,5,elegant,,4,2
3873,74,female,asian,JP,JP,12,9,elegant,,5,2
3874,41,male,asian,JP,JP,1,2,elegant,,3,1
3875,60,male,asian,JP,JP,3,3,elegant,,1,1
3876,51,male,asian,JP,JP,2,4,elegant,,2,1
3877,54,male,asian,JP,JP,6,2,elegant,,4,1
3878,55,female,asian,JP,JP,12,2,elegant,,3,1
3879,33,female,white,JP,JP,3,2,elegant,,2,1
3880,51,male,asian,JP,JP,8,6,elegant,,2,1
3881,36,female,asian,JP,JP,12,5,elegant,,5,2
3882,33,female,asian,JP,JP,2,5,elegant,,3,2
3883,56,female,asian,JP,JP,5,2,elegant,,4,1
3884,40,female,white,JP,JP,1,2,elegant,,2,2
3885,52,male,asian,JP,JP,4,2,elegant,,2,1
3886,70,male,asian,JP,JP,4,5,elegant,,4,2
3887,46,male,asian,JP,JP,6,2,elegant,,3,1
3888,47,female,asian,JP,JP,5,4,elegant,,2,1
3889,57,male,asian,JP,JP,12,5,elegant,,2,1
3890,45,female,asian,JP,JP,2,4,elegant,,2,2
3891,56,female,asian,JP,JP,1,5,elegant,,1,1
3892,48,male,asian,JP,JP,3,5,elegant,,2,1
3893,62,male,other,JP,JP,1,4,elegant,,1,1
3894,48,female,asian,JP,JP,1,4,elegant,,4,1
3895,59,male,asian,JP,JP,10,7,elegant,,2,1
3896,68,female,asian,JP,JP,1,5,elegant,,3,2
3897,56,male,asian,JP,JP,8,5,elegant,,1,1
3898,28,female,asian,JP,JP,12,2,elegant,,5,2
3899,61,female,asian,JP,JP,1,4,elegant,,4,2
3900,60,male,asian,JP,JP,9,6,elegant,,1,1
3901,41,female,asian,JP,JP,1,3,elegant,,2,1
3902,55,male,asian,JP,JP,7,5,elegant,,2,1
3903,64,male,white,JP,JP,5,4,elegant,,3,1
3904,59,male,asian,JP,JP,8,2,elegant,,1,1
3905,47,male,asian,JP,JP,7,5,elegant,,1,1
3906,74,male,asian,JP,JP,2,5,elegant,,2,1
3907,75,male,asian,JP,JP,3,2,elegant,,2,1
3908,26,female,asian,JP,JP,2,3,elegant,,5,2
3909,56,female,asian,JP,JP,5,4,elegant,,5,2
3910,65,male,asian,JP,JP,1,5,elegant,,3,2
3911,37,male,asian,JP,JP,3,3,elegant,,2,1
3912,72,male,asian,JP,JP,3,5,elegant,,2,1
3913,53,male,asian,JP,JP,8,2,elegant,,1,1
3914,70,male,asian,JP,JP,12,5,elegant,,3,1
3915,53,female,asian,JP,JP,1,2,elegant,,5,2
3916,65,female,asian,JP,JP,1,4,elegant,,4,2
3917,46,male,asian,JP,JP,2,5,elegant,,2,2
3918,51,female,asian,JP,JP,12,2,elegant,,2,2
3919,48,female,asian,JP,JP,1,1,elegant,,5,2
3920,59,male,asian,JP,JP,3,5,elegant,,3,2
3921,73,male,asian,JP,JP,12,6,elegant,,2,1
3922,51,male,asian,JP,JP,6,2,elegant,,4,2
3923,46,female,asian,JP,JP,12,5,elegant,,3,1
3924,40,female,asian,JP,JP,1,5,elegant,,4,2
3925,77,female,asian,JP,JP,12,5,elegant,,3,1
3926,47,male,asian,JP,JP,9,6,elegant,,5,2
3927,67,male,asian,JP,JP,4,6,elegant,,2,1
3928,41,female,asian,JP,JP,1,2,elegant,,5,2
3929,53,female,asian,JP,JP,1,2,elegant,,5,2
3930,49,male,asian,JP,JP,5,5,elegant,,3,1
3931,40,female,asian,JP,JP,1,5,elegant,,4,1
3932,68,male,asian,JP,JP,3,5,elegant,,4,1
3933,48,male,asian,JP,JP,8,5,elegant,,3,2
3934,39,female,asian,JP,JP,1,6,elegant,,2,1
3935,51,male,asian,JP,JP,8,6,elegant,,2,1
3936,48,male,asian,JP,JP,4,5,elegant,,2,1
3937,70,male,asian,JP,JP,4,2,elegant,,5,2
3938,44,female,asian,JP,JP,1,5,elegant,,3,2
3939,72,male,asian,JP,JP,3,5,elegant,,2,1
3940,79,male,asian,JP,JP,2,5,elegant,,2,1
3941,52,male,asian,JP,JP,8,5,elegant,,2,1
3942,31,male,asian,JP,JP,4,5,elegant,,2,1
3943,36,male,asian,JP,JP,6,5,elegant,,5,2
3944,71,male,asian,JP,JP,2,2,elegant,,4,2
3945,73,male,asian,JP,JP,2,2,elegant,,4,1
3946,74,male,asian,JP,JP,1,2,elegant,,2,1
3947,58,male,asian,JP,JP,1,2,elegant,,3,1
3948,56,male,asian,JP,JP,9,5,elegant,,1,1
3949,45,female,asian,JP,JP,2,4,elegant,,2,1
3950,42,male,asian,JP,JP,5,2,elegant,,3,2
3951,46,male,asian,JP,JP,1,2,elegant,,4,1
3952,59,male,asian,JP,JP,7,4,elegant,,1,1
3953,74,male,asian,JP,JP,3,5,elegant,,2,1
3954,71,female,asian,JP,JP,12,4,elegant,,5,1
3955,41,female,asian,JP,JP,1,6,elegant,,5,2
3956,56,male,asian,JP,JP,7,5,elegant,,2,1
3957,28,female,asian,JP,JP,1,2,elegant,,5,1
3958,76,male,asian,JP,JP,1,2,elegant,,4,1
3959,21,female,asian,JP,JP,2,9,elegant,,2,2
3960,51,female,asian,JP,JP,2,2,elegant,,5,2
3961,48,male,asian,JP,JP,6,2,elegant,,1,1
3962,57,female,asian,JP,JP,1,4,elegant,,5,2
3963,50,male,asian,JP,JP,1,1,elegant,,1,1
3964,62,male,asian,JP,JP,2,2,elegant,,4,1
3965,44,female,asian,JP,JP,1,4,elegant,,4,2
3966,35,female,asian,JP,JP,1,4,elegant,,3,2
3967,68,male,asian,JP,JP,12,5,elegant,,2,1
3968,50,male,asian,JP,JP,12,5,elegant,,5,2
3969,46,female,asian,JP,JP,1,2,elegant,,5,2
3970,44,male,asian,JP,JP,6,6,elegant,,5,2
3971,39,male,asian,JP,JP,4,5,elegant,,1,1
3972,35,female,asian,JP,JP,4,5,elegant,,5,2
3973,60,male,asian,JP,JP,5,5,elegant,,2,1
3974,50,female,asian,JP,JP,1,2,elegant,,4,1
3975,61,female,asian,JP,JP,3,2,elegant,,2,2
3976,71,female,asian,JP,JP,3,5,elegant,,4,2
3977,32,female,asian,JP,JP,8,5,elegant,,2,2
3978,49,female,asian,JP,JP,1,2,elegant,,1,1
3979,54,male,asian,JP,JP,2,2,elegant,,3,2
3980,68,male,asian,JP,JP,1,5,elegant,,4,1
3981,26,female,asian,JP,JP,1,5,elegant,,3,2
3982,38,female,asian,JP,JP,1,3,elegant,,2,1
3983,53,male,asian,JP,JP,6,6,elegant,,5,2
3984,37,female,asian,JP,JP,1,1,elegant,,4,2
3985,55,female,asian,JP,JP,1,5,elegant,,5,2
3986,50,female,asian,JP,JP,1,3,elegant,,5,2
3987,49,male,asian,JP,JP,8,6,elegant,,1,1
3988,68,male,asian,JP,JP,12,3,elegant,,2,1
3989,64,female,asian,JP,JP,12,5,elegant,,4,2
3990,62,male,asian,JP,JP,9,3,elegant,,3,2
3991,22,female,asian,JP,JP,12,2,elegant,,2,2
3992,46,female,asian,JP,JP,1,3,elegant,,2,1
3993,61,male,asian,JP,JP,7,2,elegant,,2,1
3994,48,male,asian,JP,JP,5,5,elegant,,2,1
3995,27,female,asian,JP,JP,2,3,elegant,,2,2
3996,61,female,asian,JP,JP,4,6,elegant,,2,2
3997,45,female,asian,JP,JP,1,5,elegant,,4,1
3998,37,female,asian,JP,JP,1,5,elegant,,5,2
3999,57,male,asian,JP,JP,4,2,elegant,,1,1
4000,52,female,asian,JP,JP,1,3,stylish,,4,2
4001,66,female,asian,JP,JP,1,2,stylish,,2,1
4002,81,male,asian,JP,JP,2,7,stylish,,3,2
4003,59,female,asian,JP,JP,4,5,stylish,,4,1
4004,48,female,asian,JP,JP,9,5,stylish,,3,2
4005,49,male,asian,JP,JP,4,5,stylish,,4,1
4006,72,male,asian,JP,JP,4,5,stylish,,2,1
4007,48,female,asian,JP,JP,1,4,stylish,,5,2
4008,44,male,asian,JP,JP,1,2,stylish,,2,1
4009,76,female,other,JP,JP,1,9,stylish,,2,1
4010,47,female,asian,JP,JP,1,2,stylish,,5,2
4011,61,male,asian,JP,JP,2,5,stylish,,5,2
4012,34,female,asian,JP,JP,3,5,stylish,,5,2
4013,65,male,asian,JP,JP,3,2,stylish,,3,1
4014,81,female,asian,JP,JP,1,1,stylish,,3,2
4015,51,male,asian,JP,JP,7,5,stylish,,5,2
4016,30,female,asian,JP,JP,2,5,stylish,,5,2
4017,38,female,asian,JP,JP,4,4,stylish,,4,2
4018,57,male,asian,JP,JP,4,5,stylish,,2,2
4019,68,male,asian,JP,JP,8,5,stylish,,3,1
4020,33,male,asian,JP,JP,9,6,stylish,,1,1
4021,57,male,asian,JP,JP,9,5,stylish,,1,1
4022,64,male,asian,JP,JP,4,2,stylish,,1,1
4023,67,male,asian,JP,JP,2,6,stylish,,4,2
4024,43,male,asian,JP,JP,1,2,stylish,,5,2
4025,69,male,asian,JP,JP,3,5,stylish,,4,1
4026,43,female,asian,JP,JP,3,2,stylish,,2,1
4027,31,female,asian,JP,JP,1,2,stylish,,4,2
4028,71,male,asian,JP,JP,2,5,stylish,,5,2
4029,41,female,asian,JP,JP,1,5,stylish,,4,2
4030,40,male,asian,JP,JP,4,2,stylish,,2,1
4031,26,female,asian,JP,JP,1,2,stylish,,5,2
4032,53,female,other,JP,JP,12,2,stylish,,5,2
4033,37,female,asian,JP,JP,1,3,stylish,,3,1
4034,66,female,asian,JP,JP,12,2,stylish,,5,2
4035,28,female,asian,JP,JP,5,5,stylish,,1,1
4036,43,male,asian,JP,JP,1,3,stylish,,1,1
4037,25,male,asian,JP,JP,1,5,stylish,,5,2
4038,49,female,asian,JP,JP,1,4,stylish,,1,1
4039,47,male,asian,JP,JP,4,2,stylish,,2,2
4040,79,female,asian,JP,JP,1,1,stylish,,4,2
4041,35,male,asian,JP,JP,1,5,stylish,,3,2
4042,57,female,asian,JP,JP,1,4,stylish,,3,1
4043,47,male,asian,JP,JP,5,2,stylish,,4,1
4044,39,female,asian,JP,JP,12,2,stylish,,1,1
4045,44,female,asian,JP,JP,1,2,stylish,,5,2
4046,46,female,asian,JP,JP,12,2,stylish,,5,2
4047,57,male,asian,JP,JP,3,2,stylish,,3,1
4048,41,male,asian,JP,JP,6,5,stylish,,2,1
4049,66,male,asian,JP,JP,1,3,stylish,,1,1
4050,61,male,asian,JP,JP,4,2,stylish,,3,1
4051,32,female,asian,JP,JP,2,3,stylish,,2,1
4052,45,female,asian,JP,JP,1,3,stylish,,1,2
4053,59,male,asian,JP,JP,3,2,stylish,,1,1
4054,52,male,asian,JP,JP,5,4,stylish,,1,1
4055,62,male,asian,JP,JP,2,5,stylish,,1,1
4056,44,female,asian,JP,JP,1,2,stylish,,5,2
4057,33,male,asian,JP,JP,4,2,stylish,,2,2
4058,46,female,asian,JP,JP,3,4,stylish,,5,2
4059,29,male,asian,JP,JP,12,1,stylish,,3,2
4060,49,female,white,JP,JP,1,4,stylish,,2,1
4061,71,male,asian,JP,JP,6,5,stylish,,1,1
4062,59,male,asian,JP,JP,12,7,stylish,,5,1
4063,47,male,asian,JP,JP,1,1,stylish,,5,2
4064,83,male,asian,JP,JP,2,5,stylish,,2,2
4065,57,male,white,JP,JP,12,5,stylish,,2,1
4066,67,male,asian,JP,JP,3,2,stylish,,3,1
4067,58,male,other,JP,JP,1,2,stylish,,2,3
4068,60,female,asian,JP,JP,1,2,stylish,,2,1
4069,71,male,asian,JP,JP,2,1,stylish,,5,2
4070,66,male,asian,JP,JP,2,5,stylish,,2,1
4071,54,male,asian,JP,JP,9,6,stylish,,3,1
4072,59,male,asian,JP,JP,12,2,stylish,,3,1
4073,52,female,asian,JP,JP,1,2,stylish,,5,2
4074,62,male,asian,JP,JP,1,5,stylish,,5,2
4075,65,female,asian,JP,JP,1,5,stylish,,2,1
4076,50,male,white,JP,JP,5,5,stylish,,3,1
4077,51,male,asian,JP,JP,4,5,stylish,,1,1
4078,46,female,asian,JP,JP,1,5,stylish,,2,1
4079,66,male,asian,JP,JP,2,5,stylish,,2,1
4080,86,male,asian,JP,JP,3,5,stylish,,2,2
4081,36,male,asian,JP,JP,4,5,stylish,,3,1
4082,68,male,asian,JP,JP,7,5,stylish,,3,1
4083,55,male,asian,JP,JP,2,2,stylish,,1,1
4084,66,male,asian,JP,JP,1,5,stylish,,4,2
4085,45,female,asian,JP,JP,12,5,stylish,,2,2
4086,55,male,asian,JP,JP,5,2,stylish,,2,1
4087,37,female,asian,JP,JP,1,5,stylish,,4,2
4088,,male,asian,JP,JP,12,5,stylish,,5,2
4089,59,male,asian,JP,JP,8,5,stylish,,5,2
4090,58,female,asian,JP,JP,1,2,stylish,,5,2
4091,57,female,asian,JP,JP,1,5,stylish,,3,1
4092,67,male,asian,JP,JP,12,3,stylish,,3,1
4093,44,male,asian,JP,JP,5,5,stylish,,4,1
4094,65,male,asian,JP,JP,5,5,stylish,,4,1
4095,73,female,asian,JP,JP,1,5,stylish,,3,1
4096,39,female,asian,JP,JP,5,5,stylish,,4,2
4097,84,male,asian,JP,JP,8,5,stylish,,1,1
4098,40,female,asian,JP,JP,1,4,stylish,,4,2
4099,50,female,asian,JP,JP,1,3,stylish,,2,2
4100,49,female,asian,JP,JP,2,4,stylish,,4,1
4101,56,male,asian,JP,JP,7,5,stylish,,2,1
4102,66,male,asian,JP,JP,3,5,stylish,,2,1
4103,66,female,asian,JP,JP,1,5,stylish,,4,1
4104,54,female,asian,JP,JP,12,4,stylish,,3,1
4105,45,male,other,JP,JP,3,2,stylish,,1,2
4106,55,male,asian,JP,JP,9,3,stylish,,1,1
4107,52,male,asian,JP,JP,1,3,stylish,,3,1
4108,45,female,asian,JP,JP,2,2,stylish,,1,1
4109,44,female,asian,JP,JP,2,3,stylish,,4,2
4110,42,female,asian,JP,JP,1,5,stylish,,1,2
4111,35,female,asian,JP,JP,1,3,stylish,,2,1
4112,46,female,asian,JP,JP,1,2,stylish,,4,1
4113,61,female,asian,JP,JP,1,2,stylish,,5,2
4114,46,male,asian,JP,JP,6,5,stylish,,2,1
4115,57,male,asian,JP,JP,12,2,stylish,,2,1
4116,55,male,asian,JP,JP,2,2,stylish,,1,1
4117,53,male,asian,JP,JP,8,2,stylish,,1,1
4118,65,male,other,JP,JP,12,5,stylish,,2,1
4119,66,male,asian,JP,JP,9,5,stylish,,1,1
4120,28,female,asian,JP,JP,2,5,stylish,,2,1
4121,51,male,asian,JP,JP,4,5,stylish,,5,2
4122,53,female,asian,JP,JP,4,5,stylish,,4,2
4123,44,female,asian,JP,JP,1,2,stylish,,3,1
4124,47,female,asian,JP,JP,5,2,stylish,,5,2
4125,55,male,asian,JP,JP,8,3,stylish,,1,1
4126,65,female,asian,JP,JP,1,2,stylish,,3,1
4127,70,male,asian,JP,JP,2,5,stylish,,4,2
4128,48,male,asian,JP,JP,9,5,stylish,,2,1
4129,40,female,asian,JP,JP,1,3,stylish,,5,2
4130,68,male,asian,JP,JP,2,5,stylish,,1,1
4131,62,female,asian,JP,JP,12,3,stylish,,3,1
4132,82,male,asian,JP,JP,3,2,stylish,,2,1
4133,66,male,asian,JP,JP,12,5,stylish,,4,1
4134,52,male,asian,JP,JP,7,6,stylish,,5,1
4135,62,male,asian,JP,JP,10,5,stylish,,3,1
4136,80,male,asian,JP,JP,5,5,stylish,,2,1
4137,67,male,asian,JP,JP,3,5,stylish,,3,2
4138,42,female,asian,JP,JP,1,5,stylish,,4,2
4139,34,male,asian,JP,JP,7,5,stylish,,2,1
4140,52,male,asian,JP,JP,9,4,stylish,,2,1
4141,53,female,asian,JP,JP,2,5,stylish,,3,1
4142,48,male,asian,JP,JP,4,5,stylish,,2,1
4143,47,male,asian,JP,JP,9,5,stylish,,1,1
4144,56,female,asian,JP,JP,8,7,stylish,,2,1
4145,40,female,asian,JP,JP,1,3,stylish,,2,1
4146,63,male,asian,JP,JP,3,2,stylish,,3,1
4147,45,female,asian,JP,JP,1,4,stylish,,1,1
4148,51,male,asian,JP,JP,9,5,stylish,,5,1
4149,48,male,asian,JP,JP,7,5,stylish,,2,1
4150,74,male,asian,JP,JP,3,5,stylish,,5,2
4151,53,male,asian,JP,JP,8,5,stylish,,1,1
4152,49,male,asian,JP,JP,8,5,stylish,,2,1
4153,41,male,asian,JP,JP,7,6,stylish,,1,1
4154,76,male,asian,JP,JP,1,2,stylish,,5,2
4155,34,female,prefer not to answer,JP,JP,1,5,stylish,,5,2
4156,29,male,asian,JP,JP,3,2,stylish,,2,1
4157,67,female,asian,JP,JP,5,4,stylish,,3,2
4158,48,female,asian,JP,JP,1,5,stylish,,4,2
4159,62,male,asian,JP,JP,12,3,stylish,,1,1
4160,55,male,asian,JP,JP,2,2,stylish,,1,1
4161,43,male,asian,JP,JP,1,3,stylish,,2,1
4162,48,male,asian,JP,JP,4,5,stylish,,2,1
4163,55,female,asian,JP,JP,8,6,stylish,,5,2
4164,74,male,white,JP,JP,2,2,stylish,,2,1
4165,51,female,asian,JP,JP,4,5,stylish,,5,2
4166,64,male,asian,JP,JP,3,5,stylish,,1,1
4167,64,female,asian,JP,JP,1,4,stylish,,2,2
4168,53,male,asian,JP,JP,1,2,stylish,,5,2
4169,60,male,asian,JP,JP,8,5,stylish,,1,1
4170,72,male,asian,JP,JP,2,5,stylish,,2,1
4171,69,male,asian,JP,JP,1,1,stylish,,1,1
4172,51,male,asian,JP,JP,12,2,stylish,,2,1
4173,46,male,asian,JP,JP,7,6,stylish,,3,2
4174,41,male,asian,JP,JP,4,5,stylish,,2,1
4175,67,female,asian,JP,JP,1,5,stylish,,3,1
4176,64,male,asian,JP,JP,1,3,stylish,,1,1
4177,62,male,asian,JP,JP,1,2,stylish,,1,2
4178,43,female,asian,JP,JP,1,4,stylish,,1,2
4179,69,male,asian,JP,JP,1,2,stylish,,2,1
4180,47,male,asian,JP,JP,5,5,stylish,,4,2
4181,30,female,asian,JP,JP,12,5,stylish,,5,2
4182,49,female,asian,JP,JP,4,4,stylish,,1,2
4183,37,female,asian,JP,JP,1,5,stylish,,4,1
4184,66,male,asian,JP,JP,10,5,stylish,,3,1
4185,54,male,asian,JP,JP,8,5,stylish,,1,1
4186,45,female,asian,JP,JP,1,3,stylish,,5,2
4187,67,male,asian,JP,JP,4,5,stylish,,3,1
4188,55,male,asian,JP,JP,7,5,stylish,,1,1
4189,38,female,asian,JP,JP,1,4,stylish,,2,1
4190,32,male,asian,JP,JP,9,5,stylish,,1,1
4191,54,male,asian,JP,JP,6,5,stylish,,4,1
4192,40,female,asian,JP,JP,12,2,stylish,,5,2
4193,45,female,asian,JP,JP,2,4,stylish,,5,1
4194,58,male,asian,JP,JP,12,5,stylish,,2,1
4195,56,male,asian,JP,JP,2,5,stylish,,2,2
4196,64,male,asian,JP,JP,6,5,stylish,,1,1
4197,74,male,asian,JP,JP,2,2,stylish,,2,1
4198,68,male,asian,JP,JP,12,2,stylish,,1,1
4199,37,female,asian,JP,JP,1,2,stylish,,3,1
4200,56,female,asian,JP,JP,1,5,stylish,,4,2
4201,60,female,asian,JP,JP,1,4,stylish,,5,2
4202,65,male,asian,JP,JP,5,5,stylish,,5,2
4203,77,male,asian,JP,JP,3,5,stylish,,5,2
4204,74,female,asian,JP,JP,12,4,stylish,,2,1
4205,37,female,asian,JP,JP,5,5,stylish,,2,1
4206,54,female,asian,JP,JP,1,2,stylish,,5,2
4207,42,female,asian,JP,JP,1,2,stylish,,1,1
4208,53,female,asian,JP,JP,1,3,stylish,,1,1
4209,44,female,asian,JP,JP,2,4,stylish,,2,1
4210,62,female,asian,JP,JP,1,2,stylish,,4,2
4211,37,male,asian,JP,JP,9,6,stylish,,1,1
4212,68,male,asian,JP,JP,1,5,stylish,,4,1
4213,77,female,asian,JP,JP,2,4,stylish,,3,2
4214,47,female,asian,JP,JP,1,4,stylish,,2,1
4215,53,male,asian,JP,JP,4,3,stylish,,1,1
4216,61,female,asian,JP,JP,12,4,stylish,,3,1
4217,62,male,asian,JP,JP,3,2,stylish,,4,1
4218,56,male,asian,JP,JP,7,2,stylish,,1,1
4219,63,male,asian,JP,JP,5,5,stylish,,2,2
4220,47,male,asian,JP,JP,12,6,stylish,,5,1
4221,60,male,asian,JP,JP,12,3,stylish,,2,1
4222,80,male,asian,JP,JP,3,5,stylish,,1,1
4223,77,male,asian,JP,JP,3,5,stylish,,3,2
4224,71,female,other,JP,JP,1,5,stylish,,4,2
4225,54,female,asian,JP,JP,7,5,stylish,,2,1
4226,22,male,asian,JP,JP,1,2,stylish,,2,2
4227,53,female,asian,JP,JP,1,4,stylish,,1,1
4228,76,male,asian,JP,JP,3,5,stylish,,2,1
4229,53,male,asian,JP,JP,10,5,stylish,,1,1
4230,58,male,asian,JP,JP,8,4,stylish,,1,1
4231,66,male,asian,JP,JP,1,2,stylish,,1,1
4232,71,male,asian,JP,JP,8,5,stylish,,1,1
4233,52,male,asian,JP,JP,4,2,stylish,,3,1
4234,51,male,asian,JP,JP,6,5,stylish,,2,1
4235,31,male,asian,JP,JP,3,5,stylish,,1,2
4236,63,male,asian,JP,JP,3,5,stylish,,1,1
4237,70,male,asian,JP,JP,2,2,stylish,,5,2
4238,69,male,asian,JP,JP,2,5,stylish,,1,1
4239,50,female,asian,JP,JP,12,4,stylish,,3,1
4240,64,female,asian,JP,JP,1,2,stylish,,3,1
4241,75,male,asian,JP,JP,3,5,stylish,,5,1
4242,30,female,asian,JP,JP,3,2,stylish,,5,2
4243,63,male,asian,JP,JP,1,5,stylish,,5,2
4244,51,male,asian,JP,JP,3,3,stylish,,3,2
4245,74,male,asian,JP,JP,1,5,stylish,,5,1
4246,61,male,other,JP,JP,6,5,stylish,,1,1
4247,45,male,asian,JP,JP,1,2,stylish,,2,1
4248,76,male,asian,JP,JP,12,2,stylish,,2,1
4249,51,female,asian,JP,JP,1,1,stylish,,4,2
4250,57,male,asian,JP,JP,6,5,stylish,,3,1
4251,57,female,asian,JP,JP,5,3,stylish,,5,2
4252,57,female,asian,JP,JP,1,4,stylish,,4,1
4253,75,male,asian,JP,JP,12,5,stylish,,2,1
4254,53,male,asian,JP,JP,2,5,stylish,,3,1
4255,44,male,asian,JP,JP,1,5,stylish,,3,2
4256,49,male,asian,JP,JP,8,2,stylish,,5,1
4257,60,male,asian,JP,JP,6,5,stylish,,1,1
4258,67,male,asian,JP,JP,2,5,stylish,,2,1
4259,60,female,asian,JP,JP,1,5,stylish,,4,2
4260,80,male,asian,JP,JP,12,5,stylish,,3,1
4261,77,male,asian,JP,JP,3,5,stylish,,3,1
4262,75,male,asian,JP,JP,3,5,stylish,,3,1
4263,34,female,asian,JP,JP,5,5,stylish,,3,1
4264,41,male,asian,JP,JP,4,5,stylish,,1,1
4265,58,male,asian,JP,JP,1,5,stylish,,4,1
4266,61,female,asian,JP,JP,4,3,stylish,,2,1
4267,29,female,asian,JP,JP,3,5,stylish,,2,2
4268,43,male,asian,JP,JP,3,4,stylish,,5,1
4269,42,female,asian,JP,JP,4,6,stylish,,2,1
4270,66,male,asian,JP,JP,1,5,stylish,,5,1
4271,61,male,asian,JP,JP,4,3,stylish,,3,1
4272,63,female,asian,JP,JP,1,2,stylish,,4,2
4273,52,female,prefer not to answer,JP,JP,1,4,stylish,,5,1
4274,42,female,prefer not to answer,JP,JP,12,2,stylish,,3,1
4275,52,female,asian,JP,JP,6,4,stylish,,4,1
4276,66,male,asian,JP,JP,1,1,stylish,,2,1
4277,40,female,asian,JP,JP,1,4,stylish,,1,1
4278,76,male,asian,JP,JP,12,5,stylish,,2,1
4279,42,male,asian,JP,JP,1,5,stylish,,3,2
4280,62,female,asian,JP,JP,1,2,stylish,,4,2
4281,70,male,asian,JP,JP,1,5,stylish,,1,1
4282,51,male,asian,JP,JP,7,5,stylish,,4,1
4283,44,female,asian,JP,JP,4,5,stylish,,1,1
4284,70,male,asian,JP,JP,7,4,stylish,,2,1
4285,69,male,asian,JP,JP,1,1,stylish,,2,1
4286,70,male,asian,JP,JP,2,2,stylish,,2,1
4287,62,male,asian,JP,JP,6,5,stylish,,2,1
4288,25,female,asian,JP,JP,4,5,stylish,,4,2
4289,46,female,asian,JP,JP,1,2,stylish,,5,2
4290,63,male,asian,JP,JP,2,4,stylish,,3,1
4291,36,female,asian,JP,JP,1,5,stylish,,4,2
4292,23,female,asian,JP,JP,1,5,stylish,,5,2
4293,74,male,asian,JP,JP,3,5,stylish,,3,1
4294,56,male,asian,JP,JP,2,5,stylish,,2,2
4295,29,female,asian,JP,JP,1,2,stylish,,5,1
4296,58,male,asian,JP,JP,9,5,stylish,,2,1
4297,53,male,asian,JP,JP,3,2,stylish,,2,1
4298,71,male,asian,JP,JP,3,5,stylish,,5,1
4299,55,male,asian,JP,JP,5,5,stylish,,1,1
4300,55,male,asian,JP,JP,1,3,stylish,,2,2
4301,72,female,asian,JP,JP,1,2,stylish,,2,1
4302,69,male,asian,JP,JP,2,5,stylish,,2,1
4303,53,female,asian,JP,JP,1,2,stylish,,3,2
4304,56,male,asian,JP,JP,4,5,stylish,,1,1
4305,69,male,asian,JP,JP,5,5,stylish,,3,1
4306,73,male,asian,JP,JP,3,3,stylish,,2,1
4307,61,female,asian,JP,JP,12,5,stylish,,5,2
4308,62,male,asian,JP,JP,4,5,stylish,,1,1
4309,77,male,asian,JP,JP,2,5,stylish,,4,2
4310,81,male,asian,JP,JP,3,5,stylish,,1,1
4311,75,female,asian,JP,JP,1,4,stylish,,5,2
4312,54,male,asian,JP,JP,9,5,stylish,,3,1
4313,83,male,white,JP,JP,2,3,stylish,,2,1
4314,59,male,asian,JP,JP,12,3,stylish,,3,1
4315,53,female,asian,JP,JP,1,4,stylish,,2,1
4316,60,female,asian,JP,JP,1,2,stylish,,2,2
4317,73,male,other,JP,JP,2,5,stylish,,3,1
4318,52,male,asian,JP,JP,1,3,stylish,,5,2
4319,59,male,asian,JP,JP,9,5,stylish,,1,1
4320,40,female,asian,JP,JP,2,2,stylish,,2,2
4321,57,female,asian,JP,JP,1,4,stylish,,2,1
4322,51,female,asian,JP,JP,3,3,stylish,,4,2
4323,64,male,asian,JP,JP,2,2,stylish,,1,1
4324,44,female,asian,JP,JP,3,2,stylish,,5,2
4325,74,female,asian,JP,JP,1,5,stylish,,4,2
4326,61,male,asian,JP,JP,8,5,stylish,,4,2
4327,67,male,asian,JP,JP,3,5,stylish,,2,1
4328,52,male,asian,JP,JP,9,5,stylish,,5,2
4329,43,female,asian,JP,JP,3,4,stylish,,2,1
4330,39,female,asian,JP,JP,1,3,stylish,,5,2
4331,36,male,asian,JP,JP,3,5,stylish,,1,1
4332,68,male,asian,JP,JP,3,5,stylish,,2,1
4333,41,female,asian,JP,JP,1,5,stylish,,4,2
4334,36,female,asian,JP,JP,1,5,stylish,,4,1
4335,32,female,asian,JP,JP,1,5,stylish,,2,1
4336,75,male,asian,JP,JP,2,8,stylish,,2,1
4337,82,male,asian,JP,JP,3,2,stylish,,2,1
4338,64,female,asian,JP,JP,1,2,stylish,,2,2
4339,83,male,asian,JP,JP,12,2,stylish,,2,1
4340,57,male,asian,JP,JP,9,5,stylish,,4,2
4341,50,female,asian,JP,JP,2,4,stylish,,3,2
4342,52,male,asian,JP,JP,5,5,stylish,,4,1
4343,53,female,asian,JP,JP,1,4,stylish,,4,2
4344,68,male,asian,JP,JP,7,6,stylish,,2,2
4345,46,female,asian,JP,JP,1,4,stylish,,5,1
4346,80,male,asian,JP,JP,3,5,stylish,,2,1
4347,61,female,asian,JP,JP,12,2,stylish,,3,1
4348,54,female,asian,JP,JP,1,4,stylish,,3,2
4349,72,male,asian,JP,JP,2,5,stylish,,5,1
4350,83,male,asian,JP,JP,2,2,stylish,,1,1
4351,62,female,asian,JP,JP,1,4,stylish,,2,2
4352,68,male,asian,JP,JP,2,2,stylish,,4,2
4353,41,male,asian,JP,JP,2,3,stylish,,4,1
4354,49,female,asian,JP,JP,6,2,stylish,,1,1
4355,77,male,asian,JP,JP,3,5,stylish,,2,1
4356,49,male,asian,JP,JP,3,3,stylish,,2,1
4357,51,male,asian,JP,JP,6,2,stylish,,3,1
4358,71,female,asian,JP,JP,1,5,stylish,,5,2
4359,61,male,asian,JP,JP,1,2,stylish,,2,1
4360,55,female,asian,JP,JP,1,3,stylish,,2,1
4361,61,male,asian,JP,JP,12,3,stylish,,1,1
4362,70,male,asian,JP,JP,12,5,stylish,,2,1
4363,57,male,asian,JP,JP,12,5,stylish,,1,2
4364,76,male,asian,JP,JP,2,2,stylish,,2,1
4365,62,female,asian,JP,JP,12,5,stylish,,5,2
4366,75,female,asian,JP,JP,1,2,stylish,,2,2
4367,51,male,asian,JP,JP,3,5,stylish,,3,2
4368,70,male,asian,JP,JP,8,5,stylish,,3,1
4369,60,male,asian,JP,JP,5,5,stylish,,4,1
4370,46,male,asian,JP,JP,6,2,stylish,,3,1
4371,45,female,other,JP,JP,2,2,stylish,,5,2
4372,68,male,asian,JP,JP,2,5,stylish,,2,1
4373,76,female,asian,JP,JP,2,4,stylish,,2,1
4374,57,female,asian,JP,JP,1,3,stylish,,1,1
4375,65,male,asian,JP,JP,1,3,stylish,,5,2
4376,54,male,asian,JP,JP,1,2,stylish,,5,2
4377,73,male,asian,JP,JP,12,5,stylish,,1,1
4378,37,female,asian,JP,JP,2,5,stylish,,3,2
4379,35,male,asian,JP,JP,1,5,stylish,,3,2
4380,64,female,asian,JP,JP,1,2,stylish,,2,1
4381,83,male,asian,JP,JP,2,2,stylish,,4,1
4382,54,male,asian,JP,JP,6,5,stylish,,3,1
4383,54,female,asian,JP,JP,12,6,stylish,,5,2
4384,77,male,asian,JP,JP,2,5,stylish,,2,1
4385,71,male,asian,JP,JP,1,5,stylish,,2,1
4386,60,male,asian,JP,JP,8,2,stylish,,1,1
4387,67,male,asian,JP,JP,4,5,stylish,,1,1
4388,53,female,asian,JP,JP,1,2,stylish,,5,1
4389,59,female,asian,JP,JP,1,4,stylish,,2,1
4390,52,male,asian,JP,JP,8,5,stylish,,2,1
4391,44,male,asian,JP,JP,9,5,stylish,,3,2
4392,53,male,asian,JP,JP,4,3,stylish,,2,1
4393,78,male,asian,JP,JP,3,5,stylish,,3,2
4394,44,female,asian,JP,JP,1,2,stylish,,2,1
4395,51,female,asian,JP,JP,2,5,stylish,,5,2
4396,53,female,asian,JP,JP,3,2,stylish,,5,2
4397,40,female,asian,JP,JP,5,2,stylish,,3,1
4398,69,female,asian,JP,JP,2,5,stylish,,5,2
4399,65,male,asian,JP,JP,1,5,stylish,,5,2
4400,31,male,asian,JP,JP,4,5,stylish,,1,1
4401,71,male,asian,JP,JP,3,2,stylish,,2,1
4402,73,male,asian,JP,JP,2,2,stylish,,1,1
4403,68,male,asian,JP,JP,12,5,stylish,,2,1
4404,79,male,asian,JP,JP,2,5,stylish,,5,2
4405,57,male,asian,JP,JP,12,5,stylish,,3,1
4406,61,female,asian,JP,JP,1,5,stylish,,4,2
4407,50,male,asian,JP,JP,7,3,stylish,,1,1
4408,51,female,asian,JP,JP,1,4,stylish,,4,1
4409,73,male,asian,JP,JP,2,5,stylish,,3,1
4410,57,female,asian,JP,JP,2,3,stylish,,3,1
4411,67,male,asian,JP,JP,12,5,stylish,,2,1
4412,39,male,white,JP,JP,8,6,stylish,,5,2
4413,61,male,asian,JP,JP,4,5,stylish,,4,1
4414,,female,asian,JP,JP,12,3,stylish,,3,2
4415,65,male,asian,JP,JP,1,2,stylish,,3,1
4416,76,male,asian,JP,JP,3,5,stylish,,2,1
4417,70,male,asian,JP,JP,4,2,stylish,,2,1
4418,51,female,asian,JP,JP,1,2,stylish,,2,1
4419,70,female,asian,JP,JP,6,5,stylish,,2,2
4420,61,male,asian,JP,JP,4,5,stylish,,5,1
4421,51,female,asian,JP,JP,1,2,stylish,,2,1
4422,46,male,asian,JP,JP,1,1,stylish,,5,2
4423,50,female,asian,JP,JP,1,2,stylish,,2,2
4424,61,male,asian,JP,JP,1,5,stylish,,2,1
4425,31,male,asian,JP,JP,3,2,stylish,,5,2
4426,66,male,asian,JP,JP,12,5,stylish,,4,2
4427,49,female,asian,JP,JP,1,2,stylish,,5,2
4428,68,male,asian,JP,JP,7,5,stylish,,1,1
4429,60,female,asian,JP,JP,12,3,stylish,,3,1
4430,58,female,asian,JP,JP,1,3,stylish,,5,2
4431,37,female,asian,JP,JP,1,5,stylish,,3,1
4432,36,male,asian,JP,JP,8,5,stylish,,2,1
4433,55,female,asian,JP,JP,1,2,stylish,,3,1
4434,78,female,asian,JP,JP,1,5,stylish,,2,1
4435,64,male,asian,JP,JP,3,5,stylish,,1,1
4436,64,male,asian,JP,JP,12,5,stylish,,5,1
4437,49,male,asian,JP,JP,4,5,stylish,,1,1
4438,64,female,asian,JP,JP,1,1,stylish,,5,2
4439,51,female,asian,JP,JP,4,5,stylish,,5,2
4440,76,male,asian,JP,JP,3,3,stylish,,1,1
4441,78,male,asian,JP,JP,2,5,stylish,,2,1
4442,53,female,asian,JP,JP,2,3,stylish,,3,2
4443,64,male,asian,JP,JP,2,2,stylish,,3,1
4444,61,male,asian,JP,JP,9,5,stylish,,4,2
4445,78,male,white,JP,JP,12,2,stylish,,1,1
4446,33,female,asian,JP,JP,3,2,stylish,,3,1
4447,62,male,asian,JP,JP,1,5,stylish,,5,2
4448,59,female,asian,JP,JP,1,4,stylish,,5,2
4449,45,male,asian,JP,JP,2,5,stylish,,2,1
4450,74,male,asian,JP,JP,3,3,stylish,,2,1
4451,46,male,asian,JP,JP,1,5,stylish,,4,2
4452,79,male,asian,JP,JP,3,2,stylish,,2,1
4453,52,male,asian,JP,JP,8,5,stylish,,2,1
4454,68,male,asian,JP,JP,10,5,stylish,,1,1
4455,53,male,asian,JP,JP,3,2,stylish,,1,1
4456,58,male,asian,JP,JP,2,2,stylish,,2,1
4457,61,female,asian,JP,JP,12,9,stylish,,2,2
4458,57,male,asian,JP,JP,5,5,stylish,,2,1
4459,29,female,asian,JP,JP,1,3,stylish,,3,2
4460,61,male,asian,JP,JP,11,5,stylish,,1,1
4461,78,female,asian,JP,JP,1,2,stylish,,4,2
4462,55,male,asian,JP,JP,8,5,stylish,,2,1
4463,63,male,asian,JP,JP,9,5,stylish,,1,1
4464,42,female,asian,JP,JP,1,2,stylish,,3,1
4465,41,male,asian,JP,JP,8,6,stylish,,1,1
4466,42,female,asian,JP,JP,1,5,stylish,,5,2
4467,32,female,asian,JP,JP,12,3,stylish,,5,2
4468,32,male,asian,JP,JP,1,5,stylish,,4,1
4469,68,male,asian,JP,JP,1,2,stylish,,4,1
4470,66,male,asian,JP,JP,1,5,stylish,,3,1
4471,74,male,asian,JP,JP,2,5,stylish,,1,1
4472,59,female,asian,JP,JP,1,5,stylish,,5,2
4473,56,female,white,JP,JP,12,2,stylish,,3,2
4474,60,male,asian,JP,JP,1,2,stylish,,4,1
4475,69,male,asian,JP,JP,3,5,stylish,,2,1
4476,25,male,asian,JP,JP,4,5,stylish,,1,2
4477,43,male,asian,JP,JP,12,3,stylish,,4,2
4478,72,male,asian,JP,JP,1,5,stylish,,3,1
4479,61,female,asian,JP,JP,1,2,stylish,,3,1
4480,54,female,asian,JP,JP,3,2,stylish,,4,1
4481,35,female,asian,JP,JP,1,5,stylish,,3,1
4482,68,female,asian,JP,JP,12,2,stylish,,5,2
4483,59,female,asian,JP,JP,1,5,stylish,,5,2
4484,74,female,asian,JP,JP,1,2,stylish,,4,2
4485,71,male,asian,JP,JP,1,2,stylish,,1,1
4486,67,male,asian,JP,JP,1,4,stylish,,1,1
4487,50,male,asian,JP,JP,7,2,stylish,,2,1
4488,43,female,asian,JP,JP,1,2,stylish,,4,2
4489,40,female,asian,JP,JP,1,5,stylish,,5,1
4490,51,female,asian,JP,JP,1,4,stylish,,1,1
4491,52,male,asian,JP,JP,6,2,stylish,,5,1
4492,55,female,asian,JP,JP,1,5,stylish,,4,2
4493,,male,asian,JP,JP,12,9,stylish,,5,2
4494,84,male,asian,JP,JP,3,5,stylish,,4,1
4495,64,female,asian,JP,JP,1,5,stylish,,1,1
4496,48,female,asian,JP,JP,1,4,stylish,,5,2
4497,61,female,asian,JP,JP,4,2,stylish,,3,1
4498,60,female,asian,JP,JP,1,1,stylish,,5,2
4499,52,male,asian,JP,JP,6,5,stylish,,1,1
4500,58,male,asian,JP,JP,3,5,stylish,,3,1
4501,68,female,asian,JP,JP,1,5,stylish,,1,1
4502,67,female,asian,JP,JP,1,2,stylish,,3,1
4503,42,female,asian,JP,JP,1,5,stylish,,5,2
4504,71,male,asian,JP,JP,1,5,stylish,,3,1
4505,73,female,asian,JP,JP,2,3,stylish,,1,1
4506,42,female,asian,JP,JP,3,3,stylish,,4,1
4507,49,male,asian,JP,JP,12,3,stylish,,1,1
4508,52,male,asian,JP,JP,3,5,stylish,,2,1
4509,70,male,prefer not to answer,JP,JP,1,5,stylish,,1,1
4510,40,male,asian,JP,JP,8,5,stylish,,2,1
4511,57,male,asian,JP,JP,9,5,stylish,,1,1
4512,50,female,asian,JP,JP,1,5,stylish,,5,2
4513,30,female,asian,JP,JP,6,5,stylish,,4,2
4514,65,male,asian,JP,JP,1,5,stylish,,2,1
4515,54,male,asian,JP,JP,12,5,stylish,,3,2
4516,72,male,other,JP,JP,3,5,stylish,,3,1
4517,50,male,asian,JP,JP,4,2,stylish,,2,1
4518,53,male,asian,JP,JP,4,6,stylish,,1,2
4519,45,male,asian,JP,JP,8,5,stylish,,2,1
4520,53,male,asian,JP,JP,5,5,stylish,,1,1
4521,58,male,asian,JP,JP,9,5,stylish,,4,1
4522,63,female,asian,JP,JP,1,5,stylish,,5,2
4523,59,male,asian,JP,JP,8,2,stylish,,2,1
4524,74,female,asian,JP,JP,1,2,stylish,,4,2
4525,66,female,asian,JP,JP,2,5,stylish,,3,1
4526,69,male,asian,JP,JP,12,2,stylish,,4,2
4527,57,female,asian,JP,JP,1,4,stylish,,5,2
4528,43,male,asian,JP,JP,7,6,stylish,,1,1
4529,60,male,asian,JP,JP,4,5,stylish,,1,1
4530,22,male,asian,JP,JP,1,2,stylish,,2,2
4531,64,male,asian,JP,JP,9,5,stylish,,1,1
4532,43,male,asian,JP,JP,2,5,stylish,,5,2
4533,70,male,asian,JP,JP,6,6,stylish,,4,2
4534,42,male,asian,JP,JP,6,5,stylish,,2,1
4535,61,female,asian,JP,JP,2,5,stylish,,3,2
4536,64,male,asian,JP,JP,1,2,stylish,,1,1
4537,66,male,asian,JP,JP,2,5,stylish,,5,2
4538,59,male,asian,JP,JP,7,5,stylish,,1,1
4539,70,female,asian,JP,JP,2,5,stylish,,5,2
4540,62,female,asian,JP,JP,3,5,stylish,,3,2
4541,62,male,asian,JP,JP,1,3,stylish,,2,1
4542,64,male,asian,JP,JP,1,3,stylish,,1,1
4543,65,male,asian,JP,JP,1,5,stylish,,2,1
4544,43,male,asian,JP,JP,8,5,stylish,,1,1
4545,65,female,asian,JP,JP,1,2,stylish,,2,1
4546,58,male,asian,JP,JP,2,2,stylish,,3,1
4547,67,male,asian,JP,JP,6,6,stylish,,2,1
4548,52,female,asian,JP,JP,1,5,stylish,,2,2
4549,35,female,asian,JP,JP,6,5,stylish,,2,2
4550,48,female,asian,JP,JP,1,4,stylish,,4,2
4551,55,male,other,JP,JP,2,5,stylish,,2,1
4552,58,female,asian,JP,JP,6,5,stylish,,2,1
4553,38,female,asian,JP,JP,1,4,stylish,,3,1
4554,53,female,asian,JP,JP,1,2,stylish,,4,1
4555,57,male,asian,JP,JP,5,2,stylish,,1,1
4556,45,male,asian,JP,JP,6,5,stylish,,5,1
4557,54,male,asian,JP,JP,4,5,stylish,,5,1
4558,60,male,white,JP,JP,1,8,stylish,,3,1
4559,74,female,asian,JP,JP,1,1,stylish,,4,1
4560,31,female,asian,JP,JP,4,5,stylish,,4,2
4561,62,male,asian,JP,JP,5,5,stylish,,2,1
4562,34,female,asian,JP,JP,12,5,stylish,,3,1
4563,74,male,asian,JP,JP,4,5,stylish,,1,1
4564,40,male,asian,JP,JP,5,3,stylish,,1,1
4565,55,male,asian,JP,JP,6,5,stylish,,1,1
4566,53,female,asian,JP,JP,1,2,stylish,,3,2
4567,,female,asian,JP,JP,1,2,stylish,,1,1
4568,69,male,asian,JP,JP,3,5,stylish,,5,2
4569,52,male,asian,JP,JP,6,5,stylish,,2,1
4570,56,male,asian,JP,JP,1,2,stylish,,3,2
4571,53,male,asian,JP,JP,8,2,stylish,,3,1
4572,23,female,asian,JP,JP,12,2,stylish,,1,1
4573,76,male,asian,JP,JP,5,5,stylish,,4,2
4574,51,male,asian,JP,JP,7,5,stylish,,1,1
4575,55,male,asian,JP,JP,7,5,stylish,,2,1
4576,58,male,asian,JP,JP,12,3,stylish,,4,2
4577,28,female,asian,JP,JP,9,5,stylish,,2,2
4578,40,male,asian,JP,JP,1,5,stylish,,1,1
4579,43,male,asian,JP,JP,4,5,stylish,,2,1
4580,61,male,asian,JP,JP,12,5,stylish,,2,2
4581,50,female,asian,JP,JP,12,2,stylish,,3,1
4582,53,male,asian,JP,JP,4,2,stylish,,2,1
4583,56,male,asian,JP,JP,3,5,stylish,,2,1
4584,76,male,asian,JP,JP,2,2,stylish,,3,1
4585,47,male,asian,JP,JP,1,2,stylish,,2,1
4586,36,female,asian,JP,JP,1,4,stylish,,5,2
4587,62,female,asian,JP,JP,12,2,stylish,,4,2
4588,21,female,asian,JP,JP,1,5,stylish,,2,2
4589,50,male,asian,JP,JP,1,1,stylish,,5,2
4590,48,male,asian,JP,JP,3,4,stylish,,3,1
4591,42,male,asian,JP,JP,12,3,stylish,,5,2
4592,77,male,asian,JP,JP,5,5,stylish,,2,2
4593,55,male,asian,JP,JP,8,5,stylish,,2,1
4594,61,male,asian,JP,JP,8,2,stylish,,2,1
4595,55,female,asian,JP,JP,3,5,stylish,,2,1
4596,50,male,asian,JP,JP,1,5,stylish,,4,2
4597,67,male,asian,JP,JP,4,5,stylish,,2,1
4598,55,male,asian,JP,JP,8,2,stylish,,2,1
4599,40,male,asian,JP,JP,12,5,stylish,,1,1
4600,66,male,asian,JP,JP,4,3,stylish,,2,1
4601,70,male,asian,JP,JP,2,5,stylish,,2,1
4602,54,male,asian,JP,JP,6,5,stylish,,1,1
4603,58,male,asian,JP,JP,9,5,stylish,,1,1
4604,73,male,asian,JP,JP,6,2,stylish,,2,1
4605,60,male,asian,JP,JP,7,3,stylish,,3,2
4606,38,male,asian,JP,JP,1,5,stylish,,1,1
4607,65,male,asian,JP,JP,5,3,stylish,,2,1
4608,65,male,asian,JP,JP,1,5,stylish,,2,2
4609,70,male,asian,JP,JP,1,2,stylish,,1,1
4610,40,female,asian,JP,JP,1,2,stylish,,4,2
4611,84,male,asian,JP,JP,2,5,stylish,,4,1
4612,43,male,asian,JP,JP,3,5,stylish,,5,2
4613,51,male,asian,JP,JP,5,5,stylish,,2,1
4614,61,male,asian,JP,JP,3,5,stylish,,1,1
4615,59,female,asian,JP,JP,1,2,stylish,,2,2
4616,47,male,asian,JP,JP,2,3,stylish,,4,1
4617,70,female,asian,JP,JP,1,4,stylish,,5,1
4618,24,female,asian,JP,JP,1,3,stylish,,3,2
4619,75,male,asian,JP,JP,1,5,stylish,,2,1
4620,51,female,asian,JP,JP,1,2,stylish,,2,2
4621,64,female,asian,JP,JP,1,5,stylish,,5,2
4622,66,female,asian,JP,JP,1,5,stylish,,2,1
4623,36,male,asian,JP,JP,4,5,stylish,,5,2
4624,56,female,asian,JP,JP,1,5,stylish,,5,2
4625,68,male,asian,JP,JP,8,5,stylish,,2,1
4626,78,female,asian,JP,JP,9,5,stylish,,4,1
4627,55,male,asian,JP,JP,6,5,stylish,,1,1
4628,69,male,asian,JP,JP,4,5,stylish,,2,1
4629,71,male,asian,JP,JP,7,6,stylish,,2,1
4630,76,female,asian,JP,JP,2,4,stylish,,5,1
4631,60,female,asian,JP,JP,1,3,stylish,,5,2
4632,59,male,asian,JP,JP,4,2,stylish,,2,1
4633,49,male,asian,JP,JP,12,3,stylish,,5,2
4634,52,female,asian,JP,JP,12,4,stylish,,5,1
4635,45,female,asian,JP,JP,1,4,stylish,,5,2
4636,45,male,asian,JP,JP,5,2,stylish,,3,1
4637,78,male,asian,JP,JP,2,2,stylish,,1,1
4638,64,male,asian,JP,JP,11,5,stylish,,1,1
4639,34,female,asian,JP,JP,1,5,stylish,,5,2
4640,72,male,asian,JP,JP,6,5,stylish,,2,1
4641,48,male,asian,JP,JP,1,2,stylish,,1,1
4642,61,male,other,JP,JP,1,5,stylish,,2,1
4643,47,female,asian,JP,JP,5,2,stylish,,2,1
4644,61,male,asian,JP,JP,3,2,stylish,,2,1
4645,58,male,asian,JP,JP,3,3,stylish,,2,1
4646,72,female,asian,JP,JP,1,2,stylish,,2,2
4647,55,female,asian,JP,JP,1,2,stylish,,3,1
4648,80,male,asian,JP,JP,2,5,stylish,,3,2
4649,43,female,asian,JP,JP,12,5,stylish,,2,1
4650,55,male,asian,JP,JP,1,2,stylish,,2,2
4651,60,male,asian,JP,JP,4,5,stylish,,5,2
4652,28,female,asian,JP,JP,1,2,stylish,,5,2
4653,,male,asian,JP,JP,12,9,stylish,,3,3
4654,58,female,asian,JP,JP,1,5,stylish,,1,1
4655,47,male,asian,JP,JP,4,5,stylish,,1,1
4656,59,female,asian,JP,JP,5,6,stylish,,3,1
4657,43,female,asian,JP,JP,1,5,stylish,,2,1
4658,63,female,asian,JP,JP,1,2,stylish,,5,1
4659,77,female,asian,JP,JP,1,2,stylish,,2,2
4660,61,male,asian,JP,JP,8,5,stylish,,4,2
4661,61,male,asian,JP,JP,9,5,stylish,,4,1
4662,67,male,asian,JP,JP,9,5,stylish,,4,2
4663,62,male,asian,JP,JP,3,5,stylish,,2,1
4664,81,male,white,JP,JP,2,5,stylish,,5,2
4665,52,male,asian,JP,JP,6,5,stylish,,5,2
4666,61,male,asian,JP,JP,6,5,stylish,,3,1
4667,66,male,asian,JP,JP,3,5,stylish,,1,1
4668,54,male,asian,JP,JP,12,5,stylish,,5,2
4669,23,male,asian,JP,JP,3,5,stylish,,5,2
4670,52,male,asian,JP,JP,1,5,stylish,,3,2
4671,74,male,asian,JP,JP,4,5,stylish,,2,1
4672,63,male,asian,JP,JP,3,5,stylish,,4,2
4673,66,male,asian,JP,JP,2,5,stylish,,2,1
4674,39,male,asian,JP,JP,4,5,stylish,,2,2
4675,37,female,asian,JP,JP,6,5,stylish,,2,1
4676,59,male,asian,JP,JP,8,5,stylish,,4,1
4677,54,male,other,JP,JP,8,5,stylish,,2,1
4678,74,female,asian,JP,JP,2,5,stylish,,2,2
4679,71,male,asian,JP,JP,1,6,stylish,,3,1
4680,76,male,asian,JP,JP,1,5,stylish,,3,1
4681,46,female,asian,JP,JP,1,4,stylish,,1,1
4682,50,male,asian,JP,JP,3,5,stylish,,3,1
4683,42,female,asian,JP,JP,1,3,stylish,,4,2
4684,45,male,asian,JP,JP,6,2,stylish,,2,1
4685,38,male,asian,JP,JP,3,5,stylish,,2,1
4686,50,female,asian,JP,JP,5,4,stylish,,5,2
4687,52,female,asian,JP,JP,1,5,stylish,,4,1
4688,50,female,asian,JP,JP,1,4,stylish,,5,2
4689,63,male,asian,JP,JP,3,1,stylish,,3,2
4690,72,female,asian,JP,JP,1,2,stylish,,2,2
4691,59,female,asian,JP,JP,1,5,stylish,,5,2
4692,46,female,asian,JP,JP,1,5,stylish,,1,1
4693,59,male,asian,JP,JP,7,5,stylish,,1,1
4694,43,female,asian,JP,JP,1,3,stylish,,3,1
4695,45,male,asian,JP,JP,3,2,stylish,,1,1
4696,66,male,asian,JP,JP,3,5,stylish,,2,1
4697,31,female,asian,JP,JP,1,2,stylish,,2,1
4698,36,female,asian,JP,JP,2,3,stylish,,5,2
4699,64,male,asian,JP,JP,8,5,stylish,,4,1
4700,54,male,asian,JP,JP,2,5,stylish,,5,1
4701,52,female,asian,JP,JP,1,2,stylish,,1,1
4702,76,male,asian,JP,JP,2,5,stylish,,2,1
4703,76,male,asian,JP,JP,2,3,stylish,,4,1
4704,67,male,asian,JP,JP,4,5,stylish,,2,1
4705,41,male,asian,JP,JP,5,5,stylish,,2,2
4706,58,male,asian,JP,JP,5,5,stylish,,1,1
4707,53,female,asian,JP,JP,1,2,stylish,,5,2
4708,63,female,asian,JP,JP,1,5,stylish,,1,1
4709,78,male,asian,JP,JP,12,5,stylish,,3,1
4710,35,male,asian,JP,JP,5,5,stylish,,1,1
4711,72,female,asian,JP,JP,1,4,stylish,,2,1
4712,71,male,asian,JP,JP,2,5,stylish,,2,1
4713,60,male,asian,JP,JP,8,5,stylish,,5,2
4714,74,male,asian,JP,JP,1,2,stylish,,2,1
4715,44,male,asian,JP,JP,7,5,stylish,,1,1
4716,,male,asian,JP,JP,12,5,stylish,,3,2
4717,54,female,asian,JP,JP,1,3,stylish,,5,1
4718,62,male,asian,JP,JP,3,5,stylish,,5,2
4719,46,female,asian,JP,JP,1,5,stylish,,2,2
4720,56,female,asian,JP,JP,3,2,stylish,,5,2
4721,52,female,asian,JP,JP,1,2,stylish,,4,2
4722,44,male,asian,JP,JP,8,3,stylish,,5,1
4723,43,female,asian,JP,JP,1,4,stylish,,5,2
4724,40,female,asian,JP,JP,2,3,stylish,,2,2
4725,82,male,asian,JP,JP,1,2,stylish,,4,1
4726,39,male,asian,JP,JP,6,5,stylish,,2,1
4727,45,male,asian,JP,JP,2,3,stylish,,2,1
4728,53,female,asian,JP,JP,1,5,stylish,,3,1
4729,50,male,asian,JP,JP,8,2,stylish,,4,1
4730,86,male,asian,JP,JP,2,2,stylish,,2,1
4731,62,female,asian,JP,JP,1,4,stylish,,5,2
4732,51,female,asian,JP,JP,3,4,stylish,,2,1
4733,61,female,asian,JP,JP,1,2,stylish,,2,1
4734,60,male,asian,JP,JP,5,5,stylish,,4,1
4735,63,female,asian,JP,JP,12,2,stylish,,3,1
4736,46,male,asian,JP,JP,6,5,stylish,,3,1
4737,54,male,asian,JP,JP,4,5,stylish,,4,1
4738,66,male,asian,JP,JP,2,6,stylish,,2,1
4739,42,female,asian,JP,JP,1,2,stylish,,2,1
4740,60,male,asian,JP,JP,1,2,stylish,,1,1
4741,54,male,asian,JP,JP,1,5,stylish,,3,2
4742,68,female,asian,JP,JP,1,4,stylish,,5,2
4743,81,male,asian,JP,JP,1,5,stylish,,2,1
4744,61,female,asian,JP,JP,2,3,stylish,,3,1
4745,35,female,white,JP,JP,3,4,stylish,,2,2
4746,59,male,asian,JP,JP,6,2,stylish,,2,1
4747,56,male,asian,JP,JP,5,3,stylish,,3,1
4748,39,female,asian,JP,JP,1,4,stylish,,1,1
4749,49,male,asian,JP,JP,11,2,stylish,,5,2
4750,46,male,asian,JP,JP,3,5,stylish,,1,1
4751,63,male,other,JP,JP,4,5,stylish,,1,2
4752,49,male,white,JP,JP,1,1,stylish,,5,2
4753,50,female,asian,JP,JP,1,3,stylish,,5,1
4754,30,male,asian,JP,JP,4,5,stylish,,2,1
4755,54,female,asian,JP,JP,4,5,stylish,,2,1
4756,69,male,asian,JP,JP,3,4,stylish,,1,1
4757,62,male,asian,JP,JP,8,5,stylish,,5,1
4758,39,female,asian,JP,JP,1,2,stylish,,5,2
4759,40,female,asian,JP,JP,2,5,stylish,,1,1
4760,81,male,asian,JP,JP,5,5,stylish,,2,1
4761,68,male,asian,JP,JP,6,2,stylish,,2,1
4762,56,female,asian,JP,JP,1,3,stylish,,3,1
4763,55,male,asian,JP,JP,5,5,stylish,,2,1
4764,63,male,asian,JP,JP,1,1,stylish,,3,2
4765,60,male,asian,JP,JP,5,5,stylish,,4,1
4766,53,female,asian,JP,JP,7,4,stylish,,3,2
4767,59,female,asian,JP,JP,1,5,stylish,,4,2
4768,65,male,asian,JP,JP,12,5,stylish,,3,1
4769,49,female,prefer not to answer,JP,JP,10,2,stylish,,2,1
4770,75,male,asian,JP,JP,3,5,stylish,,4,1
4771,75,male,asian,JP,JP,3,5,stylish,,2,2
4772,71,female,asian,JP,JP,3,5,stylish,,2,1
4773,52,female,asian,JP,JP,12,5,stylish,,3,1
4774,74,male,asian,JP,JP,2,5,stylish,,2,1
4775,61,male,asian,JP,JP,4,5,stylish,,1,1
4776,35,female,white,JP,JP,1,5,stylish,,1,2
4777,70,female,asian,JP,JP,1,4,stylish,,4,2
4778,70,male,asian,JP,JP,2,2,stylish,,4,1
4779,47,male,asian,JP,JP,1,2,stylish,,2,1
4780,45,female,asian,JP,JP,4,5,stylish,,2,1
4781,72,male,asian,JP,JP,2,2,stylish,,3,1
4782,51,male,asian,JP,JP,1,5,stylish,,5,2
4783,58,male,asian,JP,JP,9,2,stylish,,1,1
4784,50,male,asian,JP,JP,8,5,stylish,,1,1
4785,49,male,asian,JP,JP,6,5,stylish,,3,2
4786,74,male,asian,JP,JP,1,2,stylish,,3,1
4787,69,male,asian,JP,JP,1,2,stylish,,2,2
4788,65,male,asian,JP,JP,3,5,stylish,,1,1
4789,75,male,other,JP,JP,12,5,stylish,,1,1
4790,60,male,asian,JP,JP,2,3,stylish,,5,1
4791,57,female,asian,JP,JP,1,4,stylish,,2,1
4792,65,male,asian,JP,JP,1,5,stylish,,5,1
4793,57,male,asian,JP,JP,6,5,stylish,,1,1
4794,68,male,asian,JP,JP,1,2,stylish,,1,1
4795,37,male,asian,JP,JP,6,2,stylish,,1,1
4796,64,male,asian,JP,JP,1,5,stylish,,2,2
4797,43,female,asian,JP,JP,12,5,stylish,,5,2
4798,56,female,asian,JP,JP,1,2,stylish,,5,2
4799,66,female,asian,JP,JP,5,3,stylish,,2,1
4800,38,male,asian,JP,JP,1,5,stylish,,3,2
4801,50,male,asian,JP,JP,4,4,stylish,,1,1
4802,42,female,asian,JP,JP,1,4,stylish,,5,2
4803,54,female,asian,JP,JP,1,5,stylish,,1,1
4804,69,male,asian,JP,JP,3,3,stylish,,2,1
4805,64,male,other,JP,JP,9,5,stylish,,2,1
4806,51,female,asian,JP,JP,1,5,stylish,,1,1
4807,72,male,asian,JP,JP,2,5,stylish,,1,1
4808,63,male,asian,JP,JP,12,3,stylish,,2,1
4809,31,female,asian,JP,JP,1,4,stylish,,2,2
4810,62,male,asian,JP,JP,7,5,stylish,,2,1
4811,66,female,asian,JP,JP,1,4,stylish,,2,1
4812,66,male,asian,JP,JP,3,5,stylish,,1,1
4813,67,male,asian,JP,JP,2,5,stylish,,1,1
4814,62,male,asian,JP,JP,8,5,stylish,,1,1
4815,75,male,asian,JP,JP,2,5,stylish,,5,2
4816,46,male,asian,JP,JP,6,3,stylish,,3,2
4817,62,male,asian,JP,JP,1,2,stylish,,1,1
4818,63,female,asian,JP,JP,1,2,stylish,,5,2
4819,45,female,asian,JP,JP,3,5,stylish,,5,2
4820,77,male,asian,JP,JP,5,5,stylish,,2,1
4821,37,male,asian,JP,JP,1,2,stylish,,1,1
4822,56,male,asian,JP,JP,7,5,stylish,,5,2
4823,53,male,asian,JP,JP,4,5,stylish,,2,1
4824,77,male,asian,JP,JP,12,5,stylish,,2,1
4825,42,female,asian,JP,JP,1,5,stylish,,3,1
4826,71,female,asian,JP,JP,2,4,stylish,,4,2
4827,39,male,asian,JP,JP,8,5,stylish,,1,1
4828,51,male,asian,JP,JP,6,5,stylish,,2,1
4829,64,female,asian,JP,JP,1,2,stylish,,5,1
4830,37,female,asian,JP,JP,12,2,stylish,,4,2
4831,40,male,asian,JP,JP,1,5,stylish,,5,2
4832,41,male,asian,JP,JP,7,5,stylish,,2,2
4833,53,male,asian,JP,JP,7,5,stylish,,2,1
4834,44,female,asian,JP,JP,1,4,stylish,,2,1
4835,47,male,asian,JP,JP,6,5,stylish,,1,1
4836,48,female,asian,JP,JP,1,5,stylish,,5,2
4837,70,male,asian,JP,JP,1,3,stylish,,3,1
4838,60,male,asian,JP,JP,6,6,stylish,,2,1
4839,48,female,asian,JP,JP,3,5,stylish,,2,1
4840,80,male,asian,JP,JP,2,4,stylish,,4,1
4841,54,male,asian,JP,JP,12,3,stylish,,2,1
4842,58,female,asian,JP,JP,9,2,stylish,,2,2
4843,81,female,asian,JP,JP,4,4,stylish,,2,1
4844,71,male,asian,JP,JP,2,2,stylish,,3,1
4845,63,male,asian,JP,JP,1,5,stylish,,4,1
4846,58,female,asian,JP,JP,1,2,stylish,,5,2
4847,61,male,asian,JP,JP,6,6,stylish,,2,1
4848,74,male,asian,JP,JP,3,5,stylish,,2,1
4849,60,male,asian,JP,JP,9,5,stylish,,5,2
4850,52,male,asian,JP,JP,3,2,stylish,,2,1
4851,55,female,asian,JP,JP,3,2,stylish,,2,1
4852,48,female,asian,JP,JP,1,5,stylish,,4,1
4853,74,male,asian,JP,JP,3,2,stylish,,1,1
4854,50,female,asian,JP,JP,1,5,stylish,,4,1
4855,66,male,asian,JP,JP,12,5,stylish,,4,1
4856,32,female,asian,JP,JP,4,5,stylish,,1,1
4857,73,male,asian,JP,JP,11,5,stylish,,1,1
4858,69,male,asian,JP,JP,12,6,stylish,,2,1
4859,63,male,asian,JP,JP,1,4,stylish,,2,1
4860,58,male,asian,JP,JP,12,5,stylish,,2,1
4861,48,male,asian,JP,JP,7,2,stylish,,2,1
4862,54,male,asian,JP,JP,9,5,stylish,,1,1
4863,76,male,asian,JP,JP,2,5,stylish,,2,1
4864,69,male,asian,JP,JP,2,5,stylish,,2,1
4865,73,female,asian,JP,JP,1,5,stylish,,2,2
4866,26,female,asian,JP,JP,3,5,stylish,,2,2
4867,64,male,asian,JP,JP,1,5,stylish,,5,2
4868,47,male,asian,JP,JP,5,5,stylish,,3,1
4869,73,male,asian,JP,JP,2,5,stylish,,2,1
4870,59,male,asian,JP,JP,4,3,stylish,,2,1
4871,74,female,asian,JP,JP,12,3,stylish,,5,2
4872,66,male,asian,JP,JP,2,5,stylish,,5,1
4873,48,male,asian,JP,JP,8,5,stylish,,1,1
4874,62,male,asian,JP,JP,8,2,stylish,,2,1
4875,64,female,asian,JP,JP,12,2,stylish,,5,2
4876,53,male,asian,JP,JP,10,3,stylish,,2,1
4877,67,male,asian,JP,JP,2,5,stylish,,1,1
4878,59,male,asian,JP,JP,8,5,stylish,,3,1
4879,52,male,asian,JP,JP,1,2,stylish,,5,2
4880,42,female,asian,JP,JP,9,6,stylish,,1,1
4881,44,male,asian,JP,JP,2,2,stylish,,4,1
4882,76,male,asian,JP,JP,4,5,stylish,,2,1
4883,62,female,asian,JP,JP,1,4,stylish,,5,1
4884,73,male,asian,JP,JP,2,5,stylish,,2,1
4885,31,male,asian,JP,JP,1,2,stylish,,1,1
4886,72,male,asian,JP,JP,2,2,stylish,,2,1
4887,64,male,asian,JP,JP,3,2,stylish,,1,1
4888,59,male,asian,JP,JP,7,2,stylish,,1,1
4889,53,male,asian,JP,JP,1,5,stylish,,3,2
4890,42,male,asian,JP,JP,1,3,stylish,,4,2
4891,54,male,asian,JP,JP,6,2,stylish,,1,1
4892,63,male,asian,JP,JP,8,5,stylish,,1,1
4893,39,female,asian,JP,JP,2,5,stylish,,5,2
4894,33,male,asian,JP,JP,4,6,stylish,,5,2
4895,64,female,asian,JP,JP,1,5,stylish,,3,2
4896,59,male,asian,JP,JP,2,2,stylish,,4,2
4897,74,male,asian,JP,JP,1,2,stylish,,1,1
4898,51,female,asian,JP,JP,1,2,stylish,,2,1
4899,82,male,asian,JP,JP,5,5,stylish,,3,1
4900,46,male,asian,JP,JP,6,6,stylish,,1,1
4901,72,male,asian,JP,JP,11,5,stylish,,1,1
4902,50,male,asian,JP,JP,8,5,stylish,,2,2
4903,46,male,asian,JP,JP,4,3,stylish,,2,1
4904,54,male,asian,JP,JP,1,5,stylish,,5,1
4905,76,male,asian,JP,JP,1,4,stylish,,2,1
4906,65,male,asian,JP,JP,1,5,stylish,,2,1
4907,37,female,asian,JP,JP,1,2,stylish,,4,2
4908,71,male,asian,JP,JP,4,5,stylish,,2,1
4909,48,male,asian,JP,JP,3,3,stylish,,3,1
4910,75,male,asian,JP,JP,9,3,stylish,,2,2
4911,60,male,asian,JP,JP,3,2,stylish,,2,1
4912,52,female,asian,JP,JP,1,2,stylish,,5,1
4913,46,male,asian,JP,JP,6,5,stylish,,1,1
4914,60,male,asian,JP,JP,2,2,stylish,,3,2
4915,55,male,asian,JP,JP,12,5,stylish,,2,1
4916,49,male,asian,JP,JP,1,5,stylish,,4,2
4917,62,male,asian,JP,JP,7,5,stylish,,3,1
4918,72,male,asian,JP,JP,4,5,stylish,,4,1
4919,72,male,asian,JP,JP,1,2,stylish,,2,1
4920,60,male,asian,JP,JP,3,5,stylish,,4,2
4921,34,male,asian,JP,JP,1,2,stylish,,3,2
4922,39,female,asian,JP,JP,1,2,stylish,,5,2
4923,70,male,asian,JP,JP,3,5,stylish,,2,1
4924,46,female,asian,JP,JP,12,7,stylish,,4,1
4925,51,female,asian,JP,JP,12,3,stylish,,5,2
4926,77,male,other,JP,JP,4,5,stylish,,5,1
4927,55,female,asian,JP,JP,2,5,stylish,,1,1
4928,81,male,asian,JP,JP,12,9,stylish,,3,1
4929,50,female,asian,JP,JP,9,5,stylish,,3,1
4930,59,female,other,JP,JP,1,1,stylish,,5,2
4931,83,male,asian,JP,JP,2,5,stylish,,2,1
4932,45,male,asian,JP,JP,4,5,stylish,,5,2
4933,69,male,asian,JP,JP,2,5,stylish,,1,1
4934,71,male,asian,JP,JP,3,5,stylish,,2,1
4935,,female,asian,JP,JP,12,5,stylish,,4,2
4936,59,female,asian,JP,JP,12,5,stylish,,5,2
4937,59,male,asian,JP,JP,2,5,stylish,,4,2
4938,51,female,asian,JP,JP,3,5,stylish,,5,2
4939,56,female,asian,JP,JP,1,4,stylish,,4,1
4940,82,female,asian,JP,JP,2,5,stylish,,4,2
4941,64,female,asian,JP,JP,1,3,stylish,,3,1
4942,54,female,asian,JP,JP,12,5,stylish,,5,2
4943,50,female,asian,JP,JP,1,4,stylish,,4,1
4944,44,female,asian,JP,JP,1,5,stylish,,3,2
4945,47,male,asian,JP,JP,4,2,stylish,,2,1
4946,62,female,asian,JP,JP,1,3,stylish,,2,1
4947,32,female,asian,JP,JP,6,5,stylish,,2,1
4948,48,female,asian,JP,JP,12,5,stylish,,1,1
4949,70,male,asian,JP,JP,1,2,stylish,,4,2
4950,78,male,asian,JP,JP,3,5,stylish,,1,1
4951,56,female,asian,JP,JP,12,5,stylish,,4,2
4952,66,female,asian,JP,JP,1,5,stylish,,2,2
4953,56,female,asian,JP,JP,1,4,stylish,,4,2
4954,65,male,asian,JP,JP,2,5,stylish,,4,2
4955,42,female,asian,JP,JP,3,5,stylish,,4,1
4956,88,male,asian,JP,JP,2,5,stylish,,4,1
4957,73,male,asian,JP,JP,4,2,stylish,,2,1
4958,43,male,asian,JP,JP,7,5,stylish,,1,1
4959,63,male,asian,JP,JP,1,5,stylish,,1,1
4960,65,female,asian,JP,JP,1,4,stylish,,3,2
4961,59,female,asian,JP,JP,1,5,stylish,,2,1
4962,,male,prefer not to answer,JP,JP,4,5,stylish,,5,2
4963,54,male,asian,JP,JP,1,5,stylish,,4,2
4964,57,male,asian,JP,JP,11,5,stylish,,1,1
4965,68,female,asian,JP,JP,12,5,stylish,,2,1
4966,76,male,asian,JP,JP,7,5,stylish,,4,1
4967,45,female,asian,JP,JP,12,5,stylish,,3,2
4968,76,female,asian,JP,JP,1,4,stylish,,4,2
4969,56,male,asian,JP,JP,11,5,stylish,,1,1
4970,46,female,asian,JP,JP,12,4,stylish,,2,2
4971,75,female,asian,JP,JP,1,2,stylish,,4,1
4972,55,male,asian,JP,JP,4,2,stylish,,1,1
4973,49,male,asian,JP,JP,8,5,stylish,,1,1
4974,60,male,asian,JP,JP,2,5,stylish,,2,1
4975,46,male,asian,JP,JP,8,5,stylish,,1,1
4976,46,male,asian,JP,JP,1,1,stylish,,3,2
4977,46,male,asian,JP,JP,2,2,stylish,,4,2
4978,74,male,asian,JP,JP,1,5,stylish,,2,1
4979,70,male,asian,JP,JP,12,5,stylish,,1,1
4980,27,female,asian,JP,JP,1,5,stylish,,5,2
4981,48,male,asian,JP,JP,1,4,stylish,,5,2
4982,72,male,asian,JP,JP,4,2,stylish,,1,2
4983,65,male,asian,JP,JP,6,5,stylish,,1,1
4984,73,male,asian,JP,JP,1,3,stylish,,1,1
4985,67,male,asian,JP,JP,3,5,stylish,,1,1
4986,78,male,asian,JP,JP,2,1,stylish,,2,1
4987,23,female,white,JP,JP,3,2,stylish,,2,1
4988,52,female,asian,JP,JP,1,5,stylish,,3,2
4989,62,male,asian,JP,JP,6,3,stylish,,4,1
4990,52,male,asian,JP,JP,3,2,stylish,,3,2
4991,53,female,other,JP,JP,12,5,stylish,,5,2
4992,37,female,asian,JP,JP,3,4,stylish,,1,1
4993,57,male,asian,JP,JP,12,5,stylish,,2,1
4994,62,male,asian,JP,JP,12,5,stylish,,2,1
4995,63,male,asian,JP,JP,5,6,stylish,,4,1
4996,68,male,asian,JP,JP,4,5,stylish,,1,1
4997,59,male,asian,JP,JP,4,6,stylish,,4,2
4998,81,male,other,JP,JP,3,5,stylish,,2,1
4999,53,male,asian,JP,JP,12,6,stylish,,2,1
5000,65,male,asian,JP,JP,2,5,dynamic,,3,1
5001,76,male,asian,JP,JP,8,3,dynamic,,4,1
5002,74,female,asian,JP,JP,1,2,dynamic,,5,2
5003,27,male,asian,JP,JP,4,6,dynamic,,3,1
5004,68,male,asian,JP,JP,12,2,dynamic,,2,1
5005,70,male,asian,JP,JP,3,5,dynamic,,2,1
5006,77,male,asian,JP,JP,3,2,dynamic,,2,1
5007,76,female,asian,JP,JP,1,5,dynamic,,2,1
5008,45,male,asian,JP,JP,1,6,dynamic,,2,1
5009,50,female,asian,JP,JP,12,5,dynamic,,5,1
5010,31,female,asian,JP,JP,3,5,dynamic,,4,2
5011,58,female,asian,JP,JP,6,4,dynamic,,4,1
5012,36,female,asian,JP,JP,5,5,dynamic,,1,1
5013,67,male,asian,JP,JP,2,5,dynamic,,2,1
5014,39,male,asian,JP,JP,4,5,dynamic,,5,2
5015,57,male,asian,JP,JP,6,5,dynamic,,1,1
5016,79,male,asian,JP,JP,12,3,dynamic,,1,1
5017,31,female,asian,JP,JP,2,5,dynamic,,5,1
5018,47,male,asian,JP,JP,12,5,dynamic,,3,1
5019,49,male,asian,JP,JP,1,3,dynamic,,2,2
5020,69,male,asian,JP,JP,4,2,dynamic,,3,1
5021,47,female,asian,JP,JP,4,4,dynamic,,2,1
5022,63,female,asian,JP,JP,3,2,dynamic,,5,2
5023,41,female,asian,JP,JP,1,5,dynamic,,2,2
5024,49,male,asian,JP,JP,2,5,dynamic,,1,1
5025,37,female,asian,JP,JP,1,2,dynamic,,5,2
5026,68,female,asian,JP,JP,1,4,dynamic,,4,1
5027,51,female,asian,JP,JP,12,4,dynamic,,1,1
5028,74,male,asian,JP,JP,2,5,dynamic,,5,1
5029,40,male,white,JP,JP,5,5,dynamic,,3,1
5030,65,male,asian,JP,JP,2,3,dynamic,,1,1
5031,55,male,asian,JP,JP,6,5,dynamic,,2,1
5032,75,male,asian,JP,JP,8,5,dynamic,,2,1
5033,80,male,asian,JP,JP,4,5,dynamic,,3,2
5034,52,male,asian,JP,JP,9,5,dynamic,,3,1
5035,85,male,asian,JP,JP,12,3,dynamic,,4,1
5036,53,male,asian,JP,JP,5,2,dynamic,,2,1
5037,41,male,asian,JP,JP,1,2,dynamic,,5,2
5038,62,male,asian,JP,JP,2,3,dynamic,,2,1
5039,66,female,asian,JP,JP,1,4,dynamic,,4,2
5040,63,male,asian,JP,JP,1,5,dynamic,,4,1
5041,54,male,asian,JP,JP,4,2,dynamic,,4,1
5042,57,female,asian,JP,JP,1,5,dynamic,,3,1
5043,60,male,asian,JP,JP,12,3,dynamic,,1,1
5044,74,male,asian,JP,JP,5,5,dynamic,,1,1
5045,53,female,white,JP,JP,2,3,dynamic,,1,1
5046,22,female,asian,JP,JP,1,5,dynamic,,5,2
5047,65,female,asian,JP,JP,7,3,dynamic,,4,1
5048,,female,asian,JP,JP,5,5,dynamic,,3,1
5049,79,female,asian,JP,JP,1,4,dynamic,,4,1
5050,45,male,asian,JP,JP,12,3,dynamic,,3,1
5051,29,female,prefer not to answer,JP,JP,12,5,dynamic,,3,1
5052,53,male,other,JP,JP,1,2,dynamic,,5,2
5053,67,male,asian,JP,JP,2,1,dynamic,,4,1
5054,63,female,asian,JP,JP,3,3,dynamic,,3,1
5055,34,female,asian,JP,JP,3,4,dynamic,,2,1
5056,60,female,asian,JP,JP,1,2,dynamic,,2,1
5057,59,female,asian,JP,JP,1,2,dynamic,,4,2
5058,36,female,asian,JP,JP,1,4,dynamic,,1,1
5059,56,male,asian,JP,JP,3,5,dynamic,,4,1
5060,60,female,asian,JP,JP,1,5,dynamic,,4,1
5061,32,female,asian,JP,JP,1,2,dynamic,,4,2
5062,68,male,asian,JP,JP,2,5,dynamic,,2,1
5063,59,male,white,JP,JP,8,5,dynamic,,1,1
5064,46,female,asian,JP,JP,12,4,dynamic,,3,2
5065,73,male,asian,JP,JP,3,5,dynamic,,2,1
5066,71,male,asian,JP,JP,1,2,dynamic,,3,1
5067,68,male,asian,JP,JP,12,7,dynamic,,2,1
5068,67,male,asian,JP,JP,6,5,dynamic,,1,1
5069,64,male,asian,JP,JP,2,2,dynamic,,1,1
5070,50,male,asian,JP,JP,3,5,dynamic,,2,1
5071,38,male,asian,JP,JP,3,5,dynamic,,5,2
5072,87,female,asian,JP,JP,2,2,dynamic,,5,1
5073,55,male,asian,JP,JP,12,8,dynamic,,2,1
5074,69,female,asian,JP,JP,4,2,dynamic,,3,2
5075,40,female,asian,JP,JP,3,3,dynamic,,3,1
5076,28,female,asian,JP,JP,2,5,dynamic,,5,2
5077,68,female,asian,JP,JP,1,4,dynamic,,5,2
5078,54,female,asian,JP,JP,1,2,dynamic,,4,2
5079,64,male,asian,JP,JP,1,5,dynamic,,5,2
5080,51,male,white,JP,JP,7,5,dynamic,,3,1
5081,64,female,asian,JP,JP,1,2,dynamic,,5,2
5082,42,male,asian,JP,JP,8,5,dynamic,,1,1
5083,35,female,asian,JP,JP,1,5,dynamic,,3,2
5084,68,male,asian,JP,JP,4,2,dynamic,,2,1
5085,66,male,asian,JP,JP,2,5,dynamic,,3,1
5086,62,female,asian,JP,JP,12,2,dynamic,,4,2
5087,74,male,asian,JP,JP,3,2,dynamic,,2,1
5088,33,female,asian,JP,JP,2,5,dynamic,,1,2
5089,76,male,asian,JP,JP,3,2,dynamic,,4,1
5090,63,male,asian,JP,JP,2,5,dynamic,,2,1
5091,68,male,asian,JP,JP,2,5,dynamic,,4,1
5092,36,female,asian,JP,JP,1,2,dynamic,,3,2
5093,71,male,asian,JP,JP,8,4,dynamic,,2,1
5094,65,female,asian,JP,JP,1,3,dynamic,,4,1
5095,21,female,asian,JP,JP,1,2,dynamic,,2,2
5096,36,female,asian,JP,JP,2,3,dynamic,,3,1
5097,74,male,asian,JP,JP,2,5,dynamic,,2,1
5098,73,male,asian,JP,JP,2,5,dynamic,,4,1
5099,68,male,asian,JP,JP,4,5,dynamic,,1,1
5100,61,male,asian,JP,JP,3,2,dynamic,,5,2
5101,47,female,asian,JP,JP,9,3,dynamic,,4,2
5102,30,female,asian,JP,JP,1,5,dynamic,,4,2
5103,69,male,asian,JP,JP,4,5,dynamic,,2,1
5104,37,female,asian,JP,JP,1,3,dynamic,,4,2
5105,29,male,asian,JP,JP,4,5,dynamic,,2,2
5106,64,female,asian,JP,JP,6,4,dynamic,,4,1
5107,40,female,asian,JP,JP,3,1,dynamic,,5,2
5108,71,male,asian,JP,JP,2,3,dynamic,,2,1
5109,41,male,asian,JP,JP,2,2,dynamic,,4,1
5110,,female,asian,JP,JP,1,4,dynamic,,4,1
5111,59,male,asian,JP,JP,1,2,dynamic,,4,2
5112,31,female,asian,JP,JP,3,3,dynamic,,5,2
5113,66,male,asian,JP,JP,1,5,dynamic,,5,1
5114,54,male,asian,JP,JP,1,3,dynamic,,5,2
5115,36,male,asian,JP,JP,9,5,dynamic,,2,1
5116,58,male,asian,JP,JP,12,5,dynamic,,4,2
5117,56,male,asian,JP,JP,4,1,dynamic,,5,1
5118,53,male,asian,JP,JP,4,2,dynamic,,2,1
5119,27,female,asian,JP,JP,1,2,dynamic,,5,2
5120,46,male,asian,JP,JP,3,2,dynamic,,5,2
5121,41,male,asian,JP,JP,5,5,dynamic,,1,1
5122,59,male,asian,JP,JP,3,2,dynamic,,2,1
5123,48,female,asian,JP,JP,2,2,dynamic,,5,2
5124,62,male,asian,JP,JP,4,2,dynamic,,1,1
5125,65,male,asian,JP,JP,5,7,dynamic,,2,1
5126,35,female,asian,JP,JP,1,5,dynamic,,5,2
5127,83,male,asian,JP,JP,2,5,dynamic,,5,1
5128,54,male,white,JP,JP,12,5,dynamic,,2,1
5129,61,female,asian,JP,JP,1,3,dynamic,,2,2
5130,52,male,asian,JP,JP,12,5,dynamic,,3,2
5131,29,female,asian,JP,JP,4,6,dynamic,,2,2
5132,80,male,asian,JP,JP,2,5,dynamic,,1,1
5133,57,male,asian,JP,JP,10,6,dynamic,,4,1
5134,38,female,asian,JP,JP,1,5,dynamic,,5,2
5135,47,female,asian,JP,JP,5,4,dynamic,,2,1
5136,55,male,asian,JP,JP,5,5,dynamic,,2,1
5137,65,male,asian,JP,JP,9,5,dynamic,,2,1
5138,35,male,asian,JP,JP,1,5,dynamic,,5,2
5139,52,female,asian,JP,JP,1,4,dynamic,,5,2
5140,59,male,asian,JP,JP,4,5,dynamic,,3,1
5141,44,male,asian,JP,JP,12,2,dynamic,,5,2
5142,50,female,asian,JP,JP,12,4,dynamic,,4,1
5143,59,male,asian,JP,JP,6,4,dynamic,,2,1
5144,41,female,asian,JP,JP,12,4,dynamic,,3,2
5145,78,male,asian,JP,JP,8,5,dynamic,,2,1
5146,42,female,asian,JP,JP,1,6,dynamic,,3,1
5147,49,female,asian,JP,JP,1,4,dynamic,,4,1
5148,77,male,asian,JP,JP,4,5,dynamic,,1,1
5149,30,male,asian,JP,JP,3,5,dynamic,,2,1
5150,75,male,asian,JP,JP,1,5,dynamic,,2,1
5151,50,male,asian,JP,JP,4,2,dynamic,,2,1
5152,66,female,asian,JP,JP,1,3,dynamic,,3,2
5153,30,female,asian,JP,JP,4,5,dynamic,,1,1
5154,50,female,asian,JP,JP,1,2,dynamic,,5,2
5155,85,male,asian,JP,JP,2,2,dynamic,,2,1
5156,60,female,asian,JP,JP,1,3,dynamic,,4,2
5157,55,male,asian,JP,JP,1,3,dynamic,,4,1
5158,59,female,asian,JP,JP,1,6,dynamic,,4,1
5159,54,male,asian,JP,JP,3,3,dynamic,,3,1
5160,47,female,white,JP,JP,1,2,dynamic,,4,1
5161,32,female,asian,JP,JP,1,5,dynamic,,5,2
5162,76,male,asian,JP,JP,1,3,dynamic,,3,1
5163,74,male,asian,JP,JP,1,4,dynamic,,2,1
5164,52,male,asian,JP,JP,5,3,dynamic,,4,2
5165,58,male,asian,JP,JP,9,5,dynamic,,3,1
5166,60,male,asian,JP,JP,4,5,dynamic,,3,1
5167,48,male,asian,JP,JP,6,3,dynamic,,1,1
5168,45,female,white,JP,JP,4,4,dynamic,,3,1
5169,53,male,asian,JP,JP,12,2,dynamic,,5,2
5170,65,male,asian,JP,JP,3,5,dynamic,,2,1
5171,65,male,asian,JP,JP,6,5,dynamic,,3,1
5172,60,male,asian,JP,JP,12,9,dynamic,,1,1
5173,67,male,asian,JP,JP,1,2,dynamic,,2,1
5174,42,female,asian,JP,JP,1,5,dynamic,,1,2
5175,56,male,asian,JP,JP,6,7,dynamic,,3,1
5176,62,male,asian,JP,JP,1,5,dynamic,,2,1
5177,55,male,asian,JP,JP,2,2,dynamic,,2,1
5178,69,male,asian,JP,JP,7,5,dynamic,,1,1
5179,48,male,asian,JP,JP,8,5,dynamic,,3,1
5180,64,male,asian,JP,JP,2,6,dynamic,,5,2
5181,75,male,asian,JP,JP,3,5,dynamic,,4,2
5182,69,male,asian,JP,JP,4,5,dynamic,,1,2
5183,32,female,white,JP,JP,3,5,dynamic,,4,2
5184,69,female,asian,JP,JP,1,5,dynamic,,1,1
5185,49,male,asian,JP,JP,12,2,dynamic,,5,2
5186,54,male,asian,JP,JP,8,5,dynamic,,2,1
5187,31,female,asian,JP,JP,3,3,dynamic,,5,1
5188,75,female,asian,JP,JP,1,2,dynamic,,5,2
5189,36,male,asian,JP,JP,4,5,dynamic,,2,2
5190,65,male,asian,JP,JP,1,5,dynamic,,3,1
5191,67,female,asian,JP,JP,12,5,dynamic,,4,1
5192,58,male,asian,JP,JP,10,2,dynamic,,1,1
5193,68,male,asian,JP,JP,2,2,dynamic,,1,1
5194,48,female,asian,JP,JP,1,2,dynamic,,4,2
5195,66,male,asian,JP,JP,1,2,dynamic,,1,1
5196,41,female,asian,JP,JP,1,2,dynamic,,1,1
5197,45,female,asian,JP,JP,12,5,dynamic,,5,1
5198,51,female,asian,JP,JP,3,3,dynamic,,2,1
5199,71,male,asian,JP,JP,1,5,dynamic,,3,1
5200,66,male,asian,JP,JP,1,5,dynamic,,3,1
5201,54,male,asian,JP,JP,1,2,dynamic,,5,2
5202,48,female,asian,JP,JP,1,5,dynamic,,3,1
5203,56,male,asian,JP,JP,7,5,dynamic,,2,1
5204,67,male,asian,JP,JP,3,2,dynamic,,2,1
5205,63,male,asian,JP,JP,2,2,dynamic,,5,2
5206,75,male,asian,JP,JP,3,5,dynamic,,1,1
5207,68,male,asian,JP,JP,2,5,dynamic,,2,1
5208,49,female,asian,JP,JP,12,3,dynamic,,5,2
5209,29,female,asian,JP,JP,1,1,dynamic,,5,2
5210,46,female,asian,JP,JP,12,5,dynamic,,5,2
5211,71,male,asian,JP,JP,2,5,dynamic,,1,1
5212,44,male,asian,JP,JP,2,3,dynamic,,3,2
5213,24,female,asian,JP,JP,1,5,dynamic,,2,2
5214,56,female,asian,JP,JP,1,4,dynamic,,5,2
5215,74,male,asian,JP,JP,1,2,dynamic,,4,1
5216,46,female,asian,JP,JP,3,4,dynamic,,3,2
5217,55,male,asian,JP,JP,2,5,dynamic,,2,1
5218,60,female,asian,JP,JP,1,5,dynamic,,2,1
5219,73,male,asian,JP,JP,2,2,dynamic,,3,1
5220,52,male,asian,JP,JP,9,5,dynamic,,4,2
5221,53,female,asian,JP,JP,1,2,dynamic,,5,2
5222,54,male,asian,JP,JP,1,2,dynamic,,4,1
5223,33,female,asian,JP,JP,1,5,dynamic,,5,2
5224,46,male,asian,JP,JP,4,5,dynamic,,2,1
5225,42,male,asian,JP,JP,4,3,dynamic,,1,1
5226,53,male,asian,JP,JP,1,2,dynamic,,3,2
5227,52,male,asian,JP,JP,2,5,dynamic,,3,1
5228,55,female,asian,JP,JP,12,3,dynamic,,2,1
5229,75,male,asian,JP,JP,2,2,dynamic,,2,1
5230,67,female,asian,JP,JP,1,4,dynamic,,5,2
5231,46,female,asian,JP,JP,3,4,dynamic,,3,2
5232,71,female,asian,JP,JP,12,4,dynamic,,4,1
5233,50,female,asian,JP,JP,1,3,dynamic,,3,2
5234,51,female,asian,JP,JP,1,5,dynamic,,4,2
5235,47,male,asian,JP,JP,1,5,dynamic,,3,1
5236,60,male,asian,JP,JP,3,5,dynamic,,2,1
5237,54,male,asian,JP,JP,8,5,dynamic,,5,1
5238,51,male,asian,JP,JP,7,5,dynamic,,4,1
5239,54,male,asian,JP,JP,12,5,dynamic,,5,2
5240,55,male,asian,JP,JP,4,3,dynamic,,1,1
5241,57,female,asian,JP,JP,1,2,dynamic,,4,2
5242,64,female,asian,JP,JP,1,4,dynamic,,5,2
5243,33,male,asian,JP,JP,4,5,dynamic,,3,2
5244,40,male,asian,JP,JP,8,2,dynamic,,2,1
5245,64,male,asian,JP,JP,6,5,dynamic,,2,1
5246,68,female,asian,JP,JP,12,5,dynamic,,3,2
5247,48,female,asian,JP,JP,3,3,dynamic,,3,2
5248,73,female,asian,JP,JP,1,2,dynamic,,2,1
5249,66,male,asian,JP,JP,2,6,dynamic,,3,1
5250,65,male,asian,JP,JP,6,5,dynamic,,1,1
5251,46,male,asian,JP,JP,1,2,dynamic,,2,1
5252,42,female,asian,JP,JP,1,5,dynamic,,2,1
5253,64,male,asian,JP,JP,1,4,dynamic,,3,1
5254,67,male,asian,JP,JP,1,2,dynamic,,2,1
5255,47,male,asian,JP,JP,6,5,dynamic,,2,1
5256,75,female,asian,JP,JP,2,2,dynamic,,5,2
5257,64,male,asian,JP,JP,3,2,dynamic,,2,1
5258,75,female,asian,JP,JP,1,2,dynamic,,3,1
5259,47,female,asian,JP,JP,7,5,dynamic,,2,1
5260,45,female,asian,JP,JP,1,2,dynamic,,4,1
5261,69,male,asian,JP,JP,4,5,dynamic,,3,1
5262,49,male,asian,JP,JP,9,5,dynamic,,2,1
5263,48,male,asian,JP,JP,8,6,dynamic,,3,2
5264,77,male,asian,JP,JP,12,5,dynamic,,2,1
5265,51,male,asian,JP,JP,8,5,dynamic,,2,1
5266,32,male,asian,JP,JP,1,1,dynamic,,1,1
5267,40,male,asian,JP,JP,6,5,dynamic,,1,1
5268,30,female,asian,JP,JP,3,5,dynamic,,2,1
5269,55,female,asian,JP,JP,1,2,dynamic,,3,1
5270,50,male,asian,JP,JP,1,2,dynamic,,4,1
5271,58,male,asian,JP,JP,2,3,dynamic,,4,2
5272,52,male,asian,JP,JP,7,5,dynamic,,2,1
5273,66,male,asian,JP,JP,1,1,dynamic,,2,1
5274,63,female,asian,JP,JP,12,5,dynamic,,5,2
5275,75,male,asian,JP,JP,1,5,dynamic,,1,1
5276,42,female,asian,JP,JP,1,3,dynamic,,4,2
5277,59,male,white,JP,JP,1,1,dynamic,,2,1
5278,37,male,asian,JP,JP,1,5,dynamic,,5,2
5279,37,female,asian,JP,JP,1,3,dynamic,,4,2
5280,77,male,asian,JP,JP,5,5,dynamic,,4,1
5281,59,female,asian,JP,JP,1,4,dynamic,,4,2
5282,31,male,asian,JP,JP,6,6,dynamic,,1,1
5283,41,male,asian,JP,JP,8,6,dynamic,,2,2
5284,46,female,asian,JP,JP,4,2,dynamic,,2,1
5285,34,male,asian,JP,JP,4,5,dynamic,,2,1
5286,54,male,asian,JP,JP,12,5,dynamic,,4,1
5287,41,male,asian,JP,JP,1,2,dynamic,,5,2
5288,61,female,asian,JP,JP,3,4,dynamic,,3,2
5289,57,male,asian,JP,JP,1,5,dynamic,,2,2
5290,82,male,asian,JP,JP,12,5,dynamic,,2,1
5291,46,male,asian,JP,JP,9,6,dynamic,,3,1
5292,51,male,asian,JP,JP,8,5,dynamic,,1,1
5293,60,female,asian,JP,JP,2,3,dynamic,,4,2
5294,68,male,asian,JP,JP,8,5,dynamic,,2,1
5295,60,female,asian,JP,JP,1,3,dynamic,,4,1
5296,57,male,asian,JP,JP,5,3,dynamic,,2,1
5297,34,female,asian,JP,JP,1,2,dynamic,,2,2
5298,56,male,asian,JP,JP,12,5,dynamic,,1,1
5299,52,female,asian,JP,JP,12,4,dynamic,,5,3
5300,40,male,asian,JP,JP,5,5,dynamic,,1,1
5301,75,male,asian,JP,JP,3,5,dynamic,,2,1
5302,60,male,asian,JP,JP,2,2,dynamic,,2,1
5303,35,female,asian,JP,JP,1,1,dynamic,,1,2
5304,51,male,asian,JP,JP,8,5,dynamic,,1,1
5305,51,male,asian,JP,JP,4,3,dynamic,,3,1
5306,77,female,asian,JP,JP,1,4,dynamic,,3,1
5307,64,male,asian,JP,JP,1,4,dynamic,,5,1
5308,54,male,asian,JP,JP,12,9,dynamic,,3,3
5309,42,male,asian,JP,JP,3,3,dynamic,,1,1
5310,75,male,asian,JP,JP,3,2,dynamic,,4,1
5311,,male,asian,JP,JP,12,2,dynamic,,4,1
5312,60,female,asian,JP,JP,1,4,dynamic,,2,1
5313,74,male,asian,JP,JP,3,5,dynamic,,3,2
5314,77,male,asian,JP,JP,2,2,dynamic,,1,1
5315,58,male,asian,JP,JP,1,5,dynamic,,2,1
5316,22,female,asian,JP,JP,1,2,dynamic,,2,2
5317,64,male,asian,JP,JP,1,5,dynamic,,4,2
5318,64,male,asian,JP,JP,8,5,dynamic,,2,1
5319,49,male,asian,JP,JP,5,2,dynamic,,3,2
5320,25,female,asian,JP,JP,12,9,dynamic,,5,2
5321,75,female,asian,JP,JP,2,5,dynamic,,2,1
5322,64,female,asian,JP,JP,2,3,dynamic,,3,2
5323,64,male,asian,JP,JP,6,4,dynamic,,2,2
5324,40,female,asian,JP,JP,2,2,dynamic,,2,2
5325,55,male,asian,JP,JP,9,6,dynamic,,1,1
5326,55,male,asian,JP,JP,9,5,dynamic,,3,1
5327,48,female,asian,JP,JP,1,3,dynamic,,3,1
5328,43,male,white,JP,JP,5,5,dynamic,,5,1
5329,63,male,asian,JP,JP,12,2,dynamic,,3,1
5330,56,female,asian,JP,JP,3,2,dynamic,,4,2
5331,58,male,asian,JP,JP,3,5,dynamic,,1,1
5332,58,male,asian,JP,JP,6,5,dynamic,,3,1
5333,74,female,asian,JP,JP,1,2,dynamic,,3,2
5334,45,male,asian,JP,JP,4,7,dynamic,,5,2
5335,63,male,asian,JP,JP,1,2,dynamic,,3,1
5336,27,male,asian,JP,JP,2,5,dynamic,,1,1
5337,45,male,asian,JP,JP,7,3,dynamic,,5,2
5338,41,female,asian,JP,JP,12,4,dynamic,,5,2
5339,53,female,asian,JP,JP,2,2,dynamic,,3,2
5340,61,female,asian,JP,JP,1,4,dynamic,,5,2
5341,72,male,asian,JP,JP,2,5,dynamic,,4,1
5342,54,female,asian,JP,JP,12,5,dynamic,,5,2
5343,63,male,asian,JP,JP,7,5,dynamic,,4,1
5344,37,male,asian,JP,JP,4,4,dynamic,,1,1
5345,67,male,asian,JP,JP,1,5,dynamic,,5,1
5346,68,male,asian,JP,JP,3,5,dynamic,,1,1
5347,40,female,asian,JP,JP,12,5,dynamic,,5,3
5348,31,female,asian,JP,JP,3,5,dynamic,,3,1
5349,58,female,asian,JP,JP,1,2,dynamic,,5,1
5350,53,female,asian,JP,JP,4,5,dynamic,,1,1
5351,68,male,asian,JP,JP,1,5,dynamic,,2,1
5352,44,male,asian,JP,JP,1,2,dynamic,,3,1
5353,61,male,asian,JP,JP,5,5,dynamic,,1,1
5354,71,male,asian,JP,JP,1,2,dynamic,,2,1
5355,48,female,asian,JP,JP,12,2,dynamic,,5,1
5356,44,male,asian,JP,JP,2,3,dynamic,,5,2
5357,57,male,asian,JP,JP,9,5,dynamic,,5,2
5358,76,male,asian,JP,JP,3,5,dynamic,,2,1
5359,65,female,asian,JP,JP,1,1,dynamic,,5,1
5360,72,male,asian,JP,JP,3,5,dynamic,,2,1
5361,28,male,asian,JP,JP,3,5,dynamic,,2,1
5362,57,male,asian,JP,JP,1,2,dynamic,,2,2
5363,76,male,asian,JP,JP,1,5,dynamic,,4,1
5364,53,male,asian,JP,JP,8,5,dynamic,,2,1
5365,36,male,asian,JP,JP,1,5,dynamic,,5,2
5366,25,male,asian,JP,JP,5,5,dynamic,,2,1
5367,65,male,asian,JP,JP,5,5,dynamic,,2,1
5368,65,male,asian,JP,JP,2,5,dynamic,,2,2
5369,53,female,asian,JP,JP,1,3,dynamic,,4,2
5370,62,male,asian,JP,JP,1,3,dynamic,,1,1
5371,46,female,asian,JP,JP,3,2,dynamic,,5,2
5372,52,male,asian,JP,JP,5,5,dynamic,,1,1
5373,65,female,asian,JP,JP,3,2,dynamic,,5,2
5374,61,male,asian,JP,JP,8,5,dynamic,,1,1
5375,,female,prefer not to answer,JP,JP,4,7,dynamic,,4,3
5376,73,male,asian,JP,JP,6,5,dynamic,,1,1
5377,40,female,asian,JP,JP,2,4,dynamic,,2,1
5378,33,male,asian,JP,JP,4,5,dynamic,,4,2
5379,54,female,asian,JP,JP,12,2,dynamic,,5,2
5380,57,male,asian,JP,JP,12,5,dynamic,,1,1
5381,45,female,asian,JP,JP,3,5,dynamic,,1,1
5382,67,male,asian,JP,JP,3,5,dynamic,,2,1
5383,25,male,asian,JP,JP,6,5,dynamic,,3,1
5384,46,male,asian,JP,JP,4,3,dynamic,,2,1
5385,69,male,asian,JP,JP,2,5,dynamic,,3,1
5386,60,male,asian,JP,JP,8,5,dynamic,,3,1
5387,47,female,asian,JP,JP,12,2,dynamic,,3,1
5388,50,female,asian,JP,JP,1,2,dynamic,,4,1
5389,48,male,asian,JP,JP,1,2,dynamic,,5,2
5390,64,female,asian,JP,JP,1,5,dynamic,,5,2
5391,75,male,asian,JP,JP,8,5,dynamic,,2,1
5392,39,male,asian,JP,JP,1,5,dynamic,,4,2
5393,46,male,asian,JP,JP,8,6,dynamic,,2,1
5394,29,female,asian,JP,JP,1,4,dynamic,,5,2
5395,66,female,asian,JP,JP,10,5,dynamic,,1,1
5396,58,male,asian,JP,JP,2,5,dynamic,,2,1
5397,62,female,asian,JP,JP,2,2,dynamic,,2,1
5398,35,female,asian,JP,JP,5,6,dynamic,,2,1
5399,56,male,asian,JP,JP,12,5,dynamic,,3,1
5400,58,male,asian,JP,JP,3,1,dynamic,,3,1
5401,58,male,asian,JP,JP,9,5,dynamic,,2,1
5402,40,male,asian,JP,JP,4,5,dynamic,,2,1
5403,62,male,asian,JP,JP,3,6,dynamic,,1,1
5404,45,male,asian,JP,JP,1,5,dynamic,,2,3
5405,37,male,asian,JP,JP,1,5,dynamic,,3,2
5406,49,female,asian,JP,JP,2,5,dynamic,,4,2
5407,38,male,asian,JP,JP,1,5,dynamic,,4,2
5408,31,female,asian,JP,JP,1,5,dynamic,,5,1
5409,71,male,asian,JP,JP,3,5,dynamic,,2,1
5410,75,male,asian,JP,JP,4,3,dynamic,,1,1
5411,41,female,asian,JP,JP,1,5,dynamic,,4,2
5412,55,female,asian,JP,JP,1,2,dynamic,,5,2
5413,70,male,asian,JP,JP,3,2,dynamic,,3,1
5414,59,female,asian,JP,JP,4,2,dynamic,,4,1
5415,45,male,asian,JP,JP,4,3,dynamic,,2,1
5416,56,male,other,JP,JP,11,5,dynamic,,1,1
5417,62,male,asian,JP,JP,1,3,dynamic,,1,1
5418,53,male,asian,JP,JP,8,6,dynamic,,5,2
5419,64,male,asian,JP,JP,1,2,dynamic,,5,2
5420,44,male,other,JP,JP,2,3,dynamic,,1,1
5421,70,male,asian,JP,JP,4,5,dynamic,,4,1
5422,77,male,asian,JP,JP,1,2,dynamic,,2,1
5423,76,female,asian,JP,JP,9,5,dynamic,,2,1
5424,39,female,asian,JP,JP,7,5,dynamic,,5,1
5425,64,male,asian,JP,JP,4,5,dynamic,,1,1
5426,45,male,asian,JP,JP,8,5,dynamic,,4,1
5427,34,female,asian,JP,JP,3,5,dynamic,,5,2
5428,59,male,asian,JP,JP,7,6,dynamic,,3,1
5429,69,male,asian,JP,JP,5,5,dynamic,,1,1
5430,63,female,asian,JP,JP,2,2,dynamic,,2,1
5431,49,female,asian,JP,JP,2,4,dynamic,,4,2
5432,69,male,asian,JP,JP,1,5,dynamic,,5,1
5433,55,male,asian,JP,JP,1,2,dynamic,,5,2
5434,52,male,asian,JP,JP,6,6,dynamic,,2,1
5435,58,male,asian,JP,JP,1,2,dynamic,,2,1
5436,26,female,asian,JP,JP,1,2,dynamic,,5,2
5437,48,male,asian,JP,JP,5,5,dynamic,,4,1
5438,40,female,asian,JP,JP,12,3,dynamic,,4,1
5439,27,female,white,JP,JP,4,5,dynamic,,2,2
5440,41,female,asian,JP,JP,2,3,dynamic,,3,2
5441,33,male,asian,JP,JP,3,5,dynamic,,4,2
5442,49,female,asian,JP,JP,1,5,dynamic,,1,1
5443,29,female,asian,JP,JP,1,5,dynamic,,4,2
5444,75,male,white,JP,JP,4,3,dynamic,,2,1
5445,30,female,asian,JP,JP,12,5,dynamic,,5,2
5446,50,male,asian,JP,JP,12,3,dynamic,,2,1
5447,67,male,asian,JP,JP,7,5,dynamic,,2,1
5448,68,male,asian,JP,JP,4,3,dynamic,,4,2
5449,66,male,asian,JP,JP,4,2,dynamic,,1,1
5450,40,female,asian,JP,JP,1,2,dynamic,,1,1
5451,28,male,asian,JP,JP,4,5,dynamic,,2,1
5452,69,male,asian,JP,JP,2,2,dynamic,,3,1
5453,75,female,asian,JP,JP,1,4,dynamic,,3,1
5454,59,male,asian,JP,JP,12,5,dynamic,,2,1
5455,51,female,asian,JP,JP,12,3,dynamic,,5,2
5456,64,male,asian,JP,JP,3,2,dynamic,,2,1
5457,56,male,asian,JP,JP,7,5,dynamic,,3,1
5458,76,female,asian,JP,JP,1,1,dynamic,,5,2
5459,54,female,asian,JP,JP,2,4,dynamic,,5,2
5460,61,male,asian,JP,JP,12,5,dynamic,,4,1
5461,47,female,asian,JP,JP,1,5,dynamic,,3,2
5462,38,male,asian,JP,JP,5,5,dynamic,,4,1
5463,51,female,asian,JP,JP,1,5,dynamic,,5,2
5464,34,female,asian,JP,JP,4,5,dynamic,,5,2
5465,37,male,asian,JP,JP,2,5,dynamic,,2,1
5466,59,male,asian,JP,JP,8,7,dynamic,,1,1
5467,69,male,asian,JP,JP,2,5,dynamic,,2,2
5468,66,male,asian,JP,JP,4,2,dynamic,,4,1
5469,65,male,asian,JP,JP,11,7,dynamic,,2,1
5470,46,female,white,JP,JP,2,4,dynamic,,5,2
5471,,male,asian,JP,JP,12,5,dynamic,,1,1
5472,39,male,asian,JP,JP,6,5,dynamic,,3,1
5473,56,male,asian,JP,JP,8,5,dynamic,,5,1
5474,61,male,asian,JP,JP,6,3,dynamic,,2,1
5475,52,male,asian,JP,JP,8,5,dynamic,,1,1
5476,49,female,asian,JP,JP,3,4,dynamic,,4,2
5477,45,male,asian,JP,JP,12,5,dynamic,,3,2
5478,40,male,asian,JP,JP,3,2,dynamic,,2,1
5479,,female,asian,JP,JP,12,2,dynamic,,5,2
5480,69,male,asian,JP,JP,1,5,dynamic,,2,1
5481,74,male,asian,JP,JP,7,3,dynamic,,5,1
5482,62,male,asian,JP,JP,3,5,dynamic,,3,1
5483,75,male,asian,JP,JP,3,2,dynamic,,3,1
5484,72,male,asian,JP,JP,4,5,dynamic,,3,1
5485,,female,prefer not to answer,JP,JP,1,5,dynamic,,2,1
5486,37,female,asian,JP,JP,1,2,dynamic,,3,2
5487,79,male,asian,JP,JP,2,2,dynamic,,5,2
5488,77,male,asian,JP,JP,12,5,dynamic,,2,1
5489,33,female,white,JP,JP,3,5,dynamic,,5,2
5490,67,male,asian,JP,JP,3,3,dynamic,,2,1
5491,43,male,asian,JP,JP,5,2,dynamic,,2,1
5492,57,female,asian,JP,JP,12,9,dynamic,,5,2
5493,50,male,asian,JP,JP,1,2,dynamic,,3,2
5494,72,male,asian,JP,JP,6,4,dynamic,,2,1
5495,67,male,asian,JP,JP,4,5,dynamic,,5,1
5496,48,male,asian,JP,JP,2,3,dynamic,,2,2
5497,45,female,prefer not to answer,JP,JP,4,5,dynamic,,3,3
5498,59,female,asian,JP,JP,1,2,dynamic,,3,1
5499,70,male,asian,JP,JP,3,2,dynamic,,4,1
5500,60,female,asian,JP,JP,1,4,dynamic,,5,2
5501,63,male,asian,JP,JP,5,5,dynamic,,3,1
5502,34,female,asian,JP,JP,7,6,dynamic,,5,2
5503,56,male,asian,JP,JP,7,5,dynamic,,1,1
5504,72,male,asian,JP,JP,2,2,dynamic,,3,2
5505,60,male,asian,JP,JP,6,3,dynamic,,1,1
5506,40,female,asian,JP,JP,1,3,dynamic,,5,2
5507,75,male,asian,JP,JP,2,5,dynamic,,4,2
5508,36,female,asian,JP,JP,1,4,dynamic,,2,2
5509,59,female,asian,JP,JP,1,4,dynamic,,4,1
5510,35,female,asian,JP,JP,2,4,dynamic,,4,1
5511,55,male,asian,JP,JP,6,5,dynamic,,2,1
5512,61,female,asian,JP,JP,1,4,dynamic,,2,1
5513,66,male,asian,JP,JP,3,5,dynamic,,2,1
5514,70,female,asian,JP,JP,12,9,dynamic,,5,2
5515,75,male,asian,JP,JP,4,6,dynamic,,2,1
5516,76,male,other,JP,JP,2,3,dynamic,,1,1
5517,56,female,asian,JP,JP,1,2,dynamic,,3,1
5518,44,female,asian,JP,JP,12,2,dynamic,,2,1
5519,57,male,asian,JP,JP,2,5,dynamic,,2,1
5520,49,male,white,JP,JP,1,2,dynamic,,4,2
5521,45,male,asian,JP,JP,7,5,dynamic,,2,1
5522,76,male,asian,JP,JP,3,5,dynamic,,2,1
5523,64,female,asian,JP,JP,1,4,dynamic,,3,2
5524,49,female,asian,JP,JP,12,2,dynamic,,4,1
5525,54,male,asian,JP,JP,1,3,dynamic,,2,2
5526,45,female,asian,JP,JP,1,2,dynamic,,5,1
5527,38,female,asian,JP,JP,3,5,dynamic,,2,1
5528,56,male,asian,JP,JP,1,2,dynamic,,2,1
5529,56,male,asian,JP,JP,9,5,dynamic,,2,1
5530,62,male,asian,JP,JP,5,5,dynamic,,2,1
5531,38,female,asian,JP,JP,1,5,dynamic,,5,2
5532,63,male,asian,JP,JP,1,2,dynamic,,3,1
5533,39,female,asian,JP,JP,5,5,dynamic,,5,2
5534,63,female,asian,JP,JP,1,5,dynamic,,3,1
5535,59,female,asian,JP,JP,1,2,dynamic,,4,2
5536,49,female,asian,JP,JP,1,2,dynamic,,2,1
5537,50,female,asian,JP,JP,1,3,dynamic,,4,2
5538,56,male,other,JP,JP,1,5,dynamic,,5,2
5539,73,male,asian,JP,JP,1,2,dynamic,,4,1
5540,28,female,asian,JP,JP,4,5,dynamic,,2,1
5541,54,male,asian,JP,JP,12,5,dynamic,,2,1
5542,66,male,asian,JP,JP,2,5,dynamic,,2,1
5543,76,male,asian,JP,JP,2,5,dynamic,,4,2
5544,47,female,asian,JP,JP,2,5,dynamic,,3,1
5545,49,female,asian,JP,JP,1,2,dynamic,,3,1
5546,,female,asian,JP,JP,12,9,dynamic,,3,2
5547,53,male,asian,JP,JP,5,3,dynamic,,1,1
5548,68,male,asian,JP,JP,1,2,dynamic,,2,1
5549,56,male,asian,JP,JP,9,5,dynamic,,1,2
5550,69,female,asian,JP,JP,1,5,dynamic,,1,1
5551,75,male,asian,JP,JP,4,3,dynamic,,1,1
5552,63,male,asian,JP,JP,5,5,dynamic,,2,1
5553,68,male,asian,JP,JP,3,6,dynamic,,2,1
5554,22,male,asian,JP,JP,3,3,dynamic,,1,1
5555,58,male,asian,JP,JP,9,5,dynamic,,3,1
5556,42,female,asian,JP,JP,1,3,dynamic,,5,2
5557,57,male,asian,JP,JP,5,5,dynamic,,1,1
5558,69,male,asian,JP,JP,1,2,dynamic,,5,2
5559,40,female,asian,JP,JP,2,2,dynamic,,3,1
5560,64,male,asian,JP,JP,2,5,dynamic,,3,1
5561,69,male,asian,JP,JP,3,5,dynamic,,3,1
5562,30,male,asian,JP,JP,5,6,dynamic,,1,1
5563,46,male,asian,JP,JP,3,3,dynamic,,2,1
5564,43,male,asian,JP,JP,6,3,dynamic,,3,1
5565,28,female,asian,JP,JP,1,2,dynamic,,3,2
5566,76,male,asian,JP,JP,2,5,dynamic,,2,1
5567,57,female,asian,JP,JP,4,2,dynamic,,3,1
5568,59,male,asian,JP,JP,8,5,dynamic,,2,1
5569,46,prefer not to answer,prefer not to answer,prefer not to answer,prefer not to answer,12,2,dynamic,,3,1
5570,37,female,asian,JP,JP,12,5,dynamic,,5,2
5571,33,female,asian,JP,JP,4,5,dynamic,,2,1
5572,69,male,asian,JP,JP,3,2,dynamic,,2,1
5573,63,male,asian,JP,JP,1,6,dynamic,,4,2
5574,58,female,asian,JP,JP,12,2,dynamic,,3,1
5575,60,male,asian,JP,JP,1,5,dynamic,,5,1
5576,42,female,asian,JP,JP,2,2,dynamic,,2,2
5577,59,female,asian,JP,JP,1,5,dynamic,,1,1
5578,52,male,asian,JP,JP,10,5,dynamic,,5,2
5579,43,female,asian,JP,JP,1,2,dynamic,,5,2
5580,42,male,asian,JP,JP,8,2,dynamic,,5,2
5581,34,male,asian,JP,JP,3,5,dynamic,,4,2
5582,37,female,asian,JP,JP,1,1,dynamic,,5,2
5583,50,female,prefer not to answer,JP,JP,12,4,dynamic,,2,1
5584,65,female,asian,JP,JP,1,4,dynamic,,5,1
5585,35,female,asian,JP,JP,3,5,dynamic,,5,2
5586,69,male,asian,JP,JP,1,2,dynamic,,2,1
5587,32,female,asian,JP,JP,6,5,dynamic,,1,1
5588,59,male,asian,JP,JP,8,5,dynamic,,2,1
5589,53,female,asian,JP,JP,1,4,dynamic,,4,2
5590,54,male,asian,JP,JP,1,2,dynamic,,2,2
5591,40,female,asian,JP,JP,1,5,dynamic,,1,2
5592,48,male,asian,JP,JP,6,2,dynamic,,2,1
5593,71,male,asian,JP,JP,1,2,dynamic,,4,1
5594,46,male,asian,JP,JP,6,5,dynamic,,4,1
5595,51,female,asian,JP,JP,4,3,dynamic,,4,1
5596,41,male,asian,JP,JP,1,5,dynamic,,4,2
5597,41,female,asian,JP,JP,1,5,dynamic,,2,1
5598,68,female,asian,JP,JP,1,5,dynamic,,5,2
5599,21,male,asian,JP,JP,12,2,dynamic,,3,2
5600,36,female,hispanic/latino,JP,JP,9,5,dynamic,,2,1
5601,79,male,asian,JP,JP,12,2,dynamic,,1,1
5602,56,female,asian,JP,JP,1,2,dynamic,,4,2
5603,85,male,asian,JP,JP,2,5,dynamic,,2,1
5604,61,female,asian,JP,JP,1,5,dynamic,,2,1
5605,41,female,asian,JP,JP,1,4,dynamic,,3,1
5606,65,male,asian,JP,JP,4,5,dynamic,,3,1
5607,,female,asian,JP,JP,12,2,dynamic,,2,2
5608,44,male,asian,JP,JP,5,2,dynamic,,2,1
5609,50,female,asian,JP,JP,4,5,dynamic,,2,1
5610,53,male,asian,JP,JP,2,5,dynamic,,5,2
5611,38,male,asian,JP,JP,2,2,dynamic,,1,1
5612,67,male,asian,JP,JP,3,5,dynamic,,3,1
5613,55,female,asian,JP,JP,1,2,dynamic,,5,2
5614,56,male,asian,JP,JP,1,5,dynamic,,3,1
5615,73,male,asian,JP,JP,5,5,dynamic,,2,1
5616,38,male,asian,JP,JP,12,1,dynamic,,2,2
5617,53,female,asian,JP,JP,1,4,dynamic,,4,2
5618,50,male,asian,JP,JP,5,2,dynamic,,1,1
5619,61,male,asian,JP,JP,6,5,dynamic,,2,1
5620,38,female,asian,JP,JP,8,2,dynamic,,2,1
5621,53,male,asian,JP,JP,6,5,dynamic,,2,1
5622,33,female,asian,JP,JP,12,9,dynamic,,3,2
5623,66,male,asian,JP,JP,1,5,dynamic,,5,2
5624,58,female,asian,JP,JP,1,2,dynamic,,5,2
5625,55,female,asian,JP,JP,1,2,dynamic,,4,1
5626,59,male,asian,JP,JP,9,5,dynamic,,4,1
5627,41,male,asian,JP,JP,7,2,dynamic,,3,1
5628,40,female,asian,JP,JP,3,5,dynamic,,1,1
5629,54,male,asian,JP,JP,6,2,dynamic,,3,1
5630,54,male,asian,JP,JP,8,5,dynamic,,2,1
5631,60,female,asian,JP,JP,12,5,dynamic,,3,1
5632,62,male,asian,JP,JP,1,2,dynamic,,1,1
5633,42,male,asian,JP,JP,8,5,dynamic,,3,1
5634,64,male,asian,JP,JP,12,5,dynamic,,2,1
5635,48,female,asian,JP,JP,12,5,dynamic,,3,1
5636,61,male,asian,JP,JP,3,2,dynamic,,2,1
5637,54,male,asian,JP,JP,2,5,dynamic,,1,1
5638,56,male,asian,JP,JP,6,5,dynamic,,2,1
5639,54,male,asian,JP,JP,12,5,dynamic,,3,1
5640,52,male,asian,JP,JP,3,5,dynamic,,4,2
5641,52,female,asian,JP,JP,8,5,dynamic,,3,1
5642,52,female,white,JP,JP,1,2,dynamic,,3,1
5643,34,female,asian,JP,JP,4,5,dynamic,,1,1
5644,76,male,asian,JP,JP,5,5,dynamic,,2,1
5645,79,female,asian,JP,JP,1,4,dynamic,,5,2
5646,38,female,asian,JP,JP,5,3,dynamic,,5,2
5647,72,male,asian,JP,JP,3,5,dynamic,,2,2
5648,64,male,asian,JP,JP,9,5,dynamic,,2,1
5649,78,female,asian,JP,JP,12,2,dynamic,,2,1
5650,37,female,asian,JP,JP,1,2,dynamic,,5,2
5651,65,male,asian,JP,JP,6,5,dynamic,,3,1
5652,48,male,asian,JP,JP,2,5,dynamic,,2,1
5653,47,female,asian,JP,JP,12,2,dynamic,,3,1
5654,78,male,asian,JP,JP,4,5,dynamic,,3,1
5655,67,female,asian,JP,JP,1,2,dynamic,,4,2
5656,48,male,asian,JP,JP,1,2,dynamic,,3,3
5657,25,male,asian,JP,JP,1,5,dynamic,,5,2
5658,44,male,asian,JP,JP,12,2,dynamic,,2,1
5659,76,male,asian,JP,JP,2,2,dynamic,,2,1
5660,74,female,asian,JP,JP,3,4,dynamic,,4,2
5661,74,female,asian,JP,JP,1,3,dynamic,,4,2
5662,35,female,asian,JP,JP,1,5,dynamic,,1,2
5663,53,female,asian,JP,JP,1,4,dynamic,,4,1
5664,59,female,asian,JP,JP,1,2,dynamic,,4,1
5665,72,male,asian,JP,JP,2,5,dynamic,,4,2
5666,51,male,asian,JP,JP,3,2,dynamic,,3,2
5667,54,male,asian,JP,JP,6,2,dynamic,,2,1
5668,59,male,asian,JP,JP,9,6,dynamic,,2,1
5669,36,female,asian,JP,JP,1,3,dynamic,,2,2
5670,43,female,asian,JP,JP,1,5,dynamic,,5,2
5671,77,male,asian,JP,JP,12,5,dynamic,,3,2
5672,50,male,asian,JP,JP,8,5,dynamic,,3,2
5673,40,female,asian,JP,JP,1,5,dynamic,,2,1
5674,75,male,asian,JP,JP,3,5,dynamic,,1,1
5675,59,female,asian,JP,JP,4,2,dynamic,,3,2
5676,53,male,asian,JP,JP,12,7,dynamic,,5,2
5677,35,male,asian,JP,JP,6,3,dynamic,,3,1
5678,53,female,asian,JP,JP,1,4,dynamic,,5,2
5679,54,male,white,JP,JP,12,2,dynamic,,5,2
5680,69,male,asian,JP,JP,2,5,dynamic,,2,1
5681,56,male,asian,JP,JP,9,5,dynamic,,2,2
5682,47,female,asian,JP,JP,12,4,dynamic,,2,1
5683,75,male,asian,JP,JP,12,5,dynamic,,1,1
5684,45,male,asian,JP,JP,4,3,dynamic,,1,1
5685,39,female,asian,JP,JP,6,5,dynamic,,2,2
5686,38,male,asian,JP,JP,9,5,dynamic,,4,2
5687,63,male,asian,JP,JP,6,5,dynamic,,2,1
5688,72,male,asian,JP,JP,12,5,dynamic,,1,1
5689,64,female,asian,JP,JP,1,2,dynamic,,5,2
5690,53,female,asian,JP,JP,1,4,dynamic,,3,2
5691,55,male,asian,JP,JP,1,3,dynamic,,4,1
5692,33,female,asian,JP,JP,1,4,dynamic,,4,2
5693,77,male,asian,JP,JP,2,2,dynamic,,2,1
5694,24,female,asian,JP,JP,1,5,dynamic,,5,2
5695,47,male,asian,JP,JP,1,6,dynamic,,1,1
5696,63,female,asian,JP,JP,1,5,dynamic,,1,1
5697,39,male,asian,JP,JP,6,5,dynamic,,2,2
5698,75,male,asian,JP,JP,2,5,dynamic,,1,1
5699,49,female,asian,JP,JP,12,2,dynamic,,4,2
5700,55,female,asian,JP,JP,3,4,dynamic,,5,2
5701,75,male,asian,JP,JP,12,2,dynamic,,2,1
5702,69,male,asian,JP,JP,1,5,dynamic,,4,2
5703,70,male,asian,JP,JP,1,2,dynamic,,4,2
5704,73,female,asian,JP,JP,1,4,dynamic,,4,2
5705,54,male,asian,JP,JP,6,5,dynamic,,2,1
5706,45,female,asian,JP,JP,2,5,dynamic,,4,2
5707,59,male,asian,JP,JP,8,5,dynamic,,2,1
5708,47,female,asian,JP,JP,1,5,dynamic,,2,1
5709,67,male,asian,JP,JP,9,5,dynamic,,3,1
5710,55,male,asian,JP,JP,5,5,dynamic,,2,1
5711,42,male,asian,JP,JP,7,5,dynamic,,2,1
5712,67,male,asian,JP,JP,3,2,dynamic,,5,2
5713,70,female,asian,JP,JP,1,4,dynamic,,4,1
5714,63,male,asian,JP,JP,6,3,dynamic,,1,1
5715,42,female,asian,JP,JP,12,5,dynamic,,5,2
5716,67,male,asian,JP,JP,3,5,dynamic,,2,1
5717,57,male,asian,JP,JP,6,2,dynamic,,3,1
5718,70,male,asian,JP,JP,12,5,dynamic,,1,1
5719,44,female,asian,JP,JP,4,5,dynamic,,3,1
5720,31,female,asian,JP,JP,4,5,dynamic,,5,2
5721,69,male,asian,JP,JP,4,7,dynamic,,4,2
5722,53,female,asian,JP,JP,1,3,dynamic,,5,2
5723,76,male,asian,JP,JP,1,5,dynamic,,2,1
5724,32,male,asian,JP,JP,6,2,dynamic,,2,1
5725,80,male,asian,JP,JP,2,1,dynamic,,2,1
5726,57,male,asian,JP,JP,4,2,dynamic,,3,2
5727,63,female,asian,JP,JP,1,3,dynamic,,4,1
5728,76,male,asian,JP,JP,6,4,dynamic,,2,1
5729,75,male,asian,JP,JP,9,5,dynamic,,1,1
5730,54,female,asian,JP,JP,2,4,dynamic,,5,2
5731,47,male,asian,JP,JP,6,3,dynamic,,1,1
5732,57,male,asian,JP,JP,3,2,dynamic,,2,1
5733,33,male,asian,JP,JP,5,5,dynamic,,1,1
5734,51,male,asian,JP,JP,5,5,dynamic,,5,1
5735,39,male,asian,JP,JP,2,3,dynamic,,3,2
5736,69,male,asian,JP,JP,10,7,dynamic,,2,1
5737,62,male,asian,JP,JP,2,2,dynamic,,2,1
5738,76,female,asian,JP,JP,1,5,dynamic,,2,1
5739,44,female,asian,JP,JP,1,4,dynamic,,2,1
5740,50,male,asian,JP,JP,8,5,dynamic,,1,1
5741,78,male,asian,JP,JP,2,5,dynamic,,2,1
5742,60,male,asian,JP,JP,3,2,dynamic,,3,2
5743,50,male,asian,JP,JP,1,3,dynamic,,3,2
5744,77,male,asian,JP,JP,12,5,dynamic,,1,1
5745,51,female,asian,JP,JP,4,5,dynamic,,4,2
5746,40,female,asian,JP,JP,2,5,dynamic,,5,2
5747,58,male,other,JP,JP,2,5,dynamic,,3,1
5748,43,female,asian,JP,JP,6,3,dynamic,,5,1
5749,40,female,asian,JP,JP,4,3,dynamic,,2,1
5750,68,male,asian,JP,JP,7,5,dynamic,,2,1
5751,48,female,asian,JP,JP,1,3,dynamic,,4,2
5752,81,male,asian,JP,JP,2,2,dynamic,,5,2
5753,68,male,asian,JP,JP,12,6,dynamic,,3,2
5754,58,female,asian,JP,JP,1,4,dynamic,,5,2
5755,70,male,asian,JP,JP,1,5,dynamic,,1,1
5756,28,male,asian,JP,JP,2,5,dynamic,,2,1
5757,63,male,asian,JP,JP,8,2,dynamic,,3,1
5758,57,male,asian,JP,JP,1,3,dynamic,,4,2
5759,53,male,asian,JP,JP,5,2,dynamic,,1,2
5760,70,male,asian,JP,JP,2,5,dynamic,,2,1
5761,36,male,asian,JP,JP,1,5,dynamic,,5,2
5762,59,male,asian,JP,JP,3,2,dynamic,,3,1
5763,70,female,asian,JP,JP,12,5,dynamic,,2,2
5764,60,male,asian,JP,JP,11,5,dynamic,,1,1
5765,81,male,asian,JP,JP,3,5,dynamic,,3,1
5766,53,male,asian,JP,JP,8,3,dynamic,,2,1
5767,61,male,asian,JP,JP,6,5,dynamic,,2,1
5768,62,female,asian,JP,JP,1,5,dynamic,,5,2
5769,45,male,asian,JP,JP,4,3,dynamic,,2,1
5770,44,female,asian,JP,JP,1,2,dynamic,,2,2
5771,51,male,asian,JP,JP,5,2,dynamic,,1,1
5772,56,male,asian,JP,JP,3,1,dynamic,,1,1
5773,55,female,asian,JP,JP,1,2,dynamic,,3,1
5774,53,female,asian,JP,JP,3,5,dynamic,,4,2
5775,46,female,asian,JP,JP,1,5,dynamic,,5,2
5776,49,female,asian,JP,JP,1,4,dynamic,,5,1
5777,51,male,asian,JP,JP,5,5,dynamic,,1,1
5778,66,male,asian,JP,JP,2,5,dynamic,,1,1
5779,51,female,asian,JP,JP,1,5,dynamic,,4,1
5780,49,male,asian,JP,JP,1,1,dynamic,,2,1
5781,24,female,asian,JP,JP,2,5,dynamic,,2,1
5782,43,male,asian,JP,JP,6,5,dynamic,,1,1
5783,66,male,asian,JP,JP,6,5,dynamic,,1,1
5784,42,female,asian,JP,JP,9,5,dynamic,,4,2
5785,66,male,asian,JP,JP,4,5,dynamic,,1,1
5786,61,male,asian,JP,JP,5,5,dynamic,,3,2
5787,60,female,asian,JP,JP,1,5,dynamic,,5,1
5788,62,female,asian,JP,JP,1,2,dynamic,,5,1
5789,38,male,asian,JP,JP,5,2,dynamic,,1,1
5790,66,female,asian,JP,JP,1,2,dynamic,,1,1
5791,41,female,asian,JP,JP,1,3,dynamic,,1,1
5792,59,male,asian,JP,JP,1,5,dynamic,,1,1
5793,45,male,asian,JP,JP,2,2,dynamic,,3,1
5794,60,female,asian,JP,JP,1,2,dynamic,,4,2
5795,43,male,asian,JP,JP,5,5,dynamic,,1,1
5796,41,male,asian,JP,JP,3,6,dynamic,,1,1
5797,62,female,asian,JP,JP,7,2,dynamic,,3,2
5798,59,male,asian,JP,JP,9,5,dynamic,,5,2
5799,59,female,asian,JP,JP,12,2,dynamic,,3,2
5800,39,female,asian,JP,JP,2,2,dynamic,,5,2
5801,28,male,white,JP,JP,1,2,dynamic,,1,1
5802,40,female,asian,JP,JP,12,2,dynamic,,2,1
5803,70,female,asian,JP,JP,2,2,dynamic,,3,1
5804,68,female,asian,JP,JP,6,4,dynamic,,4,2
5805,55,female,asian,JP,JP,9,5,dynamic,,3,2
5806,44,female,asian,JP,JP,1,2,dynamic,,2,1
5807,55,female,asian,JP,JP,2,4,dynamic,,2,1
5808,48,male,asian,JP,JP,7,5,dynamic,,2,1
5809,62,female,asian,JP,JP,1,4,dynamic,,3,2
5810,28,female,asian,JP,JP,5,5,dynamic,,1,2
5811,59,male,asian,JP,JP,1,2,dynamic,,2,1
5812,60,male,asian,JP,JP,5,1,dynamic,,4,2
5813,77,male,asian,JP,JP,3,2,dynamic,,4,1
5814,54,female,asian,JP,JP,1,5,dynamic,,2,1
5815,44,female,asian,JP,JP,2,4,dynamic,,5,1
5816,65,female,asian,JP,JP,1,5,dynamic,,3,2
5817,64,male,asian,JP,JP,2,5,dynamic,,2,1
5818,55,male,asian,JP,JP,1,5,dynamic,,2,2
5819,72,female,asian,JP,JP,1,2,dynamic,,5,2
5820,43,male,asian,JP,JP,2,3,dynamic,,3,1
5821,53,male,asian,JP,JP,7,5,dynamic,,1,1
5822,82,male,asian,JP,JP,2,2,dynamic,,2,1
5823,73,male,asian,JP,JP,3,5,dynamic,,3,1
5824,21,female,asian,JP,JP,1,5,dynamic,,2,2
5825,34,female,asian,JP,JP,11,4,dynamic,,3,2
5826,73,male,asian,JP,JP,4,5,dynamic,,4,1
5827,65,female,asian,JP,JP,1,2,dynamic,,3,1
5828,47,male,asian,JP,JP,8,6,dynamic,,1,1
5829,59,male,asian,JP,JP,6,5,dynamic,,4,1
5830,73,male,asian,JP,JP,2,5,dynamic,,1,1
5831,51,female,asian,JP,JP,1,2,dynamic,,3,2
5832,56,male,asian,JP,JP,3,5,dynamic,,1,1
5833,63,male,asian,JP,JP,9,5,dynamic,,5,2
5834,62,male,asian,JP,JP,1,4,dynamic,,2,1
5835,58,male,asian,JP,JP,9,3,dynamic,,1,1
5836,37,female,asian,JP,JP,2,3,dynamic,,4,1
5837,72,male,asian,JP,JP,2,5,dynamic,,2,1
5838,53,male,asian,JP,JP,1,5,dynamic,,1,2
5839,72,female,asian,JP,JP,2,3,dynamic,,4,2
5840,65,male,asian,JP,JP,6,5,dynamic,,2,1
5841,59,female,asian,JP,JP,6,2,dynamic,,4,2
5842,59,male,asian,JP,JP,9,5,dynamic,,1,1
5843,47,male,asian,JP,JP,6,5,dynamic,,1,1
5844,71,female,asian,JP,JP,1,5,dynamic,,3,1
5845,52,female,asian,JP,JP,1,4,dynamic,,2,1
5846,52,male,asian,JP,JP,6,5,dynamic,,1,1
5847,71,male,asian,JP,JP,1,5,dynamic,,4,1
5848,71,male,asian,JP,JP,2,5,dynamic,,2,1
5849,64,female,asian,JP,JP,1,3,dynamic,,2,1
5850,70,male,asian,JP,JP,2,7,dynamic,,2,1
5851,77,male,asian,JP,JP,2,5,dynamic,,1,1
5852,50,female,asian,JP,JP,3,3,dynamic,,1,1
5853,32,male,asian,JP,JP,3,5,dynamic,,3,2
5854,68,male,asian,JP,JP,2,5,dynamic,,2,1
5855,62,male,asian,JP,JP,2,3,dynamic,,2,1
5856,45,male,asian,JP,JP,12,2,dynamic,,2,1
5857,63,male,asian,JP,JP,4,5,dynamic,,1,1
5858,71,female,asian,JP,JP,1,5,dynamic,,2,1
5859,46,female,asian,JP,JP,1,5,dynamic,,5,2
5860,51,male,asian,JP,JP,6,5,dynamic,,1,1
5861,31,male,asian,JP,JP,12,2,dynamic,,5,1
5862,55,female,asian,JP,JP,1,5,dynamic,,4,2
5863,45,male,asian,JP,JP,6,5,dynamic,,1,1
5864,61,female,asian,JP,JP,12,2,dynamic,,5,2
5865,41,female,asian,JP,JP,1,3,dynamic,,5,2
5866,65,male,asian,JP,JP,2,2,dynamic,,2,1
5867,57,female,asian,JP,JP,1,2,dynamic,,4,2
5868,62,male,asian,JP,JP,1,5,dynamic,,2,1
5869,66,female,asian,JP,JP,1,2,dynamic,,5,2
5870,,male,white,JP,JP,12,2,dynamic,,5,2
5871,67,female,asian,JP,JP,1,5,dynamic,,2,1
5872,56,female,asian,JP,JP,1,4,dynamic,,4,1
5873,72,male,asian,JP,JP,3,5,dynamic,,3,1
5874,27,male,asian,JP,JP,1,1,dynamic,,4,1
5875,32,male,asian,JP,JP,2,2,dynamic,,2,1
5876,56,female,asian,JP,JP,1,5,dynamic,,3,1
5877,37,female,asian,JP,JP,1,2,dynamic,,5,2
5878,49,female,asian,JP,JP,1,2,dynamic,,4,2
5879,28,female,asian,JP,JP,1,2,dynamic,,5,2
5880,35,female,asian,JP,JP,1,5,dynamic,,5,2
5881,52,female,asian,JP,JP,12,3,dynamic,,5,2
5882,53,female,asian,JP,JP,1,4,dynamic,,4,1
5883,73,male,asian,JP,JP,3,2,dynamic,,2,2
5884,78,male,asian,JP,JP,12,2,dynamic,,2,1
5885,46,male,asian,JP,JP,5,6,dynamic,,2,1
5886,73,male,asian,JP,JP,2,2,dynamic,,2,1
5887,83,male,asian,JP,JP,2,5,dynamic,,3,1
5888,68,male,asian,JP,JP,3,5,dynamic,,3,1
5889,,female,asian,JP,JP,12,5,dynamic,,3,2
5890,62,female,asian,JP,JP,3,3,dynamic,,1,1
5891,37,female,asian,JP,JP,2,2,dynamic,,5,2
5892,45,male,asian,JP,JP,2,2,dynamic,,4,2
5893,36,male,asian,JP,JP,5,5,dynamic,,2,1
5894,79,male,asian,JP,JP,1,5,dynamic,,1,1
5895,63,female,asian,JP,JP,1,3,dynamic,,2,1
5896,66,male,asian,JP,JP,12,2,dynamic,,2,1
5897,31,female,asian,JP,JP,4,5,dynamic,,5,2
5898,31,female,asian,JP,JP,2,3,dynamic,,2,2
5899,44,female,asian,JP,JP,4,5,dynamic,,5,2
5900,72,male,asian,JP,JP,3,6,dynamic,,3,1
5901,74,female,asian,JP,JP,1,2,dynamic,,1,1
5902,35,female,asian,JP,JP,1,5,dynamic,,4,2
5903,73,male,asian,JP,JP,3,6,dynamic,,4,1
5904,76,male,asian,JP,JP,1,2,dynamic,,2,1
5905,,female,asian,JP,JP,12,5,dynamic,,5,2
5906,69,male,asian,JP,JP,3,2,dynamic,,1,1
5907,49,female,asian,JP,JP,1,2,dynamic,,5,2
5908,67,male,white,JP,JP,4,5,dynamic,,5,2
5909,38,female,asian,JP,JP,2,4,dynamic,,1,1
5910,59,female,asian,JP,JP,1,4,dynamic,,2,1
5911,28,female,asian,JP,JP,1,5,dynamic,,5,2
5912,53,female,asian,JP,JP,1,4,dynamic,,3,2
5913,73,male,asian,JP,JP,3,5,dynamic,,1,1
5914,53,male,asian,JP,JP,6,5,dynamic,,3,2
5915,76,male,asian,JP,JP,2,4,dynamic,,2,1
5916,69,male,asian,JP,JP,2,2,dynamic,,2,1
5917,68,female,asian,JP,JP,2,4,dynamic,,2,1
5918,35,male,asian,JP,JP,4,6,dynamic,,5,2
5919,56,female,asian,JP,JP,12,4,dynamic,,4,2
5920,61,male,asian,JP,JP,1,5,dynamic,,4,1
5921,59,male,asian,JP,JP,3,6,dynamic,,1,1
5922,65,female,asian,JP,JP,5,5,dynamic,,5,2
5923,47,male,asian,JP,JP,8,2,dynamic,,4,2
5924,40,female,asian,JP,JP,2,3,dynamic,,3,1
5925,44,male,asian,JP,JP,3,3,dynamic,,4,2
5926,52,male,asian,JP,JP,8,5,dynamic,,1,1
5927,47,male,asian,JP,JP,3,3,dynamic,,5,2
5928,64,female,asian,JP,JP,1,3,dynamic,,5,2
5929,35,male,asian,JP,JP,1,1,dynamic,,2,2
5930,67,female,asian,JP,JP,1,2,dynamic,,5,1
5931,37,female,asian,JP,JP,9,5,dynamic,,5,2
5932,59,male,asian,JP,JP,6,5,dynamic,,2,2
5933,53,male,asian,JP,JP,5,5,dynamic,,4,1
5934,56,female,other,JP,JP,12,2,dynamic,,5,2
5935,58,male,asian,JP,JP,2,5,dynamic,,2,1
5936,68,male,asian,JP,JP,2,5,dynamic,,5,2
5937,61,female,asian,JP,JP,1,4,dynamic,,3,1
5938,54,male,asian,JP,JP,3,5,dynamic,,5,2
5939,35,male,asian,JP,JP,2,6,dynamic,,1,1
5940,65,male,asian,JP,JP,12,5,dynamic,,2,1
5941,46,male,asian,JP,JP,3,5,dynamic,,2,1
5942,61,male,asian,JP,JP,1,6,dynamic,,2,1
5943,41,female,asian,JP,JP,1,1,dynamic,,5,2
5944,72,male,asian,JP,JP,2,5,dynamic,,5,1
5945,66,male,asian,JP,JP,9,7,dynamic,,1,1
5946,60,male,asian,JP,JP,4,5,dynamic,,2,1
5947,53,male,asian,JP,JP,1,5,dynamic,,3,1
5948,36,female,asian,JP,JP,1,5,dynamic,,2,2
5949,54,male,asian,JP,JP,6,5,dynamic,,2,1
5950,52,female,asian,JP,JP,2,2,dynamic,,3,1
5951,70,male,asian,JP,JP,3,5,dynamic,,2,1
5952,47,male,asian,JP,JP,1,5,dynamic,,3,2
5953,67,female,asian,JP,JP,3,4,dynamic,,2,1
5954,47,female,asian,JP,JP,4,2,dynamic,,5,1
5955,53,male,asian,JP,JP,4,5,dynamic,,4,1
5956,52,female,asian,JP,JP,3,3,dynamic,,4,2
5957,70,male,asian,JP,JP,2,5,dynamic,,2,1
5958,59,female,asian,JP,JP,1,5,dynamic,,1,1
5959,41,male,asian,JP,JP,4,5,dynamic,,2,1
5960,50,male,asian,JP,JP,4,2,dynamic,,2,1
5961,59,male,asian,JP,JP,1,3,dynamic,,5,2
5962,56,male,asian,JP,JP,1,5,dynamic,,1,1
5963,63,male,asian,JP,JP,7,5,dynamic,,2,1
5964,77,male,asian,JP,JP,2,5,dynamic,,5,1
5965,43,male,asian,JP,JP,1,2,dynamic,,5,2
5966,57,male,asian,JP,JP,5,2,dynamic,,3,1
5967,63,male,asian,JP,JP,7,3,dynamic,,1,1
5968,55,male,asian,JP,JP,8,2,dynamic,,1,1
5969,58,male,asian,JP,JP,5,3,dynamic,,2,1
5970,62,male,asian,JP,JP,1,6,dynamic,,5,2
5971,74,male,asian,JP,JP,3,5,dynamic,,4,1
5972,51,female,asian,JP,JP,12,3,dynamic,,2,2
5973,48,female,asian,JP,JP,3,3,dynamic,,2,1
5974,28,male,asian,JP,JP,8,5,dynamic,,3,2
5975,39,female,asian,JP,JP,4,5,dynamic,,2,2
5976,60,male,asian,JP,JP,1,2,dynamic,,2,1
5977,65,male,asian,JP,JP,2,5,dynamic,,3,2
5978,38,female,asian,JP,JP,5,5,dynamic,,5,2
5979,69,female,white,JP,JP,1,5,dynamic,,2,1
5980,49,male,asian,JP,JP,6,5,dynamic,,4,1
5981,45,male,asian,JP,JP,9,5,dynamic,,2,1
5982,39,female,asian,JP,JP,5,5,dynamic,,5,2
5983,48,male,asian,JP,JP,12,2,dynamic,,2,1
5984,57,male,asian,JP,JP,1,5,dynamic,,1,1
5985,65,male,asian,JP,JP,8,5,dynamic,,2,1
5986,70,male,asian,JP,JP,2,5,dynamic,,1,1
5987,44,male,asian,JP,JP,6,5,dynamic,,2,1
5988,51,male,asian,JP,JP,6,2,dynamic,,2,1
5989,58,female,asian,JP,JP,1,2,dynamic,,3,1
5990,62,female,asian,JP,JP,1,4,dynamic,,3,1
5991,86,male,asian,JP,JP,3,5,dynamic,,2,1
5992,62,male,asian,JP,JP,2,5,dynamic,,1,1
5993,53,female,asian,JP,JP,6,5,dynamic,,5,2
5994,61,male,asian,JP,JP,1,3,dynamic,,2,1
5995,54,male,asian,JP,JP,1,2,dynamic,,2,2
5996,73,male,asian,JP,JP,2,2,dynamic,,2,1
5997,39,female,asian,JP,JP,2,4,dynamic,,4,2
5998,,female,white,JP,JP,1,2,dynamic,,5,2
5999,65,male,asian,JP,JP,3,5,dynamic,,4,1
6000,68,female,asian,JP,JP,1,2,aerodynamic,,2,1
6001,47,female,asian,JP,JP,8,5,aerodynamic,,3,2
6002,44,male,asian,JP,JP,4,3,aerodynamic,,2,1
6003,59,male,asian,JP,JP,5,2,aerodynamic,,4,1
6004,56,male,asian,JP,JP,4,2,aerodynamic,,2,1
6005,56,male,asian,JP,JP,1,2,aerodynamic,,2,1
6006,55,female,asian,JP,JP,1,6,aerodynamic,,4,2
6007,52,male,asian,JP,JP,1,5,aerodynamic,,2,1
6008,57,female,asian,JP,JP,1,5,aerodynamic,,5,2
6009,41,male,asian,JP,JP,1,2,aerodynamic,,5,2
6010,61,female,asian,JP,JP,1,3,aerodynamic,,4,1
6011,73,male,asian,JP,JP,3,5,aerodynamic,,2,1
6012,31,male,asian,JP,JP,5,5,aerodynamic,,4,2
6013,77,male,asian,JP,JP,2,5,aerodynamic,,4,2
6014,51,male,asian,JP,JP,1,5,aerodynamic,,2,1
6015,55,female,asian,JP,JP,3,5,aerodynamic,,3,1
6016,28,male,asian,JP,JP,1,2,aerodynamic,,4,2
6017,27,male,asian,JP,JP,4,7,aerodynamic,,1,1
6018,61,male,asian,JP,JP,6,5,aerodynamic,,3,1
6019,53,female,asian,JP,JP,1,4,aerodynamic,,4,1
6020,49,female,asian,JP,JP,1,2,aerodynamic,,3,1
6021,56,female,asian,JP,JP,12,3,aerodynamic,,3,1
6022,68,female,asian,JP,JP,1,2,aerodynamic,,2,1
6023,61,male,asian,JP,JP,8,5,aerodynamic,,2,1
6024,60,male,asian,JP,JP,12,5,aerodynamic,,2,1
6025,53,male,asian,JP,JP,1,1,aerodynamic,,1,1
6026,56,male,asian,JP,JP,7,5,aerodynamic,,5,2
6027,25,male,asian,JP,JP,4,2,aerodynamic,,5,2
6028,52,female,asian,JP,JP,1,2,aerodynamic,,5,2
6029,62,male,asian,JP,JP,1,2,aerodynamic,,1,1
6030,47,female,asian,JP,JP,12,5,aerodynamic,,2,2
6031,72,male,asian,JP,JP,2,5,aerodynamic,,1,1
6032,70,male,asian,JP,JP,2,3,aerodynamic,,3,2
6033,72,male,asian,JP,JP,5,5,aerodynamic,,3,1
6034,69,male,asian,JP,JP,2,2,aerodynamic,,2,1
6035,66,male,asian,JP,JP,12,5,aerodynamic,,3,1
6036,61,male,asian,JP,JP,1,3,aerodynamic,,2,1
6037,70,male,asian,JP,JP,3,6,aerodynamic,,5,1
6038,50,male,asian,JP,JP,8,6,aerodynamic,,2,1
6039,53,male,prefer not to answer,JP,prefer not to answer,12,9,aerodynamic,,5,3
6040,66,male,asian,JP,JP,5,2,aerodynamic,,1,1
6041,36,female,asian,JP,JP,3,2,aerodynamic,,4,2
6042,66,male,asian,JP,JP,1,5,aerodynamic,,2,1
6043,55,male,asian,JP,JP,4,5,aerodynamic,,2,1
6044,53,female,asian,JP,JP,9,5,aerodynamic,,5,2
6045,60,female,asian,JP,JP,12,5,aerodynamic,,5,2
6046,65,male,asian,JP,JP,1,5,aerodynamic,,5,2
6047,58,male,asian,JP,JP,2,2,aerodynamic,,3,2
6048,57,female,asian,JP,JP,1,4,aerodynamic,,3,1
6049,57,male,asian,JP,JP,1,2,aerodynamic,,2,2
6050,74,male,asian,JP,JP,3,5,aerodynamic,,2,2
6051,76,male,asian,JP,JP,9,2,aerodynamic,,2,1
6052,63,female,asian,JP,JP,1,4,aerodynamic,,4,1
6053,55,male,asian,JP,JP,10,3,aerodynamic,,2,1
6054,53,female,asian,JP,JP,6,5,aerodynamic,,5,2
6055,58,male,asian,JP,JP,6,5,aerodynamic,,1,1
6056,40,female,asian,JP,JP,6,5,aerodynamic,,3,2
6057,59,male,asian,JP,JP,2,1,aerodynamic,,4,2
6058,77,male,asian,JP,JP,2,1,aerodynamic,,2,1
6059,52,male,asian,JP,JP,4,5,aerodynamic,,5,2
6060,62,male,asian,JP,JP,8,5,aerodynamic,,3,1
6061,60,female,asian,JP,JP,2,4,aerodynamic,,2,1
6062,76,male,asian,JP,JP,1,5,aerodynamic,,2,1
6063,66,male,asian,JP,JP,3,5,aerodynamic,,1,2
6064,31,female,asian,JP,JP,4,5,aerodynamic,,1,1
6065,57,male,asian,JP,JP,1,2,aerodynamic,,5,2
6066,41,female,asian,JP,JP,1,2,aerodynamic,,5,1
6067,33,female,asian,JP,JP,1,3,aerodynamic,,1,1
6068,62,female,asian,JP,JP,1,2,aerodynamic,,4,2
6069,75,male,asian,JP,JP,2,5,aerodynamic,,5,2
6070,58,male,asian,JP,JP,12,2,aerodynamic,,5,1
6071,55,male,asian,JP,JP,1,2,aerodynamic,,5,2
6072,51,male,asian,JP,JP,2,5,aerodynamic,,2,3
6073,65,female,asian,JP,JP,1,5,aerodynamic,,4,2
6074,59,male,other,JP,JP,12,1,aerodynamic,,1,1
6075,72,male,asian,JP,JP,8,5,aerodynamic,,1,1
6076,48,female,asian,JP,JP,1,3,aerodynamic,,3,2
6077,49,male,asian,JP,JP,3,1,aerodynamic,,1,1
6078,46,female,asian,JP,JP,1,6,aerodynamic,,2,2
6079,65,male,asian,JP,JP,7,5,aerodynamic,,1,1
6080,46,male,asian,JP,JP,1,5,aerodynamic,,5,2
6081,46,male,asian,JP,JP,6,5,aerodynamic,,3,1
6082,53,male,asian,JP,JP,1,2,aerodynamic,,4,2
6083,25,female,asian,JP,JP,2,5,aerodynamic,,1,1
6084,61,male,asian,JP,JP,4,3,aerodynamic,,3,2
6085,71,male,asian,JP,JP,2,2,aerodynamic,,2,1
6086,64,male,asian,JP,JP,1,2,aerodynamic,,4,1
6087,39,female,asian,JP,JP,2,5,aerodynamic,,5,2
6088,68,male,asian,JP,JP,3,7,aerodynamic,,5,2
6089,42,male,asian,JP,JP,7,3,aerodynamic,,2,1
6090,72,female,asian,JP,JP,12,5,aerodynamic,,2,1
6091,36,female,asian,JP,JP,1,5,aerodynamic,,4,2
6092,72,male,asian,JP,JP,5,5,aerodynamic,,3,1
6093,69,male,asian,JP,JP,4,3,aerodynamic,,1,1
6094,41,male,asian,JP,JP,3,5,aerodynamic,,5,1
6095,71,male,asian,JP,JP,2,5,aerodynamic,,3,1
6096,56,female,asian,JP,JP,1,4,aerodynamic,,4,1
6097,55,male,asian,JP,JP,12,3,aerodynamic,,2,1
6098,60,female,asian,JP,JP,12,5,aerodynamic,,4,2
6099,,female,asian,JP,JP,12,9,aerodynamic,,4,2
6100,62,male,asian,JP,JP,2,5,aerodynamic,,4,1
6101,63,male,asian,JP,JP,12,7,aerodynamic,,1,1
6102,60,female,asian,JP,JP,1,2,aerodynamic,,4,2
6103,77,male,asian,JP,JP,2,5,aerodynamic,,2,1
6104,73,male,asian,JP,JP,12,5,aerodynamic,,3,1
6105,36,female,asian,JP,JP,12,5,aerodynamic,,5,2
6106,55,male,asian,JP,JP,8,5,aerodynamic,,5,2
6107,49,male,asian,JP,JP,6,6,aerodynamic,,2,1
6108,49,female,asian,JP,JP,1,2,aerodynamic,,5,2
6109,70,male,asian,JP,JP,2,3,aerodynamic,,2,1
6110,71,female,asian,JP,JP,1,2,aerodynamic,,2,1
6111,89,female,asian,JP,JP,1,2,aerodynamic,,5,2
6112,61,male,asian,JP,JP,1,5,aerodynamic,,3,1
6113,64,male,asian,JP,JP,1,5,aerodynamic,,1,1
6114,30,male,asian,JP,JP,4,5,aerodynamic,,5,2
6115,63,female,asian,JP,JP,7,5,aerodynamic,,5,2
6116,40,female,asian,JP,JP,1,4,aerodynamic,,2,1
6117,69,male,asian,JP,JP,10,5,aerodynamic,,2,1
6118,36,female,asian,JP,JP,1,1,aerodynamic,,5,2
6119,61,male,asian,JP,JP,4,5,aerodynamic,,2,1
6120,39,male,asian,JP,JP,1,5,aerodynamic,,5,2
6121,61,male,asian,JP,JP,1,3,aerodynamic,,2,1
6122,71,female,asian,JP,JP,1,2,aerodynamic,,5,1
6123,50,male,asian,JP,JP,3,5,aerodynamic,,4,2
6124,55,male,asian,JP,JP,12,5,aerodynamic,,5,2
6125,65,male,asian,JP,JP,9,5,aerodynamic,,1,1
6126,78,male,asian,JP,JP,5,6,aerodynamic,,2,1
6127,90,female,asian,JP,JP,12,2,aerodynamic,,4,2
6128,54,female,asian,JP,JP,1,2,aerodynamic,,5,2
6129,75,female,asian,JP,JP,12,2,aerodynamic,,3,1
6130,50,male,asian,JP,JP,8,3,aerodynamic,,2,1
6131,75,male,white,JP,JP,1,5,aerodynamic,,2,1
6132,50,male,asian,JP,JP,11,5,aerodynamic,,2,1
6133,48,male,asian,JP,JP,12,2,aerodynamic,,1,1
6134,61,other,asian,JP,JP,12,9,aerodynamic,,5,1
6135,54,male,asian,JP,JP,12,1,aerodynamic,,5,2
6136,74,male,asian,JP,JP,3,5,aerodynamic,,1,1
6137,78,male,asian,JP,JP,1,2,aerodynamic,,1,1
6138,56,female,asian,JP,JP,2,4,aerodynamic,,2,1
6139,44,female,asian,JP,JP,1,2,aerodynamic,,3,2
6140,50,male,asian,JP,JP,3,2,aerodynamic,,2,1
6141,44,male,asian,JP,JP,1,5,aerodynamic,,4,2
6142,60,female,white,JP,JP,1,4,aerodynamic,,4,1
6143,49,female,white,JP,JP,3,5,aerodynamic,,4,2
6144,41,male,asian,JP,JP,5,2,aerodynamic,,2,1
6145,58,female,asian,JP,JP,1,5,aerodynamic,,4,2
6146,42,male,asian,JP,JP,2,2,aerodynamic,,2,1
6147,45,female,asian,JP,JP,12,5,aerodynamic,,5,2
6148,63,male,asian,JP,JP,1,2,aerodynamic,,2,1
6149,52,male,asian,JP,JP,1,2,aerodynamic,,5,2
6150,64,male,asian,JP,JP,7,3,aerodynamic,,1,1
6151,73,male,asian,JP,JP,1,5,aerodynamic,,2,1
6152,60,male,asian,JP,JP,12,2,aerodynamic,,1,2
6153,57,male,asian,JP,JP,2,2,aerodynamic,,1,1
6154,39,female,asian,JP,JP,5,6,aerodynamic,,5,2
6155,54,female,asian,JP,JP,12,5,aerodynamic,,5,2
6156,69,male,asian,JP,JP,5,2,aerodynamic,,3,1
6157,36,male,asian,JP,JP,4,5,aerodynamic,,2,1
6158,47,male,asian,JP,JP,12,3,aerodynamic,,5,2
6159,67,male,asian,JP,JP,2,5,aerodynamic,,5,2
6160,44,female,asian,JP,JP,1,2,aerodynamic,,2,2
6161,39,male,asian,JP,JP,2,5,aerodynamic,,5,2
6162,59,male,asian,JP,JP,5,1,aerodynamic,,2,2
6163,74,female,asian,JP,JP,1,4,aerodynamic,,5,1
6164,31,male,asian,JP,JP,4,5,aerodynamic,,1,1
6165,76,female,asian,JP,JP,4,3,aerodynamic,,5,1
6166,61,male,asian,JP,JP,12,5,aerodynamic,,2,1
6167,70,male,asian,JP,JP,3,5,aerodynamic,,2,1
6168,24,male,asian,JP,JP,1,5,aerodynamic,,3,2
6169,42,female,asian,JP,JP,1,2,aerodynamic,,4,1
6170,58,female,asian,JP,JP,1,2,aerodynamic,,4,2
6171,67,male,asian,JP,JP,3,5,aerodynamic,,2,1
6172,75,male,asian,JP,JP,1,2,aerodynamic,,4,1
6173,41,female,asian,JP,JP,1,3,aerodynamic,,5,2
6174,43,female,asian,JP,JP,1,3,aerodynamic,,4,2
6175,75,male,asian,JP,JP,3,5,aerodynamic,,4,2
6176,49,female,asian,JP,JP,7,5,aerodynamic,,4,2
6177,73,male,asian,JP,JP,1,5,aerodynamic,,2,1
6178,36,male,asian,JP,JP,1,3,aerodynamic,,5,2
6179,67,female,asian,JP,JP,1,4,aerodynamic,,5,2
6180,50,male,asian,JP,JP,4,3,aerodynamic,,2,1
6181,68,female,asian,JP,JP,1,2,aerodynamic,,4,1
6182,57,female,asian,JP,JP,1,7,aerodynamic,,1,1
6183,58,male,asian,JP,JP,12,2,aerodynamic,,2,1
6184,62,male,asian,JP,JP,3,2,aerodynamic,,2,1
6185,82,male,asian,JP,JP,3,5,aerodynamic,,4,2
6186,43,female,asian,JP,JP,1,5,aerodynamic,,4,2
6187,57,male,prefer not to answer,JP,JP,3,2,aerodynamic,,2,1
6188,40,female,asian,JP,JP,1,4,aerodynamic,,5,2
6189,71,male,asian,JP,JP,12,3,aerodynamic,,1,1
6190,43,male,asian,JP,JP,12,2,aerodynamic,,4,2
6191,54,male,asian,JP,JP,1,3,aerodynamic,,1,1
6192,75,male,asian,JP,JP,2,2,aerodynamic,,1,1
6193,46,female,asian,JP,JP,1,5,aerodynamic,,4,1
6194,47,male,asian,JP,JP,3,2,aerodynamic,,3,2
6195,69,male,asian,JP,JP,2,2,aerodynamic,,1,1
6196,57,female,asian,JP,JP,1,2,aerodynamic,,5,2
6197,79,male,other,JP,JP,1,2,aerodynamic,,2,1
6198,35,male,asian,JP,JP,6,5,aerodynamic,,2,1
6199,62,female,asian,JP,JP,1,3,aerodynamic,,2,1
6200,42,male,asian,JP,JP,1,5,aerodynamic,,2,1
6201,43,male,asian,JP,JP,1,2,aerodynamic,,5,2
6202,62,male,asian,JP,JP,4,2,aerodynamic,,1,1
6203,69,male,asian,JP,JP,3,2,aerodynamic,,2,2
6204,70,male,asian,JP,JP,1,5,aerodynamic,,3,1
6205,31,female,asian,JP,JP,3,5,aerodynamic,,5,2
6206,55,male,asian,JP,JP,8,5,aerodynamic,,1,1
6207,58,male,asian,JP,JP,1,5,aerodynamic,,1,1
6208,64,female,asian,JP,JP,1,5,aerodynamic,,4,1
6209,61,male,asian,JP,JP,1,5,aerodynamic,,4,2
6210,45,male,asian,JP,JP,9,5,aerodynamic,,1,1
6211,72,male,asian,JP,JP,3,5,aerodynamic,,2,1
6212,49,female,asian,JP,JP,2,5,aerodynamic,,5,2
6213,32,female,asian,JP,JP,4,5,aerodynamic,,1,1
6214,43,male,asian,JP,JP,3,3,aerodynamic,,2,1
6215,62,female,asian,JP,JP,1,4,aerodynamic,,2,2
6216,63,male,asian,JP,JP,12,5,aerodynamic,,2,2
6217,56,female,asian,JP,JP,1,2,aerodynamic,,3,2
6218,62,male,asian,JP,JP,8,2,aerodynamic,,3,1
6219,56,female,asian,JP,JP,1,2,aerodynamic,,5,2
6220,59,male,asian,JP,JP,5,5,aerodynamic,,1,1
6221,38,female,asian,JP,JP,1,3,aerodynamic,,4,2
6222,59,female,other,JP,JP,1,2,aerodynamic,,5,2
6223,59,male,asian,JP,JP,7,5,aerodynamic,,5,2
6224,46,female,asian,JP,JP,11,7,aerodynamic,,1,1
6225,60,female,asian,JP,JP,2,2,aerodynamic,,2,1
6226,50,female,asian,JP,JP,1,5,aerodynamic,,4,2
6227,,male,asian,JP,JP,12,5,aerodynamic,,1,1
6228,78,male,asian,JP,JP,1,2,aerodynamic,,2,1
6229,68,female,asian,JP,JP,1,5,aerodynamic,,5,2
6230,50,male,asian,JP,JP,5,2,aerodynamic,,1,1
6231,67,male,asian,JP,JP,1,5,aerodynamic,,2,1
6232,55,male,asian,JP,JP,11,6,aerodynamic,,2,1
6233,58,female,asian,JP,JP,12,2,aerodynamic,,2,1
6234,26,male,asian,JP,JP,12,5,aerodynamic,,4,2
6235,61,male,asian,JP,JP,12,5,aerodynamic,,2,1
6236,59,female,asian,JP,JP,2,2,aerodynamic,,1,2
6237,80,male,asian,JP,JP,5,5,aerodynamic,,1,1
6238,61,male,asian,JP,JP,3,2,aerodynamic,,4,2
6239,64,male,asian,JP,JP,4,2,aerodynamic,,2,1
6240,73,male,asian,JP,JP,3,2,aerodynamic,,1,1
6241,50,male,asian,JP,JP,2,2,aerodynamic,,1,1
6242,59,male,asian,JP,JP,6,2,aerodynamic,,2,1
6243,70,male,asian,JP,JP,2,5,aerodynamic,,3,1
6244,50,female,asian,JP,JP,1,2,aerodynamic,,5,2
6245,76,male,asian,JP,JP,11,5,aerodynamic,,2,1
6246,28,male,asian,JP,JP,5,5,aerodynamic,,2,1
6247,73,male,asian,JP,JP,5,5,aerodynamic,,3,1
6248,74,male,asian,JP,JP,3,5,aerodynamic,,2,1
6249,58,male,asian,JP,JP,3,5,aerodynamic,,1,2
6250,48,female,asian,JP,JP,2,5,aerodynamic,,3,2
6251,56,female,asian,JP,JP,3,2,aerodynamic,,4,1
6252,28,female,asian,JP,JP,2,5,aerodynamic,,4,1
6253,31,male,asian,JP,JP,12,2,aerodynamic,,5,2
6254,55,female,asian,JP,JP,1,3,aerodynamic,,3,2
6255,65,male,asian,JP,JP,12,5,aerodynamic,,2,1
6256,26,female,asian,JP,JP,9,5,aerodynamic,,1,1
6257,60,female,asian,JP,JP,1,4,aerodynamic,,5,2
6258,67,male,asian,JP,JP,2,4,aerodynamic,,2,1
6259,57,male,asian,JP,JP,9,6,aerodynamic,,2,1
6260,50,male,asian,JP,JP,12,5,aerodynamic,,3,1
6261,52,female,asian,JP,JP,1,5,aerodynamic,,4,2
6262,54,male,asian,JP,JP,9,5,aerodynamic,,2,1
6263,53,male,asian,JP,JP,12,5,aerodynamic,,2,1
6264,37,male,asian,JP,JP,5,5,aerodynamic,,1,1
6265,70,male,asian,JP,JP,8,5,aerodynamic,,1,1
6266,74,female,asian,JP,JP,1,2,aerodynamic,,3,2
6267,76,female,asian,JP,JP,1,2,aerodynamic,,3,1
6268,63,male,asian,JP,JP,3,5,aerodynamic,,2,1
6269,30,female,prefer not to answer,prefer not to answer,prefer not to answer,12,9,aerodynamic,,5,3
6270,37,male,asian,JP,JP,1,2,aerodynamic,,2,2
6271,64,male,asian,JP,JP,8,5,aerodynamic,,2,1
6272,56,male,asian,JP,JP,1,5,aerodynamic,,4,1
6273,68,male,asian,JP,JP,6,5,aerodynamic,,1,1
6274,43,female,asian,JP,JP,1,5,aerodynamic,,2,2
6275,62,male,asian,JP,JP,4,5,aerodynamic,,2,1
6276,64,male,asian,JP,JP,7,5,aerodynamic,,2,1
6277,46,male,asian,JP,JP,2,5,aerodynamic,,3,1
6278,50,female,asian,JP,JP,1,2,aerodynamic,,5,2
6279,65,male,asian,JP,JP,12,5,aerodynamic,,2,1
6280,39,female,asian,JP,JP,1,4,aerodynamic,,5,2
6281,69,female,asian,JP,JP,2,6,aerodynamic,,5,2
6282,57,female,asian,JP,JP,2,4,aerodynamic,,2,1
6283,66,female,asian,JP,JP,1,2,aerodynamic,,4,2
6284,53,male,asian,JP,JP,9,5,aerodynamic,,1,1
6285,47,male,asian,JP,JP,4,6,aerodynamic,,2,2
6286,77,male,asian,JP,JP,2,3,aerodynamic,,2,1
6287,60,male,white,JP,JP,6,5,aerodynamic,,1,1
6288,67,female,asian,JP,JP,4,5,aerodynamic,,4,1
6289,39,male,asian,JP,JP,3,2,aerodynamic,,1,1
6290,64,female,asian,JP,JP,1,5,aerodynamic,,4,1
6291,60,male,asian,JP,JP,1,3,aerodynamic,,4,1
6292,47,male,asian,JP,JP,8,5,aerodynamic,,2,1
6293,47,male,asian,JP,JP,2,3,aerodynamic,,1,1
6294,46,female,asian,JP,JP,4,5,aerodynamic,,2,1
6295,71,male,asian,JP,JP,11,5,aerodynamic,,4,2
6296,53,male,asian,JP,JP,6,2,aerodynamic,,3,1
6297,56,male,asian,JP,JP,1,7,aerodynamic,,2,1
6298,57,male,asian,JP,JP,6,4,aerodynamic,,1,1
6299,71,male,asian,JP,JP,3,5,aerodynamic,,2,1
6300,66,male,asian,JP,JP,12,5,aerodynamic,,3,1
6301,60,female,asian,JP,JP,3,4,aerodynamic,,5,2
6302,40,female,asian,JP,JP,12,5,aerodynamic,,2,1
6303,60,female,asian,JP,JP,9,7,aerodynamic,,4,2
6304,51,female,asian,JP,JP,12,2,aerodynamic,,2,1
6305,42,female,asian,JP,JP,2,2,aerodynamic,,3,1
6306,57,male,asian,JP,JP,1,6,aerodynamic,,4,2
6307,63,female,asian,JP,JP,4,3,aerodynamic,,2,2
6308,63,female,asian,JP,JP,12,4,aerodynamic,,5,1
6309,66,male,asian,JP,JP,5,5,aerodynamic,,2,1
6310,37,female,asian,JP,JP,1,2,aerodynamic,,1,1
6311,65,female,asian,JP,JP,2,5,aerodynamic,,2,1
6312,52,female,white,JP,JP,12,2,aerodynamic,,3,3
6313,55,female,asian,JP,JP,4,3,aerodynamic,,1,1
6314,,male,prefer not to answer,prefer not to answer,prefer not to answer,12,9,aerodynamic,,5,3
6315,39,male,asian,JP,JP,9,5,aerodynamic,,2,1
6316,77,male,asian,JP,JP,2,3,aerodynamic,,2,1
6317,53,male,asian,JP,JP,9,5,aerodynamic,,2,1
6318,68,male,asian,JP,JP,2,5,aerodynamic,,3,1
6319,63,female,asian,JP,JP,1,4,aerodynamic,,2,2
6320,52,female,asian,JP,JP,12,4,aerodynamic,,4,2
6321,52,male,asian,JP,JP,3,3,aerodynamic,,1,2
6322,26,male,asian,JP,JP,3,5,aerodynamic,,3,1
6323,53,female,asian,JP,JP,12,3,aerodynamic,,2,1
6324,63,male,asian,JP,JP,2,5,aerodynamic,,4,1
6325,50,female,asian,JP,JP,2,5,aerodynamic,,2,2
6326,62,male,asian,JP,JP,5,5,aerodynamic,,1,1
6327,63,female,asian,JP,JP,2,5,aerodynamic,,3,2
6328,55,male,asian,JP,JP,1,7,aerodynamic,,5,2
6329,62,male,asian,JP,JP,5,5,aerodynamic,,2,1
6330,76,male,asian,JP,JP,5,6,aerodynamic,,3,1
6331,75,male,asian,JP,JP,2,2,aerodynamic,,1,1
6332,73,male,asian,JP,JP,2,5,aerodynamic,,3,2
6333,62,male,asian,JP,JP,3,2,aerodynamic,,1,1
6334,33,female,asian,JP,JP,5,5,aerodynamic,,2,2
6335,47,male,asian,JP,JP,5,5,aerodynamic,,2,1
6336,59,male,asian,JP,JP,4,5,aerodynamic,,3,1
6337,,male,asian,JP,JP,1,5,aerodynamic,,5,2
6338,63,female,asian,JP,JP,1,4,aerodynamic,,1,1
6339,75,female,asian,JP,JP,1,2,aerodynamic,,4,2
6340,43,male,asian,JP,JP,7,5,aerodynamic,,1,1
6341,66,male,asian,JP,JP,4,5,aerodynamic,,2,1
6342,44,male,asian,JP,JP,4,3,aerodynamic,,4,2
6343,78,male,asian,JP,JP,1,5,aerodynamic,,4,1
6344,64,male,asian,JP,JP,2,5,aerodynamic,,1,1
6345,55,male,asian,JP,JP,12,3,aerodynamic,,3,1
6346,39,female,asian,JP,JP,1,2,aerodynamic,,5,2
6347,24,male,asian,JP,JP,4,5,aerodynamic,,1,1
6348,72,female,asian,JP,JP,1,5,aerodynamic,,5,2
6349,69,male,asian,JP,JP,2,5,aerodynamic,,3,1
6350,63,female,asian,JP,JP,1,4,aerodynamic,,1,1
6351,68,male,asian,JP,JP,4,5,aerodynamic,,1,1
6352,69,female,asian,JP,JP,1,4,aerodynamic,,4,1
6353,47,female,asian,JP,JP,12,9,aerodynamic,,4,1
6354,64,male,asian,JP,JP,2,5,aerodynamic,,1,2
6355,59,female,asian,JP,JP,1,2,aerodynamic,,4,2
6356,49,male,asian,JP,JP,1,5,aerodynamic,,3,2
6357,55,male,asian,JP,JP,5,3,aerodynamic,,1,1
6358,69,male,asian,JP,JP,7,5,aerodynamic,,1,1
6359,74,male,asian,JP,JP,4,2,aerodynamic,,3,2
6360,74,male,asian,JP,JP,12,2,aerodynamic,,2,1
6361,50,female,asian,JP,JP,7,4,aerodynamic,,4,1
6362,57,female,asian,JP,JP,1,4,aerodynamic,,4,2
6363,55,male,asian,JP,JP,3,5,aerodynamic,,2,1
6364,68,male,asian,JP,JP,2,2,aerodynamic,,2,1
6365,51,female,asian,JP,JP,1,6,aerodynamic,,5,2
6366,65,female,asian,JP,JP,1,4,aerodynamic,,4,2
6367,55,male,asian,JP,JP,4,5,aerodynamic,,5,2
6368,35,female,asian,JP,JP,1,2,aerodynamic,,5,2
6369,63,male,asian,JP,JP,8,5,aerodynamic,,1,1
6370,43,female,asian,JP,JP,4,3,aerodynamic,,5,2
6371,52,male,asian,JP,JP,12,2,aerodynamic,,5,2
6372,49,male,asian,JP,JP,8,6,aerodynamic,,2,2
6373,46,female,asian,JP,JP,3,5,aerodynamic,,4,1
6374,48,female,asian,JP,JP,3,5,aerodynamic,,4,2
6375,69,male,asian,JP,JP,4,3,aerodynamic,,2,2
6376,74,male,asian,JP,JP,4,5,aerodynamic,,2,1
6377,73,male,asian,JP,JP,5,6,aerodynamic,,2,1
6378,38,female,asian,JP,JP,3,2,aerodynamic,,2,2
6379,69,male,asian,JP,JP,8,5,aerodynamic,,2,1
6380,61,male,asian,JP,JP,1,5,aerodynamic,,5,2
6381,73,male,asian,JP,JP,5,5,aerodynamic,,5,2
6382,80,male,asian,JP,JP,1,5,aerodynamic,,2,1
6383,76,male,asian,JP,JP,1,5,aerodynamic,,2,1
6384,42,male,asian,JP,JP,4,5,aerodynamic,,5,2
6385,66,male,asian,JP,JP,5,5,aerodynamic,,3,1
6386,52,female,asian,JP,JP,9,2,aerodynamic,,1,1
6387,41,female,asian,JP,JP,1,3,aerodynamic,,5,2
6388,55,male,asian,JP,JP,4,5,aerodynamic,,4,2
6389,,prefer not to answer,asian,JP,JP,12,9,aerodynamic,,2,1
6390,58,male,asian,JP,JP,8,5,aerodynamic,,3,1
6391,63,female,asian,JP,JP,1,2,aerodynamic,,2,1
6392,58,male,asian,JP,JP,8,7,aerodynamic,,5,2
6393,59,male,asian,JP,JP,8,3,aerodynamic,,1,1
6394,70,male,asian,JP,JP,3,3,aerodynamic,,1,1
6395,60,male,asian,JP,JP,5,5,aerodynamic,,2,1
6396,62,male,asian,JP,JP,1,3,aerodynamic,,3,1
6397,74,male,asian,JP,JP,5,5,aerodynamic,,3,1
6398,48,male,asian,JP,JP,1,2,aerodynamic,,4,2
6399,61,male,asian,JP,JP,3,5,aerodynamic,,2,1
6400,78,female,asian,JP,JP,1,2,aerodynamic,,5,2
6401,55,male,asian,JP,JP,6,5,aerodynamic,,1,1
6402,59,female,asian,JP,JP,1,5,aerodynamic,,5,2
6403,39,male,asian,JP,JP,12,2,aerodynamic,,3,1
6404,46,male,asian,JP,JP,3,2,aerodynamic,,4,1
6405,66,male,asian,JP,JP,2,2,aerodynamic,,1,1
6406,34,female,asian,JP,JP,1,3,aerodynamic,,5,2
6407,44,male,asian,JP,JP,4,5,aerodynamic,,1,1
6408,52,male,asian,JP,JP,3,2,aerodynamic,,2,1
6409,54,male,asian,JP,JP,10,5,aerodynamic,,4,1
6410,45,female,asian,JP,JP,5,5,aerodynamic,,2,1
6411,73,male,asian,JP,JP,7,5,aerodynamic,,1,1
6412,65,male,asian,JP,JP,2,2,aerodynamic,,5,2
6413,60,female,asian,JP,JP,4,3,aerodynamic,,3,1
6414,66,female,asian,JP,JP,1,5,aerodynamic,,4,2
6415,31,female,asian,JP,JP,3,5,aerodynamic,,1,1
6416,84,male,asian,JP,JP,2,2,aerodynamic,,2,1
6417,50,female,asian,JP,JP,4,2,aerodynamic,,2,1
6418,45,male,asian,JP,JP,2,5,aerodynamic,,1,1
6419,43,female,asian,JP,JP,1,3,aerodynamic,,3,1
6420,45,male,asian,JP,JP,6,5,aerodynamic,,2,1
6421,54,male,asian,JP,JP,3,5,aerodynamic,,4,2
6422,54,female,white,JP,JP,1,2,aerodynamic,,4,1
6423,67,male,asian,JP,JP,2,5,aerodynamic,,2,1
6424,70,male,asian,JP,JP,2,5,aerodynamic,,4,2
6425,77,female,asian,JP,JP,1,2,aerodynamic,,3,2
6426,78,male,asian,JP,JP,3,5,aerodynamic,,2,1
6427,36,male,asian,JP,JP,8,5,aerodynamic,,3,2
6428,48,female,asian,JP,JP,1,1,aerodynamic,,5,1
6429,,male,prefer not to answer,JP,prefer not to answer,2,9,aerodynamic,,5,3
6430,46,female,asian,JP,JP,2,4,aerodynamic,,4,1
6431,58,female,asian,JP,JP,1,2,aerodynamic,,4,2
6432,73,male,asian,JP,JP,4,5,aerodynamic,,3,1
6433,71,male,asian,JP,JP,1,3,aerodynamic,,5,2
6434,50,male,asian,JP,JP,8,5,aerodynamic,,1,1
6435,40,male,asian,JP,JP,8,5,aerodynamic,,3,1
6436,56,male,asian,JP,JP,8,5,aerodynamic,,1,1
6437,44,male,asian,JP,JP,4,3,aerodynamic,,3,2
6438,52,male,asian,JP,JP,2,3,aerodynamic,,2,1
6439,33,female,asian,JP,JP,1,3,aerodynamic,,1,1
6440,59,male,asian,JP,JP,1,5,aerodynamic,,3,1
6441,49,male,asian,JP,JP,5,3,aerodynamic,,2,1
6442,38,female,asian,JP,JP,3,3,aerodynamic,,3,2
6443,53,male,asian,JP,JP,8,5,aerodynamic,,2,1
6444,66,female,asian,JP,JP,12,2,aerodynamic,,3,2
6445,34,female,asian,JP,JP,3,5,aerodynamic,,1,1
6446,77,male,asian,JP,JP,2,5,aerodynamic,,2,1
6447,57,male,asian,JP,JP,1,2,aerodynamic,,1,1
6448,72,female,asian,JP,JP,3,5,aerodynamic,,2,1
6449,33,male,asian,JP,JP,4,5,aerodynamic,,1,1
6450,23,female,asian,JP,JP,6,5,aerodynamic,,1,2
6451,53,male,asian,JP,JP,7,6,aerodynamic,,2,1
6452,75,male,asian,JP,JP,4,5,aerodynamic,,2,1
6453,56,male,asian,JP,JP,11,6,aerodynamic,,1,1
6454,66,male,asian,JP,JP,2,2,aerodynamic,,4,1
6455,74,male,asian,JP,JP,3,5,aerodynamic,,4,1
6456,56,male,asian,JP,JP,7,6,aerodynamic,,5,2
6457,64,male,asian,JP,JP,2,3,aerodynamic,,2,1
6458,49,female,asian,JP,JP,1,4,aerodynamic,,3,1
6459,47,female,asian,JP,JP,1,5,aerodynamic,,2,1
6460,51,female,asian,JP,JP,1,5,aerodynamic,,5,1
6461,60,female,asian,JP,JP,2,6,aerodynamic,,5,2
6462,32,male,asian,JP,JP,4,6,aerodynamic,,5,2
6463,53,male,asian,JP,JP,3,3,aerodynamic,,1,1
6464,69,female,asian,JP,JP,2,5,aerodynamic,,5,2
6465,55,female,asian,JP,JP,1,2,aerodynamic,,5,1
6466,60,male,asian,JP,JP,1,5,aerodynamic,,2,1
6467,56,female,asian,JP,JP,1,5,aerodynamic,,2,1
6468,51,male,asian,JP,JP,3,4,aerodynamic,,2,1
6469,41,female,asian,JP,JP,1,5,aerodynamic,,2,1
6470,63,male,asian,JP,JP,2,5,aerodynamic,,1,1
6471,72,male,asian,JP,JP,3,7,aerodynamic,,3,1
6472,69,male,asian,JP,JP,3,2,aerodynamic,,3,1
6473,69,female,asian,JP,JP,2,5,aerodynamic,,5,2
6474,60,female,asian,JP,JP,5,5,aerodynamic,,2,1
6475,42,female,asian,JP,JP,3,3,aerodynamic,,2,1
6476,61,male,asian,JP,JP,6,5,aerodynamic,,2,1
6477,37,female,asian,JP,JP,2,5,aerodynamic,,2,1
6478,75,male,asian,JP,JP,2,5,aerodynamic,,3,1
6479,22,male,asian,JP,JP,5,5,aerodynamic,,2,1
6480,76,male,asian,JP,JP,3,5,aerodynamic,,2,1
6481,75,male,asian,JP,JP,3,5,aerodynamic,,2,1
6482,76,male,asian,JP,JP,4,2,aerodynamic,,5,1
6483,44,male,asian,JP,JP,4,3,aerodynamic,,1,1
6484,37,female,asian,JP,JP,2,3,aerodynamic,,5,1
6485,49,female,asian,JP,JP,6,2,aerodynamic,,4,2
6486,36,female,asian,JP,JP,1,3,aerodynamic,,1,1
6487,63,female,asian,JP,JP,3,2,aerodynamic,,2,1
6488,76,male,asian,JP,JP,2,2,aerodynamic,,2,1
6489,68,male,asian,JP,JP,3,3,aerodynamic,,2,1
6490,70,female,asian,JP,JP,1,2,aerodynamic,,3,1
6491,51,male,asian,JP,JP,8,5,aerodynamic,,2,1
6492,42,female,asian,JP,JP,5,5,aerodynamic,,2,2
6493,66,male,asian,JP,JP,2,5,aerodynamic,,2,1
6494,29,male,asian,JP,JP,5,2,aerodynamic,,1,1
6495,37,male,other,JP,JP,2,3,aerodynamic,,1,1
6496,46,male,asian,JP,JP,10,4,aerodynamic,,5,2
6497,64,male,asian,JP,JP,2,5,aerodynamic,,2,1
6498,54,male,asian,JP,JP,2,6,aerodynamic,,5,2
6499,73,male,asian,JP,JP,2,2,aerodynamic,,2,1
6500,50,female,asian,JP,JP,1,2,aerodynamic,,5,2
6501,64,male,asian,JP,JP,3,5,aerodynamic,,5,2
6502,71,female,asian,JP,JP,12,5,aerodynamic,,4,2
6503,68,male,asian,JP,JP,12,2,aerodynamic,,2,1
6504,37,male,asian,JP,JP,1,2,aerodynamic,,1,1
6505,46,female,asian,JP,JP,1,2,aerodynamic,,5,2
6506,63,male,asian,JP,JP,4,6,aerodynamic,,1,1
6507,47,female,asian,JP,JP,5,4,aerodynamic,,5,1
6508,47,male,asian,JP,JP,12,1,aerodynamic,,3,2
6509,61,male,asian,JP,JP,12,3,aerodynamic,,1,1
6510,71,male,asian,JP,JP,3,4,aerodynamic,,4,2
6511,55,male,asian,JP,JP,1,2,aerodynamic,,3,1
6512,81,male,white,JP,JP,2,1,aerodynamic,,2,1
6513,68,male,asian,JP,JP,7,5,aerodynamic,,2,1
6514,70,female,asian,JP,JP,1,2,aerodynamic,,3,1
6515,45,female,asian,JP,JP,2,2,aerodynamic,,3,2
6516,58,male,asian,JP,JP,8,5,aerodynamic,,2,1
6517,57,male,asian,JP,JP,1,1,aerodynamic,,3,1
6518,39,female,asian,JP,JP,3,5,aerodynamic,,2,2
6519,69,male,asian,JP,JP,4,2,aerodynamic,,2,1
6520,75,male,asian,JP,JP,6,5,aerodynamic,,1,1
6521,73,male,asian,JP,JP,2,8,aerodynamic,,3,1
6522,53,female,asian,JP,JP,1,5,aerodynamic,,3,2
6523,35,male,asian,JP,JP,5,5,aerodynamic,,2,2
6524,48,female,asian,JP,JP,3,5,aerodynamic,,4,1
6525,50,male,asian,JP,JP,4,5,aerodynamic,,2,1
6526,54,female,asian,JP,JP,4,5,aerodynamic,,1,1
6527,74,female,asian,JP,JP,4,2,aerodynamic,,5,2
6528,72,male,asian,JP,JP,3,5,aerodynamic,,4,1
6529,71,male,asian,JP,JP,3,2,aerodynamic,,2,1
6530,46,female,asian,JP,JP,1,4,aerodynamic,,2,1
6531,54,male,asian,JP,JP,10,5,aerodynamic,,1,1
6532,82,male,asian,JP,JP,1,2,aerodynamic,,2,1
6533,32,male,asian,JP,JP,2,2,aerodynamic,,2,2
6534,51,male,white,JP,JP,1,2,aerodynamic,,3,2
6535,42,male,asian,JP,JP,5,5,aerodynamic,,3,1
6536,75,male,asian,JP,JP,2,5,aerodynamic,,3,1
6537,56,male,asian,JP,JP,9,5,aerodynamic,,1,1
6538,70,male,asian,JP,JP,5,5,aerodynamic,,2,1
6539,80,female,asian,JP,JP,1,2,aerodynamic,,3,2
6540,59,male,asian,JP,JP,4,2,aerodynamic,,1,2
6541,63,male,asian,JP,JP,1,5,aerodynamic,,4,2
6542,27,female,asian,JP,JP,12,1,aerodynamic,,5,2
6543,56,female,asian,JP,JP,4,4,aerodynamic,,2,1
6544,41,male,white,JP,JP,1,3,aerodynamic,,5,2
6545,72,male,asian,JP,JP,12,5,aerodynamic,,3,1
6546,68,female,asian,JP,JP,1,2,aerodynamic,,2,1
6547,57,female,asian,JP,JP,2,4,aerodynamic,,2,1
6548,56,male,asian,JP,JP,3,2,aerodynamic,,2,1
6549,72,male,asian,JP,JP,2,2,aerodynamic,,5,2
6550,59,female,asian,JP,JP,10,4,aerodynamic,,1,1
6551,71,male,asian,JP,JP,5,5,aerodynamic,,2,1
6552,53,female,asian,JP,JP,1,4,aerodynamic,,2,2
6553,73,male,asian,JP,JP,3,4,aerodynamic,,2,1
6554,65,female,asian,JP,JP,2,2,aerodynamic,,5,1
6555,54,female,asian,JP,JP,2,4,aerodynamic,,2,1
6556,46,male,asian,JP,JP,4,5,aerodynamic,,2,1
6557,55,female,asian,JP,JP,1,4,aerodynamic,,2,1
6558,60,male,asian,JP,JP,12,4,aerodynamic,,2,2
6559,51,male,asian,JP,JP,9,3,aerodynamic,,1,1
6560,53,female,asian,JP,JP,12,3,aerodynamic,,3,1
6561,76,male,asian,JP,JP,1,4,aerodynamic,,2,1
6562,33,male,asian,JP,JP,7,6,aerodynamic,,3,2
6563,66,male,asian,JP,JP,3,5,aerodynamic,,2,1
6564,50,female,asian,JP,JP,3,5,aerodynamic,,4,1
6565,71,female,asian,JP,JP,1,4,aerodynamic,,3,1
6566,38,female,asian,JP,JP,6,5,aerodynamic,,4,2
6567,67,male,asian,JP,JP,2,5,aerodynamic,,3,1
6568,64,female,asian,JP,JP,1,5,aerodynamic,,3,1
6569,76,female,asian,JP,JP,1,3,aerodynamic,,5,2
6570,65,male,asian,JP,JP,4,5,aerodynamic,,1,1
6571,40,male,asian,JP,JP,1,5,aerodynamic,,5,2
6572,34,female,asian,JP,JP,4,5,aerodynamic,,2,1
6573,66,male,asian,JP,JP,1,5,aerodynamic,,1,2
6574,55,female,asian,JP,JP,1,4,aerodynamic,,5,2
6575,47,female,asian,JP,JP,6,5,aerodynamic,,2,1
6576,62,male,asian,JP,JP,12,5,aerodynamic,,2,2
6577,71,male,asian,JP,JP,3,5,aerodynamic,,5,2
6578,31,female,asian,JP,JP,4,4,aerodynamic,,5,2
6579,68,male,asian,JP,JP,1,5,aerodynamic,,3,1
6580,39,female,asian,JP,JP,1,5,aerodynamic,,5,2
6581,28,female,asian,JP,JP,3,2,aerodynamic,,3,1
6582,85,male,asian,JP,JP,4,5,aerodynamic,,4,2
6583,66,female,asian,JP,JP,1,4,aerodynamic,,5,2
6584,64,male,asian,JP,JP,6,5,aerodynamic,,3,1
6585,67,male,asian,JP,JP,12,5,aerodynamic,,1,1
6586,67,male,asian,JP,JP,1,5,aerodynamic,,2,1
6587,64,male,asian,JP,JP,3,5,aerodynamic,,2,1
6588,69,male,asian,JP,JP,3,2,aerodynamic,,3,1
6589,53,male,asian,JP,JP,4,1,aerodynamic,,1,1
6590,67,male,asian,JP,JP,1,3,aerodynamic,,3,1
6591,42,female,asian,JP,JP,1,5,aerodynamic,,5,2
6592,63,male,asian,JP,JP,5,5,aerodynamic,,1,1
6593,66,male,asian,JP,JP,1,5,aerodynamic,,3,1
6594,44,male,asian,JP,JP,5,5,aerodynamic,,2,1
6595,54,female,asian,JP,JP,1,3,aerodynamic,,4,1
6596,69,male,asian,JP,JP,9,5,aerodynamic,,2,1
6597,50,female,asian,JP,JP,1,5,aerodynamic,,2,2
6598,81,male,asian,JP,JP,2,5,aerodynamic,,4,2
6599,55,male,asian,JP,JP,9,2,aerodynamic,,1,1
6600,45,male,asian,JP,JP,8,5,aerodynamic,,2,1
6601,51,male,asian,JP,JP,1,2,aerodynamic,,2,1
6602,62,male,asian,JP,JP,3,5,aerodynamic,,3,1
6603,33,male,asian,JP,JP,6,5,aerodynamic,,5,2
6604,59,female,white,JP,JP,1,2,aerodynamic,,5,1
6605,36,male,asian,JP,JP,3,2,aerodynamic,,1,1
6606,62,female,asian,JP,JP,1,5,aerodynamic,,2,1
6607,70,male,asian,JP,JP,6,5,aerodynamic,,2,2
6608,77,male,asian,JP,JP,1,5,aerodynamic,,5,2
6609,54,female,asian,JP,JP,1,2,aerodynamic,,4,2
6610,60,female,asian,JP,JP,1,2,aerodynamic,,5,2
6611,71,female,asian,JP,JP,1,5,aerodynamic,,2,1
6612,57,female,asian,JP,JP,12,4,aerodynamic,,5,2
6613,63,male,asian,JP,JP,1,2,aerodynamic,,2,2
6614,64,female,asian,JP,JP,2,3,aerodynamic,,2,1
6615,61,male,asian,JP,JP,8,5,aerodynamic,,2,1
6616,33,female,asian,JP,JP,8,5,aerodynamic,,5,2
6617,61,male,asian,JP,JP,2,5,aerodynamic,,3,1
6618,38,male,asian,JP,JP,1,5,aerodynamic,,5,2
6619,88,female,asian,JP,JP,3,4,aerodynamic,,2,1
6620,56,female,asian,JP,JP,5,4,aerodynamic,,2,1
6621,63,male,asian,JP,JP,4,5,aerodynamic,,2,1
6622,54,male,asian,JP,JP,3,4,aerodynamic,,2,1
6623,43,female,asian,JP,JP,2,2,aerodynamic,,5,2
6624,71,male,asian,JP,JP,4,5,aerodynamic,,2,1
6625,77,male,other,JP,JP,2,2,aerodynamic,,1,1
6626,73,male,asian,JP,JP,12,3,aerodynamic,,5,2
6627,54,male,asian,JP,JP,2,5,aerodynamic,,5,2
6628,57,male,asian,JP,JP,3,5,aerodynamic,,2,1
6629,56,female,asian,JP,JP,12,2,aerodynamic,,4,2
6630,52,female,asian,JP,JP,1,4,aerodynamic,,2,2
6631,84,male,asian,JP,JP,2,2,aerodynamic,,3,1
6632,53,male,asian,JP,JP,5,2,aerodynamic,,1,1
6633,51,male,asian,JP,JP,1,3,aerodynamic,,2,2
6634,76,male,other,JP,JP,1,2,aerodynamic,,1,1
6635,60,male,asian,JP,JP,3,5,aerodynamic,,2,1
6636,,female,asian,JP,JP,1,4,aerodynamic,,3,1
6637,45,female,asian,JP,JP,2,2,aerodynamic,,5,1
6638,51,female,asian,JP,JP,4,5,aerodynamic,,4,2
6639,57,male,asian,JP,JP,8,5,aerodynamic,,4,1
6640,28,female,asian,JP,JP,3,5,aerodynamic,,2,3
6641,56,female,asian,JP,JP,2,5,aerodynamic,,4,2
6642,72,male,asian,JP,JP,3,2,aerodynamic,,5,2
6643,49,female,asian,JP,JP,12,5,aerodynamic,,2,1
6644,47,male,asian,JP,JP,12,5,aerodynamic,,2,1
6645,30,female,asian,JP,JP,1,5,aerodynamic,,2,1
6646,73,female,asian,JP,JP,1,5,aerodynamic,,2,1
6647,66,female,asian,JP,JP,1,2,aerodynamic,,2,1
6648,76,male,asian,JP,JP,2,2,aerodynamic,,1,1
6649,42,female,asian,JP,JP,1,4,aerodynamic,,4,2
6650,39,male,asian,JP,JP,5,5,aerodynamic,,2,1
6651,74,male,asian,JP,JP,2,5,aerodynamic,,1,1
6652,57,male,asian,JP,JP,3,2,aerodynamic,,3,1
6653,52,female,asian,JP,JP,1,3,aerodynamic,,2,1
6654,77,male,asian,JP,JP,3,5,aerodynamic,,5,1
6655,62,male,asian,JP,JP,3,3,aerodynamic,,3,1
6656,65,female,asian,JP,JP,1,4,aerodynamic,,2,1
6657,73,male,asian,JP,JP,7,5,aerodynamic,,2,1
6658,50,male,asian,JP,JP,1,3,aerodynamic,,1,1
6659,68,female,asian,JP,JP,1,5,aerodynamic,,2,1
6660,43,male,asian,JP,JP,1,2,aerodynamic,,5,2
6661,75,male,asian,JP,JP,4,3,aerodynamic,,5,2
6662,65,male,asian,JP,JP,12,5,aerodynamic,,3,1
6663,34,male,asian,JP,JP,3,5,aerodynamic,,2,1
6664,56,male,asian,JP,JP,12,5,aerodynamic,,4,1
6665,74,male,asian,JP,JP,3,2,aerodynamic,,2,1
6666,57,male,asian,JP,JP,5,5,aerodynamic,,3,1
6667,45,male,asian,JP,JP,1,5,aerodynamic,,4,1
6668,67,male,asian,JP,JP,3,5,aerodynamic,,2,2
6669,66,male,asian,JP,JP,2,5,aerodynamic,,2,1
6670,77,male,asian,JP,JP,12,5,aerodynamic,,2,1
6671,70,male,other,JP,JP,5,5,aerodynamic,,2,2
6672,76,male,asian,JP,JP,3,5,aerodynamic,,2,1
6673,53,male,asian,JP,JP,4,3,aerodynamic,,4,2
6674,75,male,asian,JP,JP,2,5,aerodynamic,,4,1
6675,62,male,asian,JP,JP,1,2,aerodynamic,,1,1
6676,83,male,asian,JP,JP,3,2,aerodynamic,,2,1
6677,56,female,asian,JP,JP,12,2,aerodynamic,,5,2
6678,65,male,asian,JP,JP,1,2,aerodynamic,,2,1
6679,37,male,asian,JP,JP,2,3,aerodynamic,,1,2
6680,76,female,asian,JP,JP,1,3,aerodynamic,,4,2
6681,67,male,asian,JP,JP,8,5,aerodynamic,,1,1
6682,46,male,asian,JP,JP,2,2,aerodynamic,,1,1
6683,65,female,asian,JP,JP,1,3,aerodynamic,,4,2
6684,56,female,asian,JP,JP,1,5,aerodynamic,,5,2
6685,55,male,asian,JP,JP,7,2,aerodynamic,,5,2
6686,47,male,asian,JP,JP,8,2,aerodynamic,,3,1
6687,46,male,asian,JP,JP,6,4,aerodynamic,,2,1
6688,24,male,white,JP,JP,1,6,aerodynamic,,1,2
6689,60,male,asian,JP,JP,9,5,aerodynamic,,5,2
6690,81,male,asian,JP,JP,12,2,aerodynamic,,2,1
6691,64,female,asian,JP,JP,1,2,aerodynamic,,4,2
6692,74,male,asian,JP,JP,4,2,aerodynamic,,3,1
6693,68,male,asian,JP,JP,3,5,aerodynamic,,2,1
6694,71,male,asian,JP,JP,3,5,aerodynamic,,3,2
6695,58,male,asian,JP,JP,7,2,aerodynamic,,1,1
6696,50,male,white,JP,JP,3,2,aerodynamic,,4,2
6697,56,male,asian,JP,JP,9,5,aerodynamic,,1,1
6698,65,female,asian,JP,JP,1,2,aerodynamic,,4,1
6699,62,female,asian,JP,JP,12,3,aerodynamic,,4,2
6700,76,male,asian,JP,JP,1,2,aerodynamic,,1,1
6701,60,male,asian,JP,JP,12,2,aerodynamic,,1,1
6702,51,female,prefer not to answer,JP,JP,2,2,aerodynamic,,5,2
6703,80,male,asian,JP,JP,4,2,aerodynamic,,3,1
6704,79,male,asian,JP,JP,5,5,aerodynamic,,2,1
6705,71,male,asian,JP,JP,12,2,aerodynamic,,2,1
6706,54,female,asian,JP,JP,1,4,aerodynamic,,3,2
6707,40,female,asian,JP,JP,12,5,aerodynamic,,3,2
6708,76,female,asian,JP,JP,1,2,aerodynamic,,3,1
6709,58,male,asian,JP,JP,4,5,aerodynamic,,2,1
6710,65,male,asian,JP,JP,3,5,aerodynamic,,4,2
6711,40,male,asian,JP,JP,2,5,aerodynamic,,4,1
6712,51,female,asian,JP,JP,3,3,aerodynamic,,4,1
6713,44,male,asian,JP,JP,1,6,aerodynamic,,5,2
6714,62,male,asian,JP,JP,5,5,aerodynamic,,1,1
6715,52,male,asian,JP,JP,3,4,aerodynamic,,2,2
6716,72,male,asian,JP,JP,3,5,aerodynamic,,2,1
6717,52,male,asian,JP,JP,6,5,aerodynamic,,2,1
6718,55,male,asian,JP,JP,8,6,aerodynamic,,2,1
6719,32,male,asian,JP,JP,12,9,aerodynamic,,3,2
6720,40,female,asian,JP,JP,2,3,aerodynamic,,1,2
6721,68,male,asian,JP,JP,4,5,aerodynamic,,1,1
6722,77,female,asian,JP,JP,12,5,aerodynamic,,5,2
6723,58,male,asian,JP,JP,1,2,aerodynamic,,4,1
6724,53,male,asian,JP,JP,8,6,aerodynamic,,2,1
6725,48,male,asian,JP,JP,1,2,aerodynamic,,2,1
6726,39,male,asian,JP,JP,9,5,aerodynamic,,5,2
6727,68,male,asian,JP,JP,4,3,aerodynamic,,2,1
6728,56,male,asian,JP,JP,10,5,aerodynamic,,5,2
6729,54,male,asian,JP,JP,8,2,aerodynamic,,5,2
6730,45,male,asian,JP,JP,3,5,aerodynamic,,4,1
6731,56,male,asian,JP,JP,7,2,aerodynamic,,5,1
6732,67,male,asian,JP,JP,1,5,aerodynamic,,3,2
6733,67,male,asian,JP,JP,1,3,aerodynamic,,4,1
6734,75,male,asian,JP,JP,2,5,aerodynamic,,5,2
6735,68,male,asian,JP,JP,3,5,aerodynamic,,2,1
6736,53,female,asian,JP,JP,2,5,aerodynamic,,5,2
6737,40,male,asian,JP,JP,5,3,aerodynamic,,1,1
6738,49,male,asian,JP,JP,8,3,aerodynamic,,3,1
6739,44,male,asian,JP,JP,6,5,aerodynamic,,1,1
6740,55,female,asian,JP,JP,1,2,aerodynamic,,2,1
6741,52,female,asian,JP,JP,1,5,aerodynamic,,2,1
6742,65,male,asian,JP,JP,5,5,aerodynamic,,5,2
6743,53,male,asian,JP,JP,5,2,aerodynamic,,4,1
6744,70,male,asian,JP,JP,1,2,aerodynamic,,2,1
6745,75,male,asian,JP,JP,4,2,aerodynamic,,2,2
6746,31,female,asian,JP,JP,2,3,aerodynamic,,2,1
6747,66,male,asian,JP,JP,12,5,aerodynamic,,1,1
6748,66,male,asian,JP,JP,7,5,aerodynamic,,1,1
6749,83,male,asian,JP,JP,3,5,aerodynamic,,2,1
6750,75,female,asian,JP,JP,1,2,aerodynamic,,3,1
6751,58,female,white,JP,JP,1,5,aerodynamic,,4,2
6752,43,male,asian,JP,JP,6,5,aerodynamic,,2,1
6753,83,male,asian,JP,JP,12,5,aerodynamic,,2,1
6754,42,female,asian,JP,JP,6,4,aerodynamic,,2,1
6755,55,female,asian,JP,JP,12,2,aerodynamic,,1,1
6756,54,male,asian,JP,JP,12,5,aerodynamic,,2,1
6757,69,male,asian,JP,JP,3,2,aerodynamic,,3,1
6758,66,female,asian,JP,JP,1,4,aerodynamic,,4,2
6759,65,male,asian,JP,JP,8,5,aerodynamic,,3,1
6760,58,female,asian,JP,JP,1,3,aerodynamic,,5,2
6761,72,male,asian,JP,JP,12,5,aerodynamic,,2,1
6762,37,female,asian,JP,JP,2,5,aerodynamic,,4,1
6763,59,male,asian,JP,JP,4,5,aerodynamic,,3,1
6764,52,male,white,JP,JP,4,2,aerodynamic,,5,3
6765,67,female,asian,JP,JP,3,5,aerodynamic,,3,1
6766,65,male,asian,JP,JP,3,5,aerodynamic,,3,1
6767,59,male,asian,JP,JP,3,2,aerodynamic,,5,2
6768,63,male,asian,JP,JP,1,5,aerodynamic,,3,2
6769,47,female,asian,JP,JP,1,5,aerodynamic,,2,1
6770,75,female,asian,JP,JP,3,2,aerodynamic,,4,1
6771,59,male,asian,JP,JP,8,2,aerodynamic,,2,1
6772,63,male,asian,JP,JP,4,5,aerodynamic,,2,1
6773,77,male,asian,JP,JP,1,2,aerodynamic,,2,1
6774,54,female,asian,JP,JP,4,4,aerodynamic,,5,1
6775,52,male,asian,JP,JP,12,6,aerodynamic,,3,1
6776,54,female,asian,JP,JP,2,2,aerodynamic,,2,2
6777,57,female,asian,JP,JP,1,2,aerodynamic,,4,2
6778,69,male,asian,JP,JP,2,5,aerodynamic,,2,1
6779,38,female,asian,JP,JP,2,6,aerodynamic,,5,2
6780,69,male,prefer not to answer,JP,JP,3,3,aerodynamic,,5,3
6781,58,female,white,JP,JP,8,4,aerodynamic,,1,1
6782,59,female,asian,JP,JP,2,2,aerodynamic,,3,1
6783,57,male,asian,JP,JP,9,3,aerodynamic,,2,1
6784,62,male,asian,JP,JP,12,5,aerodynamic,,3,1
6785,54,male,asian,JP,JP,8,5,aerodynamic,,4,1
6786,44,male,asian,JP,JP,12,3,aerodynamic,,5,3
6787,51,male,asian,JP,JP,9,5,aerodynamic,,1,1
6788,54,male,asian,JP,JP,8,7,aerodynamic,,2,1
6789,72,male,asian,JP,JP,3,2,aerodynamic,,2,1
6790,76,male,asian,JP,JP,3,2,aerodynamic,,2,2
6791,87,male,asian,JP,JP,9,5,aerodynamic,,1,1
6792,64,male,asian,JP,JP,2,5,aerodynamic,,3,1
6793,53,male,asian,JP,JP,7,5,aerodynamic,,1,1
6794,57,female,white,JP,JP,1,2,aerodynamic,,3,2
6795,74,male,asian,JP,JP,12,2,aerodynamic,,1,1
6796,57,male,asian,JP,JP,3,2,aerodynamic,,2,1
6797,64,female,asian,JP,JP,12,6,aerodynamic,,5,2
6798,48,female,asian,JP,JP,1,4,aerodynamic,,5,2
6799,42,male,asian,JP,JP,6,6,aerodynamic,,1,1
6800,62,female,asian,JP,JP,1,2,aerodynamic,,5,3
6801,75,male,asian,JP,JP,4,5,aerodynamic,,1,1
6802,56,male,asian,JP,JP,7,1,aerodynamic,,2,1
6803,46,male,asian,JP,JP,3,3,aerodynamic,,3,2
6804,61,male,asian,JP,JP,2,5,aerodynamic,,2,1
6805,85,male,asian,JP,JP,2,2,aerodynamic,,5,2
6806,43,female,asian,JP,JP,1,2,aerodynamic,,2,1
6807,50,female,asian,JP,JP,1,4,aerodynamic,,2,1
6808,83,male,asian,JP,JP,3,5,aerodynamic,,2,1
6809,59,male,asian,JP,JP,1,1,aerodynamic,,3,1
6810,54,male,asian,JP,JP,1,2,aerodynamic,,3,2
6811,60,female,asian,JP,JP,1,4,aerodynamic,,4,1
6812,78,male,asian,JP,JP,4,5,aerodynamic,,1,1
6813,62,male,asian,JP,JP,11,7,aerodynamic,,2,1
6814,32,female,asian,JP,JP,1,1,aerodynamic,,1,2
6815,58,male,white,JP,JP,1,2,aerodynamic,,4,1
6816,47,female,white,JP,JP,1,4,aerodynamic,,3,1
6817,40,female,asian,JP,JP,12,5,aerodynamic,,5,2
6818,51,male,asian,JP,JP,2,2,aerodynamic,,2,1
6819,61,male,asian,JP,JP,8,5,aerodynamic,,3,1
6820,51,male,asian,JP,JP,12,1,aerodynamic,,5,2
6821,36,male,asian,JP,JP,1,1,aerodynamic,,5,2
6822,54,male,asian,JP,JP,1,5,aerodynamic,,5,2
6823,41,male,asian,JP,JP,4,2,aerodynamic,,4,2
6824,67,male,asian,JP,JP,2,5,aerodynamic,,1,1
6825,51,female,asian,JP,JP,12,5,aerodynamic,,4,2
6826,45,male,asian,JP,JP,3,5,aerodynamic,,2,1
6827,72,male,asian,JP,JP,1,3,aerodynamic,,5,2
6828,41,female,asian,JP,JP,1,5,aerodynamic,,5,2
6829,51,male,asian,JP,JP,1,3,aerodynamic,,3,1
6830,65,male,asian,JP,JP,5,2,aerodynamic,,1,1
6831,53,male,asian,JP,JP,3,2,aerodynamic,,3,1
6832,42,male,asian,JP,JP,2,2,aerodynamic,,1,1
6833,74,male,asian,JP,JP,1,5,aerodynamic,,2,1
6834,76,male,asian,JP,JP,8,5,aerodynamic,,2,1
6835,82,male,asian,JP,JP,5,4,aerodynamic,,2,1
6836,47,male,asian,JP,JP,3,5,aerodynamic,,1,1
6837,31,female,asian,JP,JP,4,5,aerodynamic,,1,1
6838,46,male,asian,JP,JP,4,6,aerodynamic,,4,1
6839,56,female,asian,JP,JP,12,2,aerodynamic,,3,1
6840,75,male,asian,JP,JP,12,5,aerodynamic,,2,1
6841,38,male,asian,JP,JP,5,5,aerodynamic,,2,2
6842,53,male,asian,JP,JP,8,6,aerodynamic,,1,1
6843,71,male,asian,JP,JP,12,5,aerodynamic,,1,1
6844,61,male,asian,JP,JP,1,2,aerodynamic,,3,1
6845,51,male,asian,JP,JP,6,5,aerodynamic,,2,1
6846,66,male,asian,JP,JP,12,5,aerodynamic,,4,1
6847,36,female,asian,JP,JP,2,3,aerodynamic,,1,2
6848,47,female,asian,JP,JP,1,2,aerodynamic,,5,2
6849,55,female,asian,JP,JP,2,3,aerodynamic,,1,1
6850,57,female,asian,JP,JP,1,2,aerodynamic,,4,2
6851,40,female,asian,JP,JP,1,2,aerodynamic,,5,2
6852,63,male,asian,JP,JP,5,5,aerodynamic,,2,1
6853,62,female,asian,JP,JP,1,5,aerodynamic,,5,2
6854,29,female,asian,JP,JP,1,5,aerodynamic,,5,2
6855,64,male,asian,JP,JP,1,5,aerodynamic,,1,1
6856,68,male,asian,JP,JP,3,5,aerodynamic,,5,2
6857,61,male,asian,JP,JP,7,3,aerodynamic,,1,1
6858,69,female,asian,JP,JP,1,2,aerodynamic,,4,2
6859,59,male,asian,JP,JP,1,5,aerodynamic,,3,1
6860,62,female,asian,JP,JP,1,3,aerodynamic,,1,1
6861,56,male,asian,JP,JP,1,2,aerodynamic,,5,2
6862,56,male,asian,JP,JP,11,5,aerodynamic,,1,1
6863,60,male,asian,JP,JP,8,5,aerodynamic,,1,1
6864,71,male,asian,JP,JP,3,5,aerodynamic,,2,1
6865,55,female,asian,JP,JP,1,3,aerodynamic,,3,2
6866,60,male,asian,JP,JP,9,5,aerodynamic,,1,1
6867,52,male,asian,JP,JP,9,5,aerodynamic,,5,1
6868,52,male,asian,JP,JP,8,5,aerodynamic,,1,1
6869,29,male,asian,JP,JP,4,2,aerodynamic,,2,2
6870,62,female,asian,JP,JP,1,2,aerodynamic,,4,1
6871,33,female,asian,JP,JP,12,3,aerodynamic,,2,1
6872,57,female,asian,JP,JP,1,5,aerodynamic,,2,1
6873,58,male,asian,JP,JP,8,5,aerodynamic,,3,1
6874,37,female,asian,JP,JP,1,3,aerodynamic,,3,1
6875,46,male,asian,JP,JP,6,2,aerodynamic,,5,1
6876,50,male,asian,JP,JP,6,5,aerodynamic,,2,1
6877,48,male,asian,JP,JP,2,2,aerodynamic,,3,2
6878,34,female,asian,JP,JP,4,5,aerodynamic,,5,2
6879,64,male,asian,JP,JP,6,5,aerodynamic,,3,1
6880,73,male,asian,JP,JP,4,5,aerodynamic,,4,1
6881,49,female,asian,JP,JP,1,4,aerodynamic,,5,2
6882,61,female,asian,JP,JP,9,4,aerodynamic,,2,1
6883,62,male,asian,JP,JP,5,5,aerodynamic,,2,1
6884,50,male,asian,JP,JP,3,2,aerodynamic,,2,1
6885,53,male,asian,JP,JP,4,3,aerodynamic,,4,1
6886,74,male,asian,JP,JP,7,5,aerodynamic,,1,1
6887,52,male,asian,JP,JP,6,2,aerodynamic,,2,1
6888,64,female,asian,JP,JP,1,2,aerodynamic,,4,2
6889,56,male,asian,JP,JP,1,5,aerodynamic,,4,1
6890,22,female,asian,JP,JP,1,5,aerodynamic,,1,1
6891,57,male,asian,JP,JP,1,5,aerodynamic,,4,2
6892,46,male,asian,JP,JP,2,1,aerodynamic,,1,1
6893,51,male,asian,JP,JP,12,2,aerodynamic,,3,1
6894,41,male,asian,JP,JP,1,3,aerodynamic,,4,2
6895,43,male,asian,JP,JP,5,5,aerodynamic,,2,1
6896,80,male,asian,JP,JP,1,2,aerodynamic,,2,2
6897,29,female,asian,JP,JP,8,5,aerodynamic,,4,1
6898,31,male,asian,JP,JP,4,3,aerodynamic,,1,1
6899,73,male,asian,JP,JP,2,5,aerodynamic,,2,1
6900,52,male,asian,JP,JP,3,2,aerodynamic,,1,1
6901,42,female,asian,JP,JP,9,2,aerodynamic,,5,2
6902,34,female,asian,JP,JP,12,2,aerodynamic,,5,2
6903,37,male,white,JP,JP,5,2,aerodynamic,,2,1
6904,54,male,asian,JP,JP,12,3,aerodynamic,,5,2
6905,52,male,asian,JP,JP,1,2,aerodynamic,,5,2
6906,61,male,asian,JP,JP,3,2,aerodynamic,,2,1
6907,59,male,asian,JP,JP,2,5,aerodynamic,,2,1
6908,72,female,asian,JP,JP,2,2,aerodynamic,,5,2
6909,82,male,asian,JP,JP,2,1,aerodynamic,,2,1
6910,51,female,asian,JP,JP,12,5,aerodynamic,,5,2
6911,51,female,asian,JP,JP,1,2,aerodynamic,,3,2
6912,61,male,asian,JP,JP,6,5,aerodynamic,,2,1
6913,64,female,asian,JP,JP,1,5,aerodynamic,,4,1
6914,29,female,asian,JP,JP,1,2,aerodynamic,,5,1
6915,,female,asian,JP,JP,12,5,aerodynamic,,5,2
6916,61,male,asian,JP,JP,3,5,aerodynamic,,1,1
6917,55,female,asian,JP,JP,1,5,aerodynamic,,3,1
6918,54,male,asian,JP,JP,5,5,aerodynamic,,2,1
6919,55,male,asian,JP,JP,12,5,aerodynamic,,5,2
6920,56,female,asian,JP,JP,5,4,aerodynamic,,5,2
6921,26,male,asian,JP,JP,12,3,aerodynamic,,5,2
6922,57,male,asian,JP,JP,10,5,aerodynamic,,2,1
6923,37,female,asian,JP,JP,12,4,aerodynamic,,5,2
6924,69,female,asian,JP,JP,1,2,aerodynamic,,3,2
6925,52,male,asian,JP,JP,5,5,aerodynamic,,1,1
6926,50,male,asian,JP,JP,4,5,aerodynamic,,3,2
6927,62,male,asian,JP,JP,9,7,aerodynamic,,1,1
6928,62,male,asian,JP,JP,5,5,aerodynamic,,4,1
6929,70,male,asian,JP,JP,2,5,aerodynamic,,1,1
6930,57,male,asian,JP,JP,2,2,aerodynamic,,2,1
6931,51,male,asian,JP,JP,7,7,aerodynamic,,1,1
6932,76,male,asian,JP,JP,3,1,aerodynamic,,3,1
6933,49,male,asian,JP,JP,12,5,aerodynamic,,2,2
6934,53,female,asian,JP,JP,4,3,aerodynamic,,2,1
6935,61,male,asian,JP,JP,12,5,aerodynamic,,3,1
6936,68,male,asian,JP,JP,6,5,aerodynamic,,2,1
6937,36,male,asian,JP,JP,1,2,aerodynamic,,4,2
6938,78,male,asian,JP,JP,3,5,aerodynamic,,4,1
6939,30,female,asian,JP,JP,12,3,aerodynamic,,2,2
6940,72,female,asian,JP,JP,1,5,aerodynamic,,4,2
6941,70,male,asian,JP,JP,8,7,aerodynamic,,2,1
6942,66,female,asian,JP,JP,1,5,aerodynamic,,2,1
6943,77,male,asian,JP,JP,1,5,aerodynamic,,2,1
6944,55,male,asian,JP,JP,7,5,aerodynamic,,1,1
6945,55,male,asian,JP,JP,3,5,aerodynamic,,3,1
6946,60,female,asian,JP,JP,2,5,aerodynamic,,5,2
6947,36,male,asian,JP,JP,3,2,aerodynamic,,1,1
6948,42,female,asian,JP,JP,5,5,aerodynamic,,1,1
6949,55,male,asian,JP,JP,5,5,aerodynamic,,1,1
6950,53,male,asian,JP,JP,1,2,aerodynamic,,5,1
6951,46,female,asian,JP,JP,12,9,aerodynamic,,5,2
6952,59,female,asian,JP,JP,1,3,aerodynamic,,5,2
6953,65,male,asian,JP,JP,1,2,aerodynamic,,1,1
6954,64,male,asian,JP,JP,7,6,aerodynamic,,2,1
6955,62,female,asian,JP,JP,1,2,aerodynamic,,2,2
6956,67,male,asian,JP,JP,1,2,aerodynamic,,1,1
6957,63,male,asian,JP,JP,3,3,aerodynamic,,2,1
6958,52,male,asian,JP,JP,4,7,aerodynamic,,1,1
6959,24,male,asian,JP,JP,12,5,aerodynamic,,2,2
6960,74,male,asian,JP,JP,3,5,aerodynamic,,4,1
6961,81,male,asian,JP,JP,2,2,aerodynamic,,2,1
6962,60,male,asian,JP,JP,5,5,aerodynamic,,5,2
6963,48,female,asian,JP,JP,1,5,aerodynamic,,2,2
6964,67,male,asian,JP,JP,4,7,aerodynamic,,2,1
6965,71,female,asian,JP,JP,2,5,aerodynamic,,3,2
6966,58,female,asian,JP,JP,5,5,aerodynamic,,1,1
6967,77,female,asian,JP,JP,1,2,aerodynamic,,3,1
6968,64,male,asian,JP,JP,9,5,aerodynamic,,1,1
6969,30,female,asian,JP,JP,1,5,aerodynamic,,5,2
6970,35,male,asian,JP,JP,4,2,aerodynamic,,3,1
6971,57,female,asian,JP,JP,2,2,aerodynamic,,3,1
6972,59,male,asian,JP,JP,5,5,aerodynamic,,2,1
6973,81,male,asian,JP,JP,4,2,aerodynamic,,1,1
6974,55,male,asian,JP,JP,6,5,aerodynamic,,2,2
6975,67,female,white,JP,JP,1,4,aerodynamic,,1,1
6976,55,female,asian,JP,JP,1,2,aerodynamic,,5,2
6977,63,male,asian,JP,JP,3,2,aerodynamic,,3,1
6978,37,female,white,JP,JP,12,4,aerodynamic,,5,2
6979,43,male,asian,JP,JP,3,2,aerodynamic,,5,1
6980,50,male,asian,JP,JP,1,5,aerodynamic,,2,1
6981,75,male,other,JP,JP,2,3,aerodynamic,,2,1
6982,54,male,asian,JP,JP,4,5,aerodynamic,,2,1
6983,59,female,asian,JP,JP,12,3,aerodynamic,,5,2
6984,26,male,asian,JP,JP,2,5,aerodynamic,,4,2
6985,50,female,asian,JP,JP,1,4,aerodynamic,,4,2
6986,74,male,asian,JP,JP,12,2,aerodynamic,,2,1
6987,56,female,asian,JP,JP,12,3,aerodynamic,,1,1
6988,73,male,asian,JP,JP,2,2,aerodynamic,,1,1
6989,34,male,asian,JP,JP,1,5,aerodynamic,,2,2
6990,69,female,asian,JP,JP,2,3,aerodynamic,,5,2
6991,56,female,asian,JP,JP,12,5,aerodynamic,,3,1
6992,51,male,asian,JP,JP,4,2,aerodynamic,,2,1
6993,34,female,asian,JP,JP,4,5,aerodynamic,,2,1
6994,47,male,asian,JP,JP,6,5,aerodynamic,,2,1
6995,47,female,asian,JP,JP,1,5,aerodynamic,,5,2
6996,63,female,asian,JP,JP,2,5,aerodynamic,,2,1
6997,47,female,asian,JP,JP,1,5,aerodynamic,,5,2
6998,42,male,asian,JP,JP,6,5,aerodynamic,,2,1
6999,49,male,asian,JP,JP,6,2,aerodynamic,,1,1
7000,54,male,asian,JP,JP,1,5,sophisticated,,1,2
7001,57,female,asian,JP,JP,1,5,sophisticated,,4,2
7002,47,female,asian,JP,JP,7,5,sophisticated,,1,1
7003,57,female,asian,JP,JP,7,6,sophisticated,,2,1
7004,38,female,asian,JP,JP,9,6,sophisticated,,5,2
7005,43,female,asian,JP,JP,9,6,sophisticated,,4,2
7006,82,male,asian,JP,JP,12,6,sophisticated,,3,1
7007,44,female,asian,JP,JP,1,3,sophisticated,,5,2
7008,58,female,asian,JP,JP,3,5,sophisticated,,2,1
7009,78,male,asian,JP,JP,2,5,sophisticated,,2,1
7010,42,female,asian,JP,JP,1,2,sophisticated,,5,2
7011,72,female,asian,JP,JP,1,3,sophisticated,,5,2
7012,64,male,asian,JP,JP,1,2,sophisticated,,5,2
7013,48,female,asian,JP,JP,1,2,sophisticated,,4,1
7014,58,male,asian,JP,JP,8,5,sophisticated,,1,1
7015,36,female,asian,JP,JP,1,5,sophisticated,,4,2
7016,69,male,asian,JP,JP,2,3,sophisticated,,3,2
7017,54,female,white,JP,JP,1,2,sophisticated,,5,2
7018,75,male,asian,JP,JP,5,4,sophisticated,,3,1
7019,78,male,other,JP,JP,1,3,sophisticated,,1,1
7020,81,male,asian,JP,JP,4,5,sophisticated,,2,1
7021,44,female,asian,JP,JP,1,2,sophisticated,,5,2
7022,33,male,asian,JP,JP,5,5,sophisticated,,2,2
7023,55,female,asian,JP,JP,1,3,sophisticated,,3,1
7024,20,male,asian,JP,JP,1,2,sophisticated,,2,2
7025,76,male,asian,JP,JP,2,2,sophisticated,,5,2
7026,67,male,asian,JP,JP,4,5,sophisticated,,2,2
7027,61,female,asian,JP,JP,12,2,sophisticated,,3,2
7028,55,male,asian,JP,JP,10,5,sophisticated,,2,1
7029,51,female,asian,JP,JP,1,3,sophisticated,,5,2
7030,70,female,asian,JP,JP,3,3,sophisticated,,5,2
7031,54,male,asian,JP,JP,4,2,sophisticated,,2,1
7032,51,male,asian,JP,JP,3,5,sophisticated,,5,2
7033,65,female,asian,JP,JP,1,4,sophisticated,,3,1
7034,46,male,asian,JP,JP,12,2,sophisticated,,2,1
7035,59,male,asian,JP,JP,3,5,sophisticated,,4,1
7036,46,female,asian,JP,JP,12,2,sophisticated,,1,1
7037,50,female,asian,JP,JP,1,4,sophisticated,,3,2
7038,57,male,asian,JP,JP,1,5,sophisticated,,3,2
7039,79,male,asian,JP,JP,3,2,sophisticated,,1,2
7040,46,male,asian,JP,JP,4,3,sophisticated,,5,1
7041,49,female,asian,JP,JP,1,2,sophisticated,,5,2
7042,39,female,asian,JP,JP,1,5,sophisticated,,1,1
7043,51,female,asian,JP,JP,1,2,sophisticated,,5,2
7044,46,male,asian,JP,JP,5,5,sophisticated,,1,1
7045,79,male,asian,JP,JP,2,2,sophisticated,,1,1
7046,62,male,asian,JP,JP,5,5,sophisticated,,4,1
7047,67,female,asian,JP,JP,12,2,sophisticated,,5,2
7048,52,male,asian,JP,JP,1,5,sophisticated,,1,1
7049,56,female,asian,JP,JP,1,3,sophisticated,,4,1
7050,55,female,asian,JP,JP,1,5,sophisticated,,2,1
7051,54,male,asian,JP,JP,9,5,sophisticated,,2,1
7052,45,male,asian,JP,JP,2,2,sophisticated,,1,1
7053,76,male,asian,JP,JP,1,5,sophisticated,,3,1
7054,70,male,asian,JP,JP,1,5,sophisticated,,4,2
7055,73,female,asian,JP,JP,1,5,sophisticated,,4,1
7056,44,female,asian,JP,JP,1,2,sophisticated,,4,2
7057,62,male,asian,JP,JP,8,6,sophisticated,,1,1
7058,71,male,asian,JP,JP,9,7,sophisticated,,1,1
7059,60,female,white,JP,JP,1,2,sophisticated,,1,1
7060,63,female,asian,JP,JP,1,3,sophisticated,,5,2
7061,67,female,asian,JP,JP,1,2,sophisticated,,3,2
7062,36,female,asian,JP,JP,1,3,sophisticated,,4,2
7063,64,male,asian,JP,JP,4,2,sophisticated,,4,1
7064,65,female,asian,JP,JP,1,4,sophisticated,,5,2
7065,59,female,asian,JP,JP,1,5,sophisticated,,2,1
7066,79,female,asian,JP,JP,1,5,sophisticated,,4,2
7067,55,female,asian,JP,JP,12,4,sophisticated,,5,2
7068,25,male,asian,JP,JP,8,5,sophisticated,,1,1
7069,55,female,asian,JP,JP,4,5,sophisticated,,2,2
7070,76,male,asian,JP,JP,12,5,sophisticated,,1,1
7071,50,female,asian,JP,JP,4,5,sophisticated,,4,2
7072,56,female,asian,JP,JP,12,4,sophisticated,,5,2
7073,40,male,white,JP,JP,1,5,sophisticated,,1,1
7074,56,male,asian,JP,JP,5,5,sophisticated,,4,1
7075,71,female,asian,JP,JP,1,5,sophisticated,,5,1
7076,52,female,asian,JP,JP,1,2,sophisticated,,4,2
7077,71,male,asian,JP,JP,12,5,sophisticated,,4,1
7078,47,female,asian,JP,JP,9,3,sophisticated,,1,1
7079,76,male,asian,JP,JP,2,5,sophisticated,,2,1
7080,51,female,asian,JP,JP,1,5,sophisticated,,4,1
7081,72,male,asian,JP,JP,3,5,sophisticated,,1,1
7082,56,male,asian,JP,JP,12,5,sophisticated,,2,1
7083,49,male,asian,JP,JP,5,4,sophisticated,,2,1
7084,71,male,asian,JP,JP,6,5,sophisticated,,3,1
7085,56,male,asian,JP,JP,1,2,sophisticated,,4,2
7086,64,male,asian,JP,JP,1,5,sophisticated,,5,2
7087,65,male,asian,JP,JP,5,5,sophisticated,,1,1
7088,41,male,asian,JP,JP,5,5,sophisticated,,1,1
7089,32,female,asian,JP,JP,1,3,sophisticated,,4,2
7090,40,male,asian,JP,JP,1,5,sophisticated,,2,2
7091,63,male,asian,JP,JP,3,5,sophisticated,,2,1
7092,41,female,asian,JP,JP,1,4,sophisticated,,1,1
7093,68,male,asian,JP,JP,6,5,sophisticated,,2,1
7094,54,male,asian,JP,JP,8,5,sophisticated,,1,1
7095,55,male,asian,JP,JP,5,5,sophisticated,,2,1
7096,44,female,asian,JP,JP,1,5,sophisticated,,3,1
7097,49,male,asian,JP,JP,1,3,sophisticated,,1,1
7098,52,female,asian,JP,JP,2,3,sophisticated,,5,2
7099,43,female,asian,JP,JP,7,5,sophisticated,,3,2
7100,74,male,asian,JP,JP,1,2,sophisticated,,2,1
7101,53,male,asian,JP,JP,9,5,sophisticated,,2,1
7102,56,female,asian,JP,JP,1,2,sophisticated,,3,2
7103,71,male,asian,JP,JP,2,5,sophisticated,,1,1
7104,66,male,asian,JP,JP,7,5,sophisticated,,2,1
7105,46,male,asian,JP,JP,3,2,sophisticated,,3,1
7106,68,male,asian,JP,JP,4,3,sophisticated,,2,1
7107,77,female,prefer not to answer,JP,JP,12,2,sophisticated,,4,2
7108,69,male,asian,JP,JP,4,5,sophisticated,,3,1
7109,33,male,asian,JP,JP,1,2,sophisticated,,2,1
7110,71,female,asian,JP,JP,1,5,sophisticated,,1,1
7111,47,male,asian,JP,JP,4,2,sophisticated,,1,1
7112,53,male,asian,JP,JP,5,5,sophisticated,,2,1
7113,48,male,asian,JP,JP,8,5,sophisticated,,1,1
7114,68,male,other,JP,JP,3,5,sophisticated,,2,1
7115,44,male,asian,JP,JP,5,5,sophisticated,,1,1
7116,47,female,asian,JP,JP,1,4,sophisticated,,5,2
7117,75,female,asian,JP,JP,1,2,sophisticated,,3,2
7118,69,male,asian,JP,JP,4,5,sophisticated,,4,2
7119,39,male,white,JP,JP,1,3,sophisticated,,3,2
7120,52,female,asian,JP,JP,4,5,sophisticated,,4,2
7121,45,female,asian,JP,JP,1,5,sophisticated,,5,2
7122,32,male,asian,JP,JP,12,2,sophisticated,,2,2
7123,63,male,asian,JP,JP,8,6,sophisticated,,1,1
7124,72,male,asian,JP,JP,2,5,sophisticated,,2,1
7125,51,male,asian,JP,JP,5,5,sophisticated,,4,1
7126,57,male,asian,JP,JP,12,9,sophisticated,,1,1
7127,55,female,asian,JP,JP,1,2,sophisticated,,2,2
7128,43,male,asian,JP,JP,12,2,sophisticated,,1,1
7129,71,female,asian,JP,JP,1,4,sophisticated,,2,2
7130,37,female,asian,JP,JP,12,5,sophisticated,,3,2
7131,52,male,asian,JP,JP,4,5,sophisticated,,3,1
7132,49,male,asian,JP,JP,3,5,sophisticated,,4,1
7133,32,female,asian,JP,JP,5,5,sophisticated,,1,1
7134,75,male,asian,JP,JP,2,2,sophisticated,,5,2
7135,35,female,asian,JP,JP,1,5,sophisticated,,5,2
7136,73,male,asian,JP,JP,2,5,sophisticated,,5,2
7137,51,female,asian,JP,JP,12,5,sophisticated,,3,1
7138,65,male,asian,JP,JP,8,7,sophisticated,,4,2
7139,70,male,asian,JP,JP,4,5,sophisticated,,2,1
7140,61,male,asian,JP,JP,4,6,sophisticated,,4,1
7141,68,female,asian,JP,JP,1,2,sophisticated,,3,1
7142,76,male,asian,JP,JP,1,5,sophisticated,,4,1
7143,72,male,asian,JP,JP,2,2,sophisticated,,1,1
7144,55,male,asian,JP,JP,4,2,sophisticated,,4,2
7145,78,male,asian,JP,JP,1,5,sophisticated,,5,1
7146,52,male,asian,JP,JP,1,2,sophisticated,,5,2
7147,68,male,asian,JP,JP,10,5,sophisticated,,1,1
7148,75,female,asian,JP,JP,12,2,sophisticated,,5,2
7149,35,female,asian,JP,JP,4,5,sophisticated,,4,1
7150,58,male,asian,JP,JP,2,6,sophisticated,,2,1
7151,55,male,asian,JP,JP,1,2,sophisticated,,2,2
7152,48,female,asian,JP,JP,1,5,sophisticated,,4,2
7153,48,male,asian,JP,JP,9,5,sophisticated,,5,2
7154,53,male,asian,JP,JP,7,5,sophisticated,,2,1
7155,62,male,asian,JP,JP,3,3,sophisticated,,1,1
7156,52,female,asian,JP,JP,4,2,sophisticated,,5,2
7157,67,female,asian,JP,JP,1,2,sophisticated,,2,2
7158,50,male,asian,JP,JP,9,5,sophisticated,,3,1
7159,65,female,asian,JP,JP,4,4,sophisticated,,1,1
7160,32,female,asian,JP,JP,12,2,sophisticated,,2,1
7161,22,female,asian,JP,JP,12,3,sophisticated,,2,2
7162,35,male,asian,JP,JP,2,2,sophisticated,,1,1
7163,58,female,asian,JP,JP,1,3,sophisticated,,3,2
7164,65,male,asian,JP,JP,4,7,sophisticated,,3,1
7165,41,female,asian,JP,JP,1,5,sophisticated,,5,2
7166,69,male,asian,JP,JP,3,5,sophisticated,,2,1
7167,79,male,asian,JP,JP,12,2,sophisticated,,3,1
7168,63,female,asian,JP,JP,1,4,sophisticated,,5,2
7169,42,male,asian,JP,JP,6,5,sophisticated,,1,1
7170,80,female,asian,JP,JP,12,2,sophisticated,,5,2
7171,31,female,asian,JP,JP,1,1,sophisticated,,4,2
7172,59,male,asian,JP,JP,1,5,sophisticated,,1,2
7173,74,male,asian,JP,JP,3,5,sophisticated,,1,1
7174,55,female,asian,JP,JP,3,4,sophisticated,,3,1
7175,74,male,asian,JP,JP,3,5,sophisticated,,2,1
7176,68,male,asian,JP,JP,3,5,sophisticated,,2,1
7177,78,female,asian,JP,JP,1,5,sophisticated,,2,2
7178,61,male,asian,JP,JP,1,5,sophisticated,,2,2
7179,82,male,asian,JP,JP,3,2,sophisticated,,3,1
7180,43,male,asian,JP,JP,8,2,sophisticated,,1,1
7181,51,male,asian,JP,JP,5,3,sophisticated,,3,1
7182,41,male,asian,JP,JP,12,3,sophisticated,,2,1
7183,60,male,asian,JP,JP,3,5,sophisticated,,2,1
7184,46,female,asian,JP,JP,1,6,sophisticated,,5,2
7185,49,male,asian,JP,JP,6,5,sophisticated,,3,1
7186,71,female,asian,JP,JP,1,2,sophisticated,,2,2
7187,72,female,asian,JP,JP,1,4,sophisticated,,5,2
7188,75,male,asian,JP,JP,3,7,sophisticated,,1,1
7189,40,male,asian,JP,JP,4,3,sophisticated,,2,1
7190,59,female,asian,JP,JP,3,3,sophisticated,,5,2
7191,66,female,asian,JP,JP,12,3,sophisticated,,2,1
7192,56,male,asian,JP,JP,10,1,sophisticated,,3,1
7193,58,female,asian,JP,JP,1,2,sophisticated,,2,1
7194,63,male,asian,JP,JP,1,4,sophisticated,,2,1
7195,68,female,asian,JP,JP,1,5,sophisticated,,3,1
7196,78,male,asian,JP,JP,3,2,sophisticated,,5,2
7197,52,female,asian,JP,JP,3,2,sophisticated,,3,1
7198,56,female,asian,JP,JP,1,5,sophisticated,,5,2
7199,65,male,asian,JP,JP,3,5,sophisticated,,2,1
7200,38,male,asian,JP,JP,4,3,sophisticated,,3,2
7201,67,male,asian,JP,JP,3,5,sophisticated,,2,1
7202,73,male,asian,JP,JP,3,3,sophisticated,,2,1
7203,61,male,white,JP,JP,1,2,sophisticated,,5,2
7204,75,male,asian,JP,JP,8,5,sophisticated,,3,1
7205,45,female,asian,JP,JP,1,5,sophisticated,,2,1
7206,61,male,asian,JP,JP,4,2,sophisticated,,2,2
7207,55,female,asian,JP,JP,12,5,sophisticated,,5,2
7208,53,male,asian,JP,JP,3,2,sophisticated,,3,1
7209,58,male,asian,JP,JP,6,2,sophisticated,,4,2
7210,77,male,asian,JP,JP,12,5,sophisticated,,4,2
7211,48,female,asian,JP,JP,1,5,sophisticated,,5,2
7212,66,male,asian,JP,JP,8,3,sophisticated,,2,1
7213,59,male,asian,JP,JP,8,3,sophisticated,,2,1
7214,57,male,asian,JP,JP,1,5,sophisticated,,3,1
7215,42,male,asian,JP,JP,7,5,sophisticated,,3,1
7216,37,female,asian,JP,JP,1,5,sophisticated,,4,2
7217,28,female,asian,JP,JP,1,5,sophisticated,,5,2
7218,57,male,asian,JP,JP,5,2,sophisticated,,3,1
7219,21,female,asian,JP,JP,1,5,sophisticated,,1,2
7220,56,male,asian,JP,JP,7,3,sophisticated,,1,1
7221,57,female,asian,JP,JP,1,2,sophisticated,,5,2
7222,43,female,asian,JP,JP,1,2,sophisticated,,5,2
7223,63,female,asian,JP,JP,1,5,sophisticated,,2,1
7224,50,female,asian,JP,JP,1,2,sophisticated,,2,1
7225,,male,asian,JP,JP,2,5,sophisticated,,1,1
7226,39,female,asian,JP,JP,2,5,sophisticated,,4,1
7227,57,female,asian,JP,JP,2,2,sophisticated,,2,2
7228,52,male,asian,JP,JP,9,5,sophisticated,,1,1
7229,65,male,asian,JP,JP,1,5,sophisticated,,3,1
7230,,female,asian,JP,JP,12,5,sophisticated,,4,2
7231,74,male,asian,JP,JP,3,2,sophisticated,,2,1
7232,75,male,asian,JP,JP,2,5,sophisticated,,2,1
7233,66,male,asian,JP,JP,1,5,sophisticated,,2,1
7234,52,male,asian,JP,JP,6,5,sophisticated,,5,1
7235,58,female,asian,JP,JP,1,5,sophisticated,,3,2
7236,60,female,asian,JP,JP,12,5,sophisticated,,5,2
7237,67,female,asian,JP,JP,12,4,sophisticated,,3,2
7238,78,female,asian,JP,JP,1,2,sophisticated,,1,2
7239,47,male,asian,JP,JP,1,5,sophisticated,,4,1
7240,49,female,asian,JP,JP,7,5,sophisticated,,3,2
7241,84,female,asian,JP,JP,1,5,sophisticated,,3,2
7242,53,female,asian,JP,JP,1,5,sophisticated,,2,1
7243,42,female,asian,JP,JP,1,2,sophisticated,,5,2
7244,38,female,asian,JP,JP,2,1,sophisticated,,2,2
7245,42,male,asian,JP,JP,5,2,sophisticated,,1,1
7246,41,male,asian,JP,JP,3,4,sophisticated,,3,1
7247,56,male,asian,JP,JP,12,6,sophisticated,,1,1
7248,54,female,asian,JP,JP,12,5,sophisticated,,3,1
7249,68,female,asian,JP,JP,2,5,sophisticated,,4,2
7250,62,female,asian,JP,JP,1,3,sophisticated,,1,1
7251,39,female,asian,JP,JP,1,2,sophisticated,,4,2
7252,64,male,asian,JP,JP,1,5,sophisticated,,2,1
7253,51,male,asian,JP,JP,1,3,sophisticated,,5,1
7254,72,male,asian,JP,JP,12,2,sophisticated,,4,1
7255,74,male,asian,JP,JP,2,2,sophisticated,,2,1
7256,69,male,asian,JP,JP,1,5,sophisticated,,5,1
7257,32,female,asian,JP,JP,1,5,sophisticated,,4,2
7258,62,female,asian,JP,JP,1,3,sophisticated,,5,2
7259,74,male,asian,JP,JP,6,5,sophisticated,,1,1
7260,61,male,asian,JP,JP,6,5,sophisticated,,2,1
7261,27,female,asian,JP,JP,1,4,sophisticated,,3,2
7262,73,female,asian,JP,JP,2,5,sophisticated,,4,2
7263,38,female,asian,JP,JP,3,5,sophisticated,,1,1
7264,47,male,asian,JP,JP,5,5,sophisticated,,3,2
7265,69,male,asian,JP,JP,6,2,sophisticated,,2,1
7266,55,male,asian,JP,JP,2,2,sophisticated,,4,2
7267,71,male,asian,JP,JP,3,5,sophisticated,,2,1
7268,69,female,asian,JP,JP,1,5,sophisticated,,3,1
7269,34,female,asian,JP,JP,1,4,sophisticated,,2,1
7270,50,male,asian,JP,JP,9,5,sophisticated,,3,1
7271,50,female,asian,JP,JP,12,5,sophisticated,,3,1
7272,52,male,asian,JP,JP,4,2,sophisticated,,4,1
7273,61,male,asian,JP,JP,12,5,sophisticated,,2,1
7274,63,female,asian,JP,JP,1,5,sophisticated,,2,1
7275,59,male,asian,JP,JP,1,3,sophisticated,,3,2
7276,61,male,asian,JP,JP,5,5,sophisticated,,3,1
7277,50,female,asian,JP,JP,1,2,sophisticated,,2,1
7278,59,male,asian,JP,JP,2,5,sophisticated,,5,2
7279,53,female,asian,JP,JP,8,5,sophisticated,,3,1
7280,61,female,asian,JP,JP,1,5,sophisticated,,2,2
7281,64,male,asian,JP,JP,4,5,sophisticated,,2,1
7282,53,male,asian,JP,JP,1,5,sophisticated,,4,1
7283,80,male,asian,JP,JP,1,2,sophisticated,,4,2
7284,56,female,asian,JP,JP,2,5,sophisticated,,5,2
7285,61,male,other,JP,JP,1,2,sophisticated,,3,1
7286,56,male,asian,JP,JP,1,6,sophisticated,,5,2
7287,67,male,asian,JP,JP,2,2,sophisticated,,2,1
7288,73,female,asian,JP,JP,1,3,sophisticated,,3,1
7289,60,male,asian,JP,JP,3,5,sophisticated,,2,1
7290,46,male,asian,JP,JP,2,5,sophisticated,,2,1
7291,52,male,asian,JP,JP,8,5,sophisticated,,2,1
7292,56,male,asian,JP,JP,9,5,sophisticated,,2,1
7293,35,male,asian,JP,JP,4,2,sophisticated,,3,1
7294,42,male,asian,JP,JP,4,6,sophisticated,,1,1
7295,56,female,asian,JP,JP,9,5,sophisticated,,5,1
7296,56,male,asian,JP,JP,8,5,sophisticated,,2,1
7297,47,female,asian,JP,JP,12,5,sophisticated,,5,2
7298,75,male,asian,JP,JP,2,5,sophisticated,,2,2
7299,65,female,asian,JP,JP,3,2,sophisticated,,3,1
7300,26,female,asian,JP,JP,1,2,sophisticated,,3,2
7301,46,female,asian,JP,JP,3,2,sophisticated,,1,1
7302,42,male,asian,JP,JP,4,5,sophisticated,,4,1
7303,56,male,asian,JP,JP,5,5,sophisticated,,3,1
7304,46,female,asian,JP,JP,12,2,sophisticated,,5,2
7305,57,female,asian,JP,JP,2,5,sophisticated,,5,2
7306,81,female,asian,JP,JP,1,2,sophisticated,,3,1
7307,35,male,asian,JP,JP,2,2,sophisticated,,2,2
7308,75,female,asian,JP,JP,1,2,sophisticated,,3,1
7309,60,male,asian,JP,JP,1,6,sophisticated,,2,2
7310,72,male,asian,JP,JP,3,5,sophisticated,,1,1
7311,64,female,asian,JP,JP,1,4,sophisticated,,4,1
7312,54,female,asian,JP,JP,1,2,sophisticated,,3,2
7313,67,male,asian,JP,JP,3,5,sophisticated,,1,1
7314,35,female,asian,JP,JP,12,4,sophisticated,,4,2
7315,55,male,asian,JP,JP,10,7,sophisticated,,1,1
7316,47,female,asian,JP,JP,12,4,sophisticated,,5,2
7317,55,male,asian,JP,JP,8,5,sophisticated,,1,1
7318,51,female,asian,JP,JP,1,4,sophisticated,,5,2
7319,75,male,asian,JP,JP,8,5,sophisticated,,1,1
7320,56,male,asian,JP,JP,8,5,sophisticated,,1,1
7321,75,female,asian,JP,JP,12,4,sophisticated,,5,2
7322,66,male,asian,JP,JP,2,5,sophisticated,,1,1
7323,50,female,asian,JP,JP,1,5,sophisticated,,4,2
7324,71,male,asian,JP,JP,4,5,sophisticated,,2,1
7325,38,female,asian,JP,JP,4,2,sophisticated,,5,2
7326,45,male,asian,JP,JP,3,5,sophisticated,,2,1
7327,72,male,asian,JP,JP,3,5,sophisticated,,4,1
7328,53,female,asian,JP,JP,1,2,sophisticated,,5,2
7329,67,male,asian,JP,JP,3,2,sophisticated,,2,1
7330,40,male,asian,JP,JP,4,2,sophisticated,,1,1
7331,44,female,asian,JP,JP,1,5,sophisticated,,4,2
7332,51,male,asian,JP,JP,5,4,sophisticated,,2,1
7333,54,female,asian,JP,JP,1,2,sophisticated,,3,1
7334,43,female,asian,JP,JP,2,4,sophisticated,,4,1
7335,36,male,asian,JP,JP,5,6,sophisticated,,3,1
7336,61,male,asian,JP,JP,5,5,sophisticated,,1,1
7337,65,female,asian,JP,JP,1,5,sophisticated,,5,1
7338,51,male,asian,JP,JP,8,5,sophisticated,,2,1
7339,41,female,asian,JP,JP,1,5,sophisticated,,1,2
7340,32,female,asian,JP,JP,2,5,sophisticated,,4,2
7341,78,male,asian,JP,JP,2,2,sophisticated,,3,2
7342,37,female,asian,JP,JP,1,5,sophisticated,,3,1
7343,74,male,asian,JP,JP,2,2,sophisticated,,4,1
7344,56,male,asian,JP,JP,8,5,sophisticated,,3,1
7345,74,male,asian,JP,JP,1,5,sophisticated,,2,1
7346,71,male,asian,JP,JP,12,3,sophisticated,,2,2
7347,60,male,asian,JP,JP,7,3,sophisticated,,1,1
7348,62,female,asian,JP,JP,1,5,sophisticated,,4,2
7349,52,male,asian,JP,JP,5,5,sophisticated,,5,2
7350,36,female,asian,JP,JP,1,5,sophisticated,,4,2
7351,65,male,asian,JP,JP,1,5,sophisticated,,2,1
7352,52,female,asian,JP,JP,1,2,sophisticated,,2,1
7353,52,male,asian,JP,JP,4,5,sophisticated,,1,1
7354,48,male,other,JP,JP,1,2,sophisticated,,3,1
7355,71,male,asian,JP,JP,1,5,sophisticated,,2,1
7356,85,male,white,JP,JP,3,2,sophisticated,,2,1
7357,73,male,asian,JP,JP,1,5,sophisticated,,4,2
7358,68,male,asian,JP,JP,2,5,sophisticated,,1,1
7359,55,male,asian,JP,JP,6,5,sophisticated,,1,1
7360,72,male,asian,JP,JP,12,5,sophisticated,,2,1
7361,39,female,asian,JP,JP,1,5,sophisticated,,3,1
7362,32,female,asian,JP,JP,3,5,sophisticated,,2,2
7363,70,male,asian,JP,JP,3,5,sophisticated,,2,1
7364,49,female,asian,JP,JP,2,2,sophisticated,,4,1
7365,59,female,asian,JP,JP,1,5,sophisticated,,2,1
7366,38,male,asian,JP,JP,1,2,sophisticated,,2,2
7367,71,male,asian,JP,JP,1,2,sophisticated,,4,2
7368,37,female,asian,JP,JP,1,3,sophisticated,,5,2
7369,60,male,asian,JP,JP,4,5,sophisticated,,2,1
7370,48,male,asian,JP,JP,4,2,sophisticated,,5,2
7371,49,male,asian,JP,JP,6,2,sophisticated,,3,1
7372,37,female,asian,JP,JP,1,5,sophisticated,,5,2
7373,47,female,asian,JP,JP,1,5,sophisticated,,5,2
7374,32,female,asian,JP,JP,4,5,sophisticated,,5,2
7375,61,male,asian,JP,JP,7,5,sophisticated,,5,2
7376,55,male,asian,JP,JP,4,5,sophisticated,,2,1
7377,45,female,asian,JP,JP,2,2,sophisticated,,5,2
7378,37,male,asian,JP,JP,1,5,sophisticated,,2,1
7379,87,male,asian,JP,JP,2,2,sophisticated,,2,1
7380,59,female,asian,JP,JP,4,5,sophisticated,,2,2
7381,57,female,asian,JP,JP,1,2,sophisticated,,3,2
7382,65,male,asian,JP,JP,3,5,sophisticated,,1,2
7383,74,male,asian,JP,JP,2,5,sophisticated,,4,1
7384,65,male,asian,JP,JP,2,2,sophisticated,,2,1
7385,48,female,asian,JP,JP,1,5,sophisticated,,3,1
7386,52,male,asian,JP,JP,4,2,sophisticated,,2,1
7387,60,male,asian,JP,JP,3,5,sophisticated,,2,1
7388,35,male,asian,JP,JP,6,5,sophisticated,,2,2
7389,63,female,asian,JP,JP,1,3,sophisticated,,4,1
7390,54,female,asian,JP,JP,3,5,sophisticated,,3,1
7391,37,female,asian,JP,JP,3,5,sophisticated,,2,2
7392,34,female,asian,JP,JP,1,5,sophisticated,,2,1
7393,48,male,asian,JP,JP,7,3,sophisticated,,1,1
7394,59,male,asian,JP,JP,3,5,sophisticated,,5,2
7395,27,male,asian,JP,JP,1,5,sophisticated,,5,1
7396,73,male,asian,JP,JP,1,5,sophisticated,,4,2
7397,64,female,asian,JP,JP,1,5,sophisticated,,5,1
7398,50,male,asian,JP,JP,3,5,sophisticated,,3,2
7399,51,female,asian,JP,JP,1,5,sophisticated,,1,1
7400,58,female,asian,JP,JP,1,4,sophisticated,,5,2
7401,,male,asian,JP,JP,12,1,sophisticated,,3,2
7402,38,male,asian,JP,JP,4,5,sophisticated,,3,2
7403,50,female,asian,JP,JP,3,3,sophisticated,,1,1
7404,47,female,asian,JP,JP,1,2,sophisticated,,2,1
7405,36,male,asian,JP,JP,5,5,sophisticated,,3,1
7406,74,male,asian,JP,JP,12,5,sophisticated,,2,1
7407,45,female,asian,JP,JP,5,5,sophisticated,,4,2
7408,,male,asian,JP,JP,12,5,sophisticated,,2,1
7409,48,male,asian,JP,JP,3,2,sophisticated,,3,1
7410,61,female,asian,JP,JP,1,4,sophisticated,,1,1
7411,21,female,asian,JP,JP,8,2,sophisticated,,2,2
7412,71,male,other,JP,JP,1,5,sophisticated,,2,1
7413,58,male,asian,JP,JP,9,5,sophisticated,,1,1
7414,68,male,asian,JP,JP,3,2,sophisticated,,1,1
7415,47,female,asian,JP,JP,5,5,sophisticated,,5,2
7416,53,male,asian,JP,JP,4,5,sophisticated,,4,1
7417,65,female,asian,JP,JP,2,5,sophisticated,,4,2
7418,63,female,asian,JP,JP,2,2,sophisticated,,4,1
7419,42,female,asian,JP,JP,4,5,sophisticated,,2,1
7420,80,male,asian,JP,JP,12,2,sophisticated,,1,1
7421,79,male,asian,JP,JP,9,5,sophisticated,,5,2
7422,79,male,asian,JP,JP,2,5,sophisticated,,3,1
7423,73,male,asian,JP,JP,2,5,sophisticated,,4,1
7424,54,male,asian,JP,JP,12,5,sophisticated,,2,1
7425,19,female,white,JP,JP,8,2,sophisticated,,3,2
7426,67,male,asian,JP,JP,3,5,sophisticated,,1,1
7427,59,male,asian,JP,JP,8,5,sophisticated,,3,1
7428,61,female,asian,JP,JP,8,4,sophisticated,,5,2
7429,67,male,asian,JP,JP,3,5,sophisticated,,1,1
7430,58,male,asian,JP,JP,12,7,sophisticated,,5,2
7431,41,female,asian,JP,JP,1,5,sophisticated,,3,1
7432,63,female,asian,JP,JP,1,4,sophisticated,,2,1
7433,43,female,asian,JP,JP,1,5,sophisticated,,2,1
7434,80,female,white,JP,JP,4,2,sophisticated,,2,1
7435,68,female,asian,JP,JP,1,5,sophisticated,,3,1
7436,51,female,asian,JP,JP,6,3,sophisticated,,5,2
7437,72,female,other,JP,JP,3,6,sophisticated,,4,2
7438,75,male,asian,JP,JP,4,5,sophisticated,,2,1
7439,19,female,asian,JP,JP,12,1,sophisticated,,5,2
7440,62,male,asian,JP,JP,6,5,sophisticated,,1,1
7441,68,male,asian,JP,JP,4,5,sophisticated,,2,1
7442,62,male,asian,JP,JP,3,5,sophisticated,,4,1
7443,83,male,asian,JP,JP,12,2,sophisticated,,1,1
7444,53,male,asian,JP,JP,5,5,sophisticated,,1,1
7445,46,female,asian,JP,JP,12,5,sophisticated,,4,2
7446,44,male,asian,JP,JP,7,5,sophisticated,,5,1
7447,52,male,asian,JP,JP,4,5,sophisticated,,2,1
7448,64,female,asian,JP,JP,12,2,sophisticated,,5,2
7449,70,male,asian,JP,JP,2,5,sophisticated,,2,1
7450,46,male,asian,JP,JP,4,2,sophisticated,,1,1
7451,40,male,asian,JP,JP,3,2,sophisticated,,3,2
7452,71,male,asian,JP,JP,2,5,sophisticated,,2,1
7453,30,male,asian,JP,JP,6,5,sophisticated,,2,2
7454,38,female,asian,JP,JP,12,5,sophisticated,,2,2
7455,36,male,asian,JP,JP,4,2,sophisticated,,5,2
7456,62,male,asian,JP,JP,3,5,sophisticated,,5,2
7457,38,male,asian,JP,JP,5,2,sophisticated,,1,1
7458,76,male,asian,JP,JP,1,2,sophisticated,,3,1
7459,55,male,asian,JP,JP,4,5,sophisticated,,2,1
7460,41,male,asian,JP,JP,4,5,sophisticated,,1,1
7461,40,female,asian,JP,JP,4,5,sophisticated,,2,1
7462,65,male,asian,JP,JP,1,5,sophisticated,,2,1
7463,58,male,asian,JP,JP,4,5,sophisticated,,1,1
7464,55,female,asian,JP,JP,1,4,sophisticated,,5,2
7465,59,female,asian,JP,JP,1,3,sophisticated,,3,1
7466,71,male,asian,JP,JP,2,2,sophisticated,,2,1
7467,78,male,asian,JP,JP,12,5,sophisticated,,3,2
7468,51,male,asian,JP,JP,4,2,sophisticated,,2,1
7469,64,male,asian,JP,JP,3,5,sophisticated,,4,1
7470,60,female,asian,JP,JP,1,2,sophisticated,,4,2
7471,34,female,asian,JP,JP,4,5,sophisticated,,2,1
7472,59,male,asian,JP,JP,8,5,sophisticated,,2,1
7473,52,female,asian,JP,JP,1,3,sophisticated,,4,2
7474,61,female,asian,JP,JP,10,5,sophisticated,,1,1
7475,62,female,asian,JP,JP,1,4,sophisticated,,5,2
7476,67,male,asian,JP,JP,1,2,sophisticated,,4,1
7477,56,female,asian,JP,JP,1,2,sophisticated,,2,2
7478,78,male,asian,JP,JP,3,5,sophisticated,,3,2
7479,31,female,asian,JP,JP,1,2,sophisticated,,5,2
7480,44,female,asian,JP,JP,1,3,sophisticated,,3,2
7481,41,female,asian,JP,JP,4,5,sophisticated,,2,1
7482,71,male,asian,JP,JP,2,5,sophisticated,,2,1
7483,30,male,asian,JP,JP,6,5,sophisticated,,1,1
7484,42,female,asian,JP,JP,3,3,sophisticated,,5,2
7485,32,female,asian,JP,JP,2,2,sophisticated,,1,1
7486,24,female,asian,JP,JP,3,5,sophisticated,,4,2
7487,69,male,asian,JP,JP,1,5,sophisticated,,1,1
7488,59,male,asian,JP,JP,9,2,sophisticated,,2,1
7489,73,male,asian,JP,JP,12,5,sophisticated,,1,1
7490,47,male,asian,JP,JP,8,5,sophisticated,,1,1
7491,49,male,asian,JP,JP,4,5,sophisticated,,1,1
7492,59,male,asian,JP,JP,2,5,sophisticated,,1,1
7493,60,male,asian,JP,JP,3,3,sophisticated,,4,2
7494,21,female,asian,JP,JP,1,1,sophisticated,,5,2
7495,53,male,asian,JP,JP,9,5,sophisticated,,1,1
7496,57,male,asian,JP,JP,12,5,sophisticated,,3,1
7497,28,female,asian,JP,JP,5,6,sophisticated,,5,2
7498,80,male,asian,JP,JP,3,5,sophisticated,,2,1
7499,48,female,asian,JP,JP,2,3,sophisticated,,5,2
7500,48,female,asian,JP,JP,3,4,sophisticated,,5,2
7501,25,female,asian,JP,JP,5,5,sophisticated,,2,1
7502,59,male,asian,JP,JP,8,5,sophisticated,,3,1
7503,46,female,asian,JP,JP,1,4,sophisticated,,4,1
7504,77,male,asian,JP,JP,1,3,sophisticated,,5,2
7505,38,female,asian,JP,JP,1,2,sophisticated,,1,1
7506,52,female,asian,JP,JP,1,4,sophisticated,,2,2
7507,60,male,asian,JP,JP,3,3,sophisticated,,4,1
7508,52,female,asian,JP,JP,1,2,sophisticated,,4,1
7509,78,male,asian,JP,JP,8,6,sophisticated,,3,1
7510,41,male,asian,JP,JP,6,5,sophisticated,,5,2
7511,50,female,asian,JP,JP,1,5,sophisticated,,5,2
7512,62,male,asian,JP,JP,6,2,sophisticated,,2,1
7513,66,male,asian,JP,JP,2,5,sophisticated,,3,1
7514,29,male,asian,JP,JP,5,5,sophisticated,,1,1
7515,53,male,asian,JP,JP,9,5,sophisticated,,4,1
7516,55,female,asian,JP,JP,10,4,sophisticated,,4,2
7517,78,male,asian,JP,JP,2,5,sophisticated,,2,1
7518,74,male,asian,JP,JP,2,2,sophisticated,,2,1
7519,60,male,asian,JP,JP,7,5,sophisticated,,2,1
7520,36,female,asian,JP,JP,3,3,sophisticated,,4,2
7521,63,female,asian,JP,JP,1,4,sophisticated,,5,2
7522,56,male,asian,JP,JP,5,5,sophisticated,,4,1
7523,28,male,asian,JP,JP,1,2,sophisticated,,4,2
7524,49,female,asian,JP,JP,2,2,sophisticated,,5,1
7525,63,female,asian,JP,JP,12,3,sophisticated,,5,3
7526,47,female,asian,JP,JP,6,5,sophisticated,,4,2
7527,79,male,asian,JP,JP,1,5,sophisticated,,3,1
7528,61,female,asian,JP,JP,4,3,sophisticated,,3,1
7529,41,male,asian,JP,JP,9,5,sophisticated,,2,1
7530,57,female,asian,JP,JP,1,2,sophisticated,,4,1
7531,59,female,asian,JP,JP,12,2,sophisticated,,5,2
7532,77,male,asian,JP,JP,12,9,sophisticated,,4,1
7533,51,male,asian,JP,JP,6,5,sophisticated,,2,1
7534,,female,prefer not to answer,JP,prefer not to answer,12,9,sophisticated,,5,2
7535,40,female,asian,JP,JP,1,5,sophisticated,,2,2
7536,74,male,asian,JP,JP,2,5,sophisticated,,4,1
7537,65,male,asian,JP,JP,10,5,sophisticated,,1,1
7538,83,male,asian,JP,JP,1,1,sophisticated,,1,1
7539,58,male,asian,JP,JP,12,2,sophisticated,,4,1
7540,37,female,asian,JP,JP,1,3,sophisticated,,4,2
7541,48,male,asian,JP,JP,9,5,sophisticated,,1,1
7542,61,male,asian,JP,JP,5,5,sophisticated,,1,2
7543,54,male,asian,JP,JP,3,6,sophisticated,,4,2
7544,44,female,asian,JP,JP,3,5,sophisticated,,3,1
7545,62,female,asian,JP,JP,1,5,sophisticated,,5,2
7546,76,male,asian,JP,JP,1,2,sophisticated,,1,1
7547,61,male,asian,JP,JP,3,2,sophisticated,,2,1
7548,71,male,asian,JP,JP,2,2,sophisticated,,3,1
7549,28,female,asian,JP,JP,7,5,sophisticated,,5,2
7550,66,female,asian,JP,JP,8,3,sophisticated,,4,2
7551,53,male,asian,JP,JP,1,2,sophisticated,,1,1
7552,44,female,asian,JP,JP,1,5,sophisticated,,3,1
7553,48,male,asian,JP,JP,9,5,sophisticated,,1,1
7554,79,male,asian,JP,JP,4,5,sophisticated,,1,1
7555,51,female,asian,JP,JP,1,5,sophisticated,,4,2
7556,61,male,asian,JP,JP,3,5,sophisticated,,2,1
7557,54,female,asian,JP,JP,5,2,sophisticated,,5,2
7558,67,male,asian,JP,JP,11,5,sophisticated,,2,1
7559,42,male,asian,JP,JP,4,5,sophisticated,,2,1
7560,38,female,asian,JP,JP,6,4,sophisticated,,3,1
7561,35,male,asian,JP,JP,1,2,sophisticated,,5,2
7562,46,male,asian,JP,JP,1,2,sophisticated,,3,1
7563,82,male,asian,JP,JP,3,5,sophisticated,,4,2
7564,61,male,asian,JP,JP,4,5,sophisticated,,1,1
7565,42,female,asian,JP,JP,1,3,sophisticated,,2,1
7566,59,male,white,JP,JP,6,3,sophisticated,,4,2
7567,57,female,asian,JP,JP,2,5,sophisticated,,2,1
7568,62,male,asian,JP,JP,1,3,sophisticated,,2,1
7569,70,female,asian,JP,JP,1,4,sophisticated,,4,2
7570,64,male,asian,JP,JP,2,3,sophisticated,,1,1
7571,73,male,asian,JP,JP,12,4,sophisticated,,1,1
7572,61,male,hispanic/latino,JP,JP,5,5,sophisticated,,3,1
7573,52,female,asian,JP,JP,1,4,sophisticated,,2,1
7574,59,male,asian,JP,JP,1,2,sophisticated,,4,1
7575,49,female,asian,JP,JP,1,5,sophisticated,,3,1
7576,38,female,asian,JP,JP,3,5,sophisticated,,1,1
7577,27,female,asian,JP,JP,3,2,sophisticated,,2,1
7578,47,male,asian,JP,JP,12,4,sophisticated,,3,1
7579,29,female,white,JP,JP,1,2,sophisticated,,2,2
7580,46,female,asian,JP,JP,6,5,sophisticated,,2,2
7581,47,male,asian,JP,JP,3,5,sophisticated,,3,1
7582,59,male,asian,JP,JP,12,3,sophisticated,,3,1
7583,57,male,asian,JP,JP,2,2,sophisticated,,3,1
7584,75,male,asian,JP,JP,5,5,sophisticated,,3,2
7585,53,male,asian,JP,JP,12,2,sophisticated,,4,2
7586,75,female,asian,JP,JP,1,5,sophisticated,,5,2
7587,71,male,asian,JP,JP,1,2,sophisticated,,2,1
7588,50,female,asian,JP,JP,4,3,sophisticated,,5,2
7589,,female,asian,JP,JP,5,4,sophisticated,,5,2
7590,73,male,asian,JP,JP,1,2,sophisticated,,2,1
7591,32,female,asian,JP,JP,1,4,sophisticated,,5,2
7592,70,female,asian,JP,JP,1,4,sophisticated,,3,2
7593,,prefer not to answer,prefer not to answer,prefer not to answer,prefer not to answer,12,9,sophisticated,,5,3
7594,39,female,asian,JP,JP,3,2,sophisticated,,5,2
7595,72,female,asian,JP,JP,1,2,sophisticated,,3,2
7596,53,female,asian,JP,JP,1,3,sophisticated,,1,2
7597,74,male,asian,JP,JP,3,5,sophisticated,,2,1
7598,75,male,asian,JP,JP,2,2,sophisticated,,4,1
7599,54,male,asian,JP,JP,1,2,sophisticated,,2,2
7600,55,male,asian,JP,JP,6,5,sophisticated,,2,1
7601,65,female,asian,JP,JP,12,5,sophisticated,,3,1
7602,71,female,asian,JP,JP,1,5,sophisticated,,5,2
7603,53,female,asian,JP,JP,1,2,sophisticated,,4,2
7604,37,male,asian,JP,JP,1,5,sophisticated,,5,2
7605,63,male,asian,JP,JP,1,2,sophisticated,,2,2
7606,56,male,asian,JP,JP,1,3,sophisticated,,1,1
7607,52,female,asian,JP,JP,1,2,sophisticated,,5,1
7608,53,male,asian,JP,JP,7,5,sophisticated,,2,1
7609,34,female,asian,JP,JP,1,5,sophisticated,,2,1
7610,68,female,asian,JP,JP,5,5,sophisticated,,1,2
7611,51,male,asian,JP,JP,12,3,sophisticated,,4,2
7612,57,male,asian,JP,JP,11,2,sophisticated,,1,1
7613,63,male,asian,JP,JP,1,5,sophisticated,,1,1
7614,66,male,other,JP,JP,4,5,sophisticated,,4,1
7615,71,female,asian,JP,JP,1,5,sophisticated,,4,2
7616,58,male,asian,JP,JP,1,5,sophisticated,,2,1
7617,66,male,asian,JP,JP,1,5,sophisticated,,2,1
7618,61,female,asian,JP,JP,4,5,sophisticated,,2,1
7619,65,male,asian,JP,JP,1,5,sophisticated,,3,2
7620,74,male,asian,JP,JP,5,3,sophisticated,,1,1
7621,59,male,asian,JP,JP,12,5,sophisticated,,2,1
7622,52,female,asian,JP,JP,1,5,sophisticated,,5,2
7623,51,female,asian,JP,JP,1,5,sophisticated,,3,2
7624,57,male,asian,JP,JP,1,5,sophisticated,,4,1
7625,64,female,asian,JP,JP,1,5,sophisticated,,2,1
7626,65,male,asian,JP,JP,3,2,sophisticated,,3,1
7627,66,male,asian,JP,JP,5,5,sophisticated,,3,1
7628,50,male,asian,JP,JP,4,2,sophisticated,,3,1
7629,77,male,asian,JP,JP,2,5,sophisticated,,3,2
7630,58,male,asian,JP,JP,10,6,sophisticated,,2,1
7631,41,female,asian,JP,JP,1,5,sophisticated,,5,2
7632,66,male,asian,JP,JP,5,5,sophisticated,,3,1
7633,57,female,asian,JP,JP,1,4,sophisticated,,4,2
7634,69,female,asian,JP,JP,1,2,sophisticated,,5,2
7635,67,female,asian,JP,JP,1,2,sophisticated,,4,2
7636,37,female,asian,JP,JP,1,3,sophisticated,,3,2
7637,65,female,asian,JP,JP,1,5,sophisticated,,3,2
7638,57,male,asian,JP,JP,8,5,sophisticated,,2,1
7639,39,male,asian,JP,JP,1,2,sophisticated,,3,2
7640,65,female,asian,JP,JP,1,2,sophisticated,,3,1
7641,44,female,asian,JP,JP,1,5,sophisticated,,5,2
7642,47,female,asian,JP,JP,3,3,sophisticated,,5,2
7643,67,male,asian,JP,JP,12,5,sophisticated,,1,1
7644,62,male,asian,JP,JP,12,5,sophisticated,,5,1
7645,43,female,asian,JP,JP,1,2,sophisticated,,1,1
7646,42,male,asian,JP,JP,12,2,sophisticated,,5,1
7647,69,male,asian,JP,JP,1,5,sophisticated,,3,1
7648,51,male,asian,JP,JP,8,5,sophisticated,,1,1
7649,47,female,asian,JP,JP,1,4,sophisticated,,5,2
7650,65,female,asian,JP,JP,2,5,sophisticated,,3,1
7651,60,male,asian,JP,JP,2,5,sophisticated,,4,1
7652,75,male,asian,JP,JP,1,2,sophisticated,,3,1
7653,38,female,asian,JP,JP,1,5,sophisticated,,4,1
7654,44,male,asian,JP,JP,7,5,sophisticated,,3,3
7655,63,male,asian,JP,JP,1,2,sophisticated,,5,2
7656,53,female,asian,JP,JP,3,5,sophisticated,,4,2
7657,56,male,asian,JP,JP,6,5,sophisticated,,1,1
7658,45,male,asian,JP,JP,9,5,sophisticated,,1,1
7659,70,male,asian,JP,JP,2,5,sophisticated,,4,1
7660,39,female,asian,JP,JP,1,2,sophisticated,,5,2
7661,70,female,asian,JP,JP,1,4,sophisticated,,4,2
7662,25,male,asian,JP,JP,1,3,sophisticated,,5,2
7663,67,male,asian,JP,JP,12,5,sophisticated,,4,1
7664,,female,asian,JP,JP,12,2,sophisticated,,3,2
7665,61,male,asian,JP,JP,7,5,sophisticated,,2,2
7666,74,male,asian,JP,JP,1,5,sophisticated,,3,1
7667,23,male,asian,JP,JP,1,5,sophisticated,,2,2
7668,64,female,asian,JP,JP,1,2,sophisticated,,4,1
7669,74,male,asian,JP,JP,2,5,sophisticated,,2,1
7670,57,male,asian,JP,JP,4,5,sophisticated,,4,1
7671,75,male,asian,JP,JP,11,5,sophisticated,,3,1
7672,47,male,asian,JP,JP,1,2,sophisticated,,5,2
7673,39,female,asian,JP,JP,1,6,sophisticated,,5,2
7674,42,female,asian,JP,JP,1,2,sophisticated,,5,2
7675,56,male,asian,JP,JP,12,3,sophisticated,,2,1
7676,55,male,asian,JP,JP,1,5,sophisticated,,3,2
7677,63,female,asian,JP,JP,2,5,sophisticated,,2,2
7678,70,female,asian,JP,JP,1,4,sophisticated,,3,2
7679,71,male,asian,JP,JP,12,5,sophisticated,,4,2
7680,72,male,asian,JP,JP,12,5,sophisticated,,3,1
7681,77,female,asian,JP,JP,1,4,sophisticated,,4,1
7682,52,female,asian,JP,JP,2,3,sophisticated,,3,1
7683,46,male,asian,JP,JP,8,5,sophisticated,,5,1
7684,66,male,asian,JP,JP,6,5,sophisticated,,1,1
7685,47,male,asian,JP,JP,4,2,sophisticated,,5,2
7686,65,male,asian,JP,JP,10,6,sophisticated,,2,1
7687,61,male,asian,JP,JP,2,5,sophisticated,,3,1
7688,59,female,asian,JP,JP,4,2,sophisticated,,4,2
7689,39,female,asian,JP,JP,4,5,sophisticated,,2,1
7690,36,male,asian,JP,JP,5,2,sophisticated,,1,1
7691,53,male,asian,JP,JP,8,5,sophisticated,,3,1
7692,26,female,asian,JP,JP,5,5,sophisticated,,4,2
7693,53,female,asian,JP,JP,1,5,sophisticated,,5,2
7694,59,male,asian,JP,JP,3,2,sophisticated,,1,1
7695,28,female,asian,JP,JP,1,3,sophisticated,,4,2
7696,68,male,asian,JP,JP,6,3,sophisticated,,2,1
7697,76,female,asian,JP,JP,1,2,sophisticated,,5,1
7698,63,female,asian,JP,JP,1,2,sophisticated,,5,3
7699,64,male,asian,JP,JP,2,2,sophisticated,,1,1
7700,62,female,asian,JP,JP,1,4,sophisticated,,1,1
7701,50,male,asian,JP,JP,8,5,sophisticated,,2,2
7702,35,female,asian,JP,JP,4,5,sophisticated,,5,2
7703,35,male,asian,JP,JP,3,5,sophisticated,,1,1
7704,46,male,asian,JP,JP,1,2,sophisticated,,4,2
7705,66,female,asian,JP,JP,1,4,sophisticated,,5,2
7706,69,male,asian,JP,JP,7,5,sophisticated,,2,1
7707,68,male,asian,JP,JP,2,5,sophisticated,,2,1
7708,70,male,asian,JP,JP,4,5,sophisticated,,1,1
7709,49,male,asian,JP,JP,4,5,sophisticated,,4,2
7710,75,male,asian,JP,JP,4,3,sophisticated,,4,1
7711,55,male,asian,JP,JP,9,5,sophisticated,,2,1
7712,41,male,asian,JP,JP,6,5,sophisticated,,5,2
7713,63,male,asian,JP,JP,9,6,sophisticated,,2,1
7714,48,male,asian,JP,JP,5,5,sophisticated,,4,2
7715,39,female,asian,JP,JP,1,3,sophisticated,,4,1
7716,49,female,asian,JP,JP,1,3,sophisticated,,4,2
7717,54,male,asian,JP,JP,12,9,sophisticated,,5,2
7718,73,female,asian,JP,JP,2,5,sophisticated,,1,1
7719,38,female,white,JP,JP,1,5,sophisticated,,5,2
7720,53,male,asian,JP,JP,6,3,sophisticated,,1,1
7721,62,female,asian,JP,JP,3,4,sophisticated,,4,1
7722,66,male,asian,JP,JP,1,2,sophisticated,,2,2
7723,54,female,asian,JP,JP,12,4,sophisticated,,5,2
7724,32,female,prefer not to answer,JP,JP,1,2,sophisticated,,5,2
7725,62,female,asian,JP,JP,1,2,sophisticated,,2,1
7726,48,male,asian,JP,JP,7,5,sophisticated,,2,1
7727,54,male,asian,JP,JP,1,2,sophisticated,,3,2
7728,64,male,asian,JP,JP,12,5,sophisticated,,1,1
7729,36,female,asian,JP,JP,2,5,sophisticated,,3,2
7730,64,female,asian,JP,JP,1,4,sophisticated,,3,1
7731,51,male,asian,JP,JP,8,3,sophisticated,,2,1
7732,43,male,asian,JP,JP,1,5,sophisticated,,4,2
7733,46,male,asian,JP,JP,2,5,sophisticated,,4,1
7734,56,male,asian,JP,JP,8,5,sophisticated,,2,1
7735,37,male,asian,JP,JP,1,2,sophisticated,,5,2
7736,73,male,asian,JP,JP,2,2,sophisticated,,2,1
7737,28,female,asian,JP,JP,4,5,sophisticated,,4,2
7738,50,female,asian,JP,JP,12,9,sophisticated,,5,2
7739,60,male,asian,JP,JP,4,2,sophisticated,,3,1
7740,75,male,asian,JP,JP,12,5,sophisticated,,2,1
7741,49,male,asian,JP,JP,8,5,sophisticated,,4,1
7742,60,male,asian,JP,JP,4,5,sophisticated,,5,1
7743,64,female,asian,JP,JP,1,2,sophisticated,,2,1
7744,67,male,asian,JP,JP,4,5,sophisticated,,2,1
7745,76,male,asian,JP,JP,2,5,sophisticated,,1,1
7746,55,female,asian,JP,JP,1,3,sophisticated,,1,1
7747,33,male,asian,JP,JP,4,5,sophisticated,,4,2
7748,50,male,asian,JP,JP,5,5,sophisticated,,2,1
7749,43,male,asian,JP,JP,2,3,sophisticated,,2,1
7750,63,male,asian,JP,JP,8,5,sophisticated,,2,1
7751,57,female,asian,JP,JP,4,2,sophisticated,,2,1
7752,63,male,asian,JP,JP,1,2,sophisticated,,4,2
7753,48,male,asian,JP,JP,7,2,sophisticated,,1,1
7754,75,female,asian,JP,JP,1,5,sophisticated,,4,2
7755,33,male,asian,JP,JP,1,5,sophisticated,,5,2
7756,68,male,asian,JP,JP,12,6,sophisticated,,4,1
7757,48,male,asian,JP,JP,3,2,sophisticated,,5,1
7758,66,male,asian,JP,JP,2,2,sophisticated,,1,2
7759,56,male,asian,JP,JP,8,3,sophisticated,,2,1
7760,55,male,asian,JP,JP,6,5,sophisticated,,4,1
7761,68,male,asian,JP,JP,2,5,sophisticated,,2,1
7762,55,female,asian,JP,JP,3,4,sophisticated,,5,2
7763,60,male,asian,JP,JP,7,5,sophisticated,,3,1
7764,51,female,asian,JP,JP,1,2,sophisticated,,4,1
7765,73,male,asian,JP,JP,12,2,sophisticated,,2,1
7766,57,male,asian,JP,JP,4,5,sophisticated,,4,2
7767,72,female,asian,JP,JP,2,4,sophisticated,,5,2
7768,40,female,asian,JP,JP,1,5,sophisticated,,3,1
7769,43,male,asian,JP,JP,2,5,sophisticated,,3,1
7770,44,female,asian,JP,JP,2,3,sophisticated,,2,1
7771,69,male,asian,JP,JP,2,5,sophisticated,,2,1
7772,77,male,asian,JP,JP,3,8,sophisticated,,1,1
7773,48,female,asian,JP,JP,3,4,sophisticated,,3,2
7774,58,male,asian,JP,JP,9,5,sophisticated,,1,1
7775,37,female,asian,JP,JP,3,5,sophisticated,,4,2
7776,59,female,asian,JP,JP,1,2,sophisticated,,4,1
7777,41,female,asian,JP,JP,3,2,sophisticated,,2,1
7778,59,male,asian,JP,JP,5,5,sophisticated,,1,1
7779,58,male,asian,JP,JP,1,2,sophisticated,,5,2
7780,43,male,asian,JP,JP,2,2,sophisticated,,2,1
7781,35,male,asian,JP,JP,4,5,sophisticated,,5,1
7782,53,male,asian,JP,JP,5,5,sophisticated,,1,1
7783,31,male,asian,JP,JP,6,3,sophisticated,,4,1
7784,63,male,asian,JP,JP,8,5,sophisticated,,1,1
7785,55,male,asian,JP,JP,5,5,sophisticated,,4,2
7786,51,male,asian,JP,JP,8,2,sophisticated,,4,1
7787,50,male,asian,JP,JP,5,5,sophisticated,,2,1
7788,35,male,asian,JP,JP,4,5,sophisticated,,3,1
7789,66,male,asian,JP,JP,1,2,sophisticated,,3,1
7790,76,male,asian,JP,JP,2,6,sophisticated,,2,1
7791,65,male,asian,JP,JP,12,2,sophisticated,,2,1
7792,26,male,asian,JP,JP,1,2,sophisticated,,4,2
7793,52,male,asian,JP,JP,5,5,sophisticated,,1,1
7794,59,male,asian,JP,JP,5,5,sophisticated,,1,1
7795,37,male,asian,JP,JP,8,5,sophisticated,,1,1
7796,52,male,asian,JP,JP,8,5,sophisticated,,2,1
7797,59,female,asian,JP,JP,1,4,sophisticated,,2,1
7798,72,male,asian,JP,JP,3,2,sophisticated,,1,1
7799,68,male,asian,JP,JP,2,2,sophisticated,,4,1
7800,59,male,asian,JP,JP,7,2,sophisticated,,2,1
7801,46,female,asian,JP,JP,8,6,sophisticated,,1,1
7802,70,male,asian,JP,JP,5,5,sophisticated,,4,1
7803,50,female,asian,JP,JP,1,2,sophisticated,,5,2
7804,71,male,asian,JP,JP,3,5,sophisticated,,2,1
7805,58,female,asian,JP,JP,1,2,sophisticated,,2,1
7806,68,male,asian,JP,JP,6,2,sophisticated,,3,1
7807,52,female,asian,JP,JP,12,5,sophisticated,,4,2
7808,76,male,asian,JP,JP,2,3,sophisticated,,2,1
7809,64,male,asian,JP,JP,1,5,sophisticated,,5,2
7810,40,male,asian,JP,JP,9,2,sophisticated,,3,2
7811,,male,asian,JP,JP,2,2,sophisticated,,5,1
7812,63,female,asian,JP,JP,1,4,sophisticated,,3,1
7813,47,female,asian,JP,JP,12,2,sophisticated,,3,2
7814,40,male,asian,JP,JP,5,6,sophisticated,,5,2
7815,58,female,asian,JP,JP,1,4,sophisticated,,2,1
7816,63,female,asian,JP,JP,1,4,sophisticated,,4,2
7817,48,female,asian,JP,JP,5,5,sophisticated,,5,1
7818,53,male,asian,JP,JP,8,5,sophisticated,,2,1
7819,52,female,asian,JP,JP,4,5,sophisticated,,1,1
7820,43,male,asian,JP,JP,12,2,sophisticated,,5,2
7821,69,male,asian,JP,JP,2,6,sophisticated,,4,2
7822,58,male,asian,JP,JP,9,7,sophisticated,,2,1
7823,39,male,asian,JP,JP,12,2,sophisticated,,5,1
7824,51,female,asian,JP,JP,1,2,sophisticated,,2,2
7825,50,male,asian,JP,JP,1,5,sophisticated,,2,1
7826,44,male,asian,JP,JP,3,5,sophisticated,,3,1
7827,45,male,asian,JP,JP,9,6,sophisticated,,1,1
7828,73,male,asian,JP,JP,2,5,sophisticated,,3,2
7829,60,male,asian,JP,JP,2,3,sophisticated,,1,1
7830,31,female,prefer not to answer,JP,JP,4,2,sophisticated,,5,1
7831,68,male,asian,JP,JP,3,2,sophisticated,,2,1
7832,42,male,asian,JP,JP,3,2,sophisticated,,2,1
7833,77,male,asian,JP,JP,5,5,sophisticated,,1,1
7834,34,male,asian,JP,JP,12,9,sophisticated,,4,3
7835,39,male,other,JP,JP,6,5,sophisticated,,5,1
7836,62,female,asian,JP,JP,3,5,sophisticated,,5,2
7837,53,male,asian,JP,JP,6,3,sophisticated,,1,1
7838,60,male,asian,JP,JP,1,2,sophisticated,,5,2
7839,60,male,asian,JP,JP,9,5,sophisticated,,3,2
7840,58,male,asian,JP,JP,9,2,sophisticated,,1,2
7841,60,male,prefer not to answer,JP,prefer not to answer,12,9,sophisticated,,5,2
7842,31,female,asian,JP,JP,6,5,sophisticated,,4,2
7843,35,female,asian,JP,JP,4,5,sophisticated,,2,2
7844,68,female,asian,JP,JP,2,4,sophisticated,,5,2
7845,55,female,asian,JP,JP,1,4,sophisticated,,2,1
7846,57,female,asian,JP,JP,1,4,sophisticated,,2,1
7847,42,female,asian,JP,JP,1,2,sophisticated,,4,1
7848,57,male,asian,JP,JP,12,2,sophisticated,,2,1
7849,47,female,asian,JP,JP,4,3,sophisticated,,3,2
7850,54,male,asian,JP,JP,2,3,sophisticated,,4,1
7851,43,male,asian,JP,JP,3,1,sophisticated,,2,2
7852,41,female,asian,JP,JP,1,3,sophisticated,,5,2
7853,68,male,asian,JP,JP,4,5,sophisticated,,3,1
7854,61,male,asian,JP,JP,4,6,sophisticated,,4,1
7855,37,male,asian,JP,JP,1,5,sophisticated,,2,2
7856,56,male,asian,JP,JP,9,5,sophisticated,,2,1
7857,33,male,asian,JP,JP,9,7,sophisticated,,1,1
7858,65,male,asian,JP,JP,12,5,sophisticated,,3,2
7859,40,male,asian,JP,JP,4,2,sophisticated,,4,1
7860,63,male,asian,JP,JP,3,5,sophisticated,,2,1
7861,64,female,asian,JP,JP,1,2,sophisticated,,4,2
7862,54,male,asian,JP,JP,9,5,sophisticated,,3,1
7863,75,male,asian,JP,JP,12,5,sophisticated,,2,1
7864,53,male,asian,JP,JP,9,5,sophisticated,,4,1
7865,42,female,asian,JP,JP,4,6,sophisticated,,2,2
7866,61,female,other,JP,JP,4,4,sophisticated,,3,1
7867,42,female,asian,JP,JP,1,3,sophisticated,,3,1
7868,51,male,asian,JP,JP,7,6,sophisticated,,1,1
7869,60,male,asian,JP,JP,8,5,sophisticated,,2,1
7870,57,female,asian,JP,JP,3,3,sophisticated,,3,2
7871,64,female,asian,JP,JP,1,4,sophisticated,,2,1
7872,78,male,asian,JP,JP,4,5,sophisticated,,2,1
7873,61,male,asian,JP,JP,6,5,sophisticated,,1,1
7874,48,female,asian,JP,JP,1,2,sophisticated,,4,2
7875,65,male,asian,JP,JP,1,5,sophisticated,,2,1
7876,46,male,asian,JP,JP,4,2,sophisticated,,1,2
7877,73,male,asian,JP,JP,1,5,sophisticated,,2,1
7878,74,male,asian,JP,JP,1,4,sophisticated,,1,1
7879,65,female,asian,JP,JP,1,4,sophisticated,,4,1
7880,63,female,asian,JP,JP,1,5,sophisticated,,3,1
7881,47,male,asian,JP,JP,3,3,sophisticated,,5,2
7882,39,female,asian,JP,JP,5,3,sophisticated,,3,1
7883,57,male,asian,JP,JP,4,2,sophisticated,,3,1
7884,69,male,asian,JP,JP,1,4,sophisticated,,3,1
7885,76,male,asian,JP,JP,3,5,sophisticated,,2,1
7886,74,male,asian,JP,JP,4,5,sophisticated,,2,1
7887,47,male,other,JP,JP,4,1,sophisticated,,2,1
7888,27,female,asian,JP,JP,1,5,sophisticated,,4,2
7889,43,male,asian,JP,JP,1,5,sophisticated,,4,1
7890,54,female,white,JP,JP,1,3,sophisticated,,2,2
7891,62,female,asian,JP,JP,2,6,sophisticated,,1,1
7892,53,female,asian,JP,JP,1,1,sophisticated,,2,1
7893,,female,asian,JP,JP,12,3,sophisticated,,5,2
7894,56,male,asian,JP,JP,8,5,sophisticated,,3,2
7895,70,female,asian,JP,JP,1,2,sophisticated,,3,1
7896,77,male,asian,JP,JP,2,5,sophisticated,,2,1
7897,40,male,asian,JP,JP,6,5,sophisticated,,3,2
7898,59,female,asian,JP,JP,2,4,sophisticated,,4,1
7899,59,male,asian,JP,JP,2,5,sophisticated,,2,1
7900,49,male,white,JP,JP,5,2,sophisticated,,1,1
7901,48,female,asian,JP,JP,11,5,sophisticated,,3,2
7902,51,male,asian,JP,JP,12,5,sophisticated,,1,1
7903,44,male,asian,JP,JP,5,3,sophisticated,,2,3
7904,50,male,asian,JP,JP,3,4,sophisticated,,2,1
7905,50,female,asian,JP,JP,8,5,sophisticated,,2,2
7906,66,female,asian,JP,JP,1,4,sophisticated,,2,1
7907,64,female,asian,JP,JP,1,2,sophisticated,,3,2
7908,78,male,asian,JP,JP,3,5,sophisticated,,2,1
7909,53,male,asian,JP,JP,4,5,sophisticated,,2,1
7910,77,male,asian,JP,JP,12,3,sophisticated,,2,1
7911,73,male,asian,JP,JP,2,5,sophisticated,,2,1
7912,,male,asian,JP,JP,6,3,sophisticated,,4,1
7913,42,male,asian,JP,JP,4,5,sophisticated,,1,1
7914,59,male,asian,JP,JP,9,5,sophisticated,,2,1
7915,28,male,asian,JP,JP,6,2,sophisticated,,2,1
7916,41,male,asian,JP,JP,4,5,sophisticated,,2,1
7917,55,female,asian,JP,JP,1,2,sophisticated,,3,1
7918,45,female,asian,JP,JP,5,5,sophisticated,,1,1
7919,59,female,asian,JP,JP,12,5,sophisticated,,5,2
7920,32,male,asian,JP,JP,4,3,sophisticated,,5,1
7921,52,female,asian,JP,JP,1,5,sophisticated,,4,2
7922,69,male,asian,JP,JP,1,5,sophisticated,,4,2
7923,60,female,asian,JP,JP,12,2,sophisticated,,5,2
7924,,male,asian,JP,JP,12,9,sophisticated,,3,3
7925,26,male,asian,JP,JP,1,6,sophisticated,,2,1
7926,39,male,asian,JP,JP,12,5,sophisticated,,3,1
7927,51,male,asian,JP,JP,5,5,sophisticated,,2,1
7928,56,male,asian,JP,JP,7,2,sophisticated,,2,1
7929,59,female,asian,JP,JP,12,4,sophisticated,,3,2
7930,76,male,asian,JP,JP,7,5,sophisticated,,4,2
7931,65,male,asian,JP,JP,3,5,sophisticated,,1,1
7932,44,male,asian,JP,JP,5,5,sophisticated,,5,2
7933,21,female,asian,JP,JP,12,5,sophisticated,,4,2
7934,54,male,asian,JP,JP,1,2,sophisticated,,2,1
7935,56,male,asian,JP,JP,1,4,sophisticated,,3,1
7936,65,male,asian,JP,JP,1,2,sophisticated,,2,1
7937,65,female,other,JP,JP,1,5,sophisticated,,4,2
7938,73,male,asian,JP,JP,3,4,sophisticated,,4,2
7939,58,male,asian,JP,JP,8,5,sophisticated,,1,1
7940,64,male,asian,JP,JP,6,2,sophisticated,,3,2
7941,44,male,prefer not to answer,JP,JP,12,6,sophisticated,,4,1
7942,81,male,asian,JP,JP,2,2,sophisticated,,3,1
7943,50,male,asian,JP,JP,5,5,sophisticated,,5,1
7944,53,male,asian,JP,JP,3,5,sophisticated,,2,1
7945,45,male,asian,JP,JP,4,3,sophisticated,,4,2
7946,50,male,asian,JP,JP,4,5,sophisticated,,1,1
7947,54,male,asian,JP,JP,7,5,sophisticated,,2,1
7948,54,male,asian,JP,JP,2,2,sophisticated,,1,1
7949,68,male,asian,JP,JP,2,2,sophisticated,,5,2
7950,59,male,asian,JP,JP,3,2,sophisticated,,2,1
7951,43,female,asian,JP,JP,3,5,sophisticated,,5,2
7952,77,male,asian,JP,JP,1,2,sophisticated,,4,2
7953,79,male,asian,JP,JP,2,2,sophisticated,,2,1
7954,65,female,asian,JP,JP,1,5,sophisticated,,3,2
7955,52,male,asian,JP,JP,6,2,sophisticated,,2,1
7956,65,male,asian,JP,JP,11,7,sophisticated,,1,1
7957,78,male,asian,JP,JP,11,6,sophisticated,,5,2
7958,51,female,asian,JP,JP,1,4,sophisticated,,5,2
7959,71,male,other,JP,JP,12,2,sophisticated,,4,1
7960,56,male,white,JP,JP,8,2,sophisticated,,2,1
7961,55,female,asian,JP,JP,12,3,sophisticated,,5,2
7962,42,female,asian,JP,JP,5,4,sophisticated,,3,2
7963,70,male,asian,JP,JP,3,5,sophisticated,,2,1
7964,32,female,asian,JP,JP,1,2,sophisticated,,4,1
7965,55,male,asian,JP,JP,7,5,sophisticated,,2,1
7966,38,male,asian,JP,JP,7,6,sophisticated,,2,1
7967,36,male,asian,JP,JP,4,2,sophisticated,,5,2
7968,53,female,asian,JP,JP,12,5,sophisticated,,1,1
7969,36,female,asian,JP,JP,2,4,sophisticated,,1,1
7970,53,male,asian,JP,JP,5,5,sophisticated,,3,1
7971,64,female,asian,JP,JP,1,4,sophisticated,,4,1
7972,52,male,asian,JP,JP,8,5,sophisticated,,5,1
7973,53,female,asian,JP,JP,4,5,sophisticated,,3,1
7974,47,female,asian,JP,JP,1,4,sophisticated,,3,2
7975,81,male,asian,JP,JP,12,5,sophisticated,,2,1
7976,59,male,asian,JP,JP,8,5,sophisticated,,2,1
7977,67,male,asian,JP,JP,3,5,sophisticated,,5,1
7978,64,female,asian,JP,JP,1,2,sophisticated,,5,2
7979,55,female,asian,JP,JP,1,5,sophisticated,,2,1
7980,71,male,asian,JP,JP,1,5,sophisticated,,2,1
7981,45,female,asian,JP,JP,1,5,sophisticated,,4,2
7982,56,male,asian,JP,JP,7,5,sophisticated,,5,2
7983,72,male,asian,JP,JP,3,2,sophisticated,,2,1
7984,53,male,asian,JP,JP,8,4,sophisticated,,2,1
7985,24,female,asian,JP,JP,2,5,sophisticated,,5,2
7986,84,male,asian,JP,JP,4,2,sophisticated,,4,1
7987,,male,asian,JP,JP,12,9,sophisticated,,3,1
7988,60,male,asian,JP,JP,12,5,sophisticated,,4,1
7989,50,male,asian,JP,JP,5,4,sophisticated,,3,1
7990,37,female,asian,JP,JP,1,4,sophisticated,,4,2
7991,50,male,asian,JP,JP,3,3,sophisticated,,1,1
7992,49,female,asian,JP,JP,1,4,sophisticated,,2,1
7993,63,male,asian,JP,JP,2,5,sophisticated,,2,1
7994,65,male,asian,JP,JP,2,6,sophisticated,,1,1
7995,54,male,asian,JP,JP,1,3,sophisticated,,1,1
7996,53,female,asian,JP,JP,8,6,sophisticated,,1,1
7997,26,female,asian,JP,JP,1,2,sophisticated,,2,2
7998,52,female,asian,JP,JP,1,4,sophisticated,,5,2
7999,66,male,asian,JP,JP,1,5,sophisticated,,1,1
8000,78,male,asian,JP,JP,12,7,luxurious,,2,1
8001,49,male,asian,JP,JP,9,3,luxurious,,1,1
8002,43,male,asian,JP,JP,12,5,luxurious,,2,1
8003,52,male,asian,JP,JP,12,5,luxurious,,3,1
8004,49,female,asian,JP,JP,6,5,luxurious,,1,1
8005,73,male,asian,JP,JP,8,5,luxurious,,2,1
8006,53,male,asian,JP,JP,6,2,luxurious,,3,2
8007,31,male,asian,JP,JP,6,6,luxurious,,5,2
8008,31,other,asian,JP,JP,6,5,luxurious,,4,2
8009,37,male,asian,JP,JP,5,3,luxurious,,2,1
8010,65,male,asian,JP,JP,3,5,luxurious,,5,1
8011,53,female,asian,JP,JP,2,5,luxurious,,2,2
8012,70,male,asian,JP,JP,12,1,luxurious,,2,1
8013,60,female,other,JP,JP,4,4,luxurious,,3,1
8014,61,male,asian,JP,JP,12,5,luxurious,,3,1
8015,54,female,asian,JP,JP,3,4,luxurious,,4,2
8016,57,male,asian,JP,JP,1,2,luxurious,,1,1
8017,66,female,asian,JP,JP,1,5,luxurious,,5,2
8018,46,male,asian,JP,JP,7,7,luxurious,,2,2
8019,61,male,asian,JP,JP,4,2,luxurious,,1,1
8020,54,male,asian,JP,JP,12,3,luxurious,,3,1
8021,,female,prefer not to answer,JP,JP,12,4,luxurious,,4,1
8022,57,male,asian,JP,JP,1,3,luxurious,,1,1
8023,62,male,asian,JP,JP,1,2,luxurious,,5,2
8024,40,male,asian,JP,JP,12,5,luxurious,,3,1
8025,38,male,asian,JP,JP,2,3,luxurious,,5,1
8026,54,female,asian,JP,JP,1,2,luxurious,,5,2
8027,40,male,asian,JP,JP,2,1,luxurious,,2,2
8028,59,male,asian,JP,JP,9,5,luxurious,,1,1
8029,58,male,asian,JP,JP,12,3,luxurious,,3,1
8030,67,male,asian,JP,JP,3,5,luxurious,,2,1
8031,52,male,asian,JP,JP,4,3,luxurious,,2,2
8032,52,female,asian,JP,JP,12,2,luxurious,,5,2
8033,39,male,asian,JP,JP,9,5,luxurious,,3,1
8034,48,male,asian,JP,JP,4,2,luxurious,,2,1
8035,63,male,asian,JP,JP,2,5,luxurious,,2,1
8036,43,female,asian,JP,JP,1,2,luxurious,,5,2
8037,51,male,asian,JP,JP,4,3,luxurious,,5,2
8038,42,male,asian,JP,JP,12,3,luxurious,,2,1
8039,53,male,asian,JP,JP,3,3,luxurious,,3,2
8040,62,female,asian,JP,JP,2,2,luxurious,,4,2
8041,51,female,asian,JP,JP,8,5,luxurious,,5,2
8042,56,male,asian,JP,JP,6,5,luxurious,,3,1
8043,75,male,other,JP,JP,2,5,luxurious,,5,1
8044,29,female,asian,JP,JP,4,5,luxurious,,1,2
8045,75,male,asian,JP,JP,1,5,luxurious,,5,2
8046,39,male,asian,JP,JP,5,6,luxurious,,2,2
8047,37,female,asian,JP,JP,12,2,luxurious,,4,1
8048,41,female,asian,JP,JP,1,4,luxurious,,2,1
8049,63,female,asian,JP,JP,2,4,luxurious,,1,1
8050,56,female,asian,JP,JP,4,3,luxurious,,5,1
8051,,female,asian,JP,JP,12,5,luxurious,,5,1
8052,38,male,asian,JP,JP,4,2,luxurious,,1,1
8053,50,male,asian,JP,JP,3,2,luxurious,,3,2
8054,69,male,asian,JP,JP,2,2,luxurious,,3,1
8055,34,female,asian,JP,JP,1,5,luxurious,,4,2
8056,73,male,asian,JP,JP,2,2,luxurious,,3,2
8057,57,male,asian,JP,JP,5,5,luxurious,,1,1
8058,52,male,asian,JP,JP,2,2,luxurious,,5,2
8059,34,male,asian,JP,JP,7,2,luxurious,,2,1
8060,49,male,asian,JP,JP,4,5,luxurious,,1,1
8061,67,male,asian,JP,JP,1,2,luxurious,,4,1
8062,41,female,asian,JP,JP,6,2,luxurious,,2,1
8063,64,male,asian,JP,JP,3,5,luxurious,,2,1
8064,43,female,asian,JP,JP,1,9,luxurious,,4,2
8065,63,male,prefer not to answer,JP,JP,3,5,luxurious,,3,1
8066,44,male,white,JP,JP,1,3,luxurious,,5,2
8067,71,male,asian,JP,JP,1,2,luxurious,,4,1
8068,61,male,asian,JP,JP,5,5,luxurious,,2,1
8069,54,female,white,JP,JP,12,3,luxurious,,3,1
8070,65,male,asian,JP,JP,4,2,luxurious,,2,2
8071,61,male,asian,JP,JP,4,5,luxurious,,5,1
8072,58,female,white,JP,JP,2,2,luxurious,,4,2
8073,66,male,asian,JP,JP,7,2,luxurious,,1,1
8074,60,male,asian,JP,JP,3,3,luxurious,,1,1
8075,39,female,white,JP,JP,2,2,luxurious,,5,2
8076,54,male,asian,JP,JP,8,3,luxurious,,2,1
8077,61,male,asian,JP,JP,5,3,luxurious,,2,1
8078,36,male,asian,JP,JP,4,5,luxurious,,5,1
8079,61,male,asian,JP,JP,8,5,luxurious,,2,1
8080,52,male,asian,JP,JP,7,5,luxurious,,5,1
8081,45,male,asian,JP,JP,9,5,luxurious,,3,1
8082,64,male,asian,JP,JP,9,5,luxurious,,4,2
8083,,male,asian,JP,JP,12,9,luxurious,,3,2
8084,73,male,asian,JP,JP,2,2,luxurious,,2,1
8085,19,male,asian,JP,JP,12,2,luxurious,,2,2
8086,48,female,asian,JP,JP,1,5,luxurious,,4,2
8087,50,female,asian,JP,JP,1,5,luxurious,,2,1
8088,57,male,other,JP,JP,4,2,luxurious,,2,1
8089,42,male,asian,JP,JP,1,2,luxurious,,5,2
8090,56,male,asian,JP,JP,6,2,luxurious,,1,1
8091,45,male,asian,JP,JP,4,5,luxurious,,1,1
8092,39,male,asian,JP,JP,5,5,luxurious,,3,2
8093,31,female,asian,JP,JP,12,5,luxurious,,2,2
8094,47,female,asian,JP,JP,1,4,luxurious,,2,1
8095,55,female,white,JP,JP,1,2,luxurious,,2,1
8096,84,male,asian,JP,JP,12,3,luxurious,,3,1
8097,48,male,asian,JP,JP,8,5,luxurious,,2,1
8098,68,male,asian,JP,JP,2,3,luxurious,,2,1
8099,71,male,asian,JP,JP,3,2,luxurious,,2,1
8100,65,female,asian,JP,JP,12,4,luxurious,,3,2
8101,42,male,asian,JP,JP,4,2,luxurious,,5,2
8102,47,male,asian,JP,JP,8,5,luxurious,,4,2
8103,55,male,asian,JP,JP,9,3,luxurious,,1,1
8104,53,female,asian,JP,JP,3,2,luxurious,,2,1
8105,68,female,asian,JP,JP,1,5,luxurious,,2,1
8106,60,female,asian,JP,JP,3,5,luxurious,,2,1
8107,55,male,hispanic/latino,JP,JP,4,2,luxurious,,1,1
8108,51,male,asian,JP,JP,7,5,luxurious,,2,1
8109,63,female,asian,JP,JP,12,2,luxurious,,5,2
8110,59,female,asian,JP,JP,1,5,luxurious,,5,2
8111,74,female,asian,JP,JP,2,4,luxurious,,5,2
8112,48,male,asian,JP,JP,3,5,luxurious,,5,2
8113,63,male,asian,JP,JP,8,5,luxurious,,1,1
8114,41,female,asian,JP,JP,3,5,luxurious,,1,1
8115,38,female,asian,JP,JP,5,3,luxurious,,2,1
8116,72,male,asian,JP,JP,1,2,luxurious,,2,1
8117,36,female,asian,JP,JP,5,5,luxurious,,5,2
8118,50,male,asian,JP,JP,1,2,luxurious,,5,2
8119,18,female,asian,JP,JP,1,2,luxurious,,1,2
8120,78,male,asian,JP,JP,3,2,luxurious,,1,1
8121,55,female,asian,JP,JP,1,2,luxurious,,2,2
8122,52,female,asian,JP,JP,12,5,luxurious,,1,1
8123,37,male,asian,JP,JP,4,5,luxurious,,2,1
8124,58,female,asian,JP,JP,1,2,luxurious,,5,2
8125,44,female,asian,JP,JP,1,4,luxurious,,1,1
8126,50,male,asian,JP,JP,9,5,luxurious,,5,2
8127,61,male,asian,JP,JP,3,5,luxurious,,5,1
8128,54,female,asian,JP,JP,1,5,luxurious,,4,1
8129,56,female,asian,JP,JP,1,4,luxurious,,4,1
8130,58,male,asian,JP,JP,6,2,luxurious,,1,1
8131,57,female,asian,JP,JP,12,2,luxurious,,3,2
8132,43,female,asian,JP,JP,1,4,luxurious,,4,2
8133,41,female,asian,JP,JP,6,7,luxurious,,2,1
8134,,female,prefer not to answer,prefer not to answer,prefer not to answer,2,9,luxurious,,5,3
8135,53,male,asian,JP,JP,5,5,luxurious,,2,1
8136,48,male,asian,JP,JP,1,2,luxurious,,3,2
8137,60,male,asian,JP,JP,2,5,luxurious,,4,2
8138,63,female,asian,JP,JP,3,5,luxurious,,3,2
8139,38,male,asian,JP,JP,1,5,luxurious,,4,1
8140,36,male,asian,JP,JP,3,5,luxurious,,2,2
8141,52,female,asian,JP,JP,2,4,luxurious,,3,1
8142,53,female,asian,JP,JP,1,2,luxurious,,3,2
8143,41,female,asian,JP,JP,2,5,luxurious,,4,1
8144,56,female,asian,JP,JP,1,2,luxurious,,3,1
8145,46,female,asian,JP,JP,3,4,luxurious,,2,1
8146,61,female,asian,JP,JP,1,5,luxurious,,5,2
8147,59,male,asian,JP,JP,12,9,luxurious,,2,1
8148,56,male,asian,JP,JP,2,5,luxurious,,5,2
8149,33,female,asian,JP,JP,3,5,luxurious,,5,2
8150,42,male,asian,JP,JP,9,7,luxurious,,2,1
8151,38,male,asian,JP,JP,9,5,luxurious,,3,1
8152,47,female,asian,JP,JP,2,2,luxurious,,1,1
8153,67,male,asian,JP,JP,4,5,luxurious,,2,1
8154,64,male,asian,JP,JP,9,6,luxurious,,1,1
8155,60,male,asian,JP,JP,12,2,luxurious,,2,1
8156,67,male,asian,JP,JP,2,5,luxurious,,4,1
8157,38,female,asian,JP,JP,12,3,luxurious,,2,2
8158,71,male,asian,JP,JP,4,5,luxurious,,3,1
8159,63,male,asian,JP,JP,9,5,luxurious,,2,1
8160,42,male,asian,JP,JP,1,2,luxurious,,3,2
8161,73,male,asian,JP,JP,1,2,luxurious,,3,1
8162,43,female,asian,JP,JP,1,5,luxurious,,3,1
8163,,female,asian,JP,JP,12,3,luxurious,,5,2
8164,36,female,asian,JP,JP,12,2,luxurious,,2,3
8165,61,male,asian,JP,JP,9,6,luxurious,,3,1
8166,70,male,asian,JP,JP,2,5,luxurious,,4,1
8167,62,female,asian,JP,JP,1,4,luxurious,,5,2
8168,71,male,asian,JP,JP,3,5,luxurious,,1,1
8169,47,male,asian,JP,JP,1,3,luxurious,,4,2
8170,57,male,asian,JP,JP,7,5,luxurious,,2,1
8171,56,male,asian,JP,JP,1,2,luxurious,,3,2
8172,62,male,asian,JP,JP,8,5,luxurious,,1,1
8173,46,female,asian,JP,JP,1,2,luxurious,,5,2
8174,55,female,asian,JP,JP,1,4,luxurious,,2,2
8175,37,male,asian,JP,JP,4,2,luxurious,,1,1
8176,66,female,asian,JP,JP,1,3,luxurious,,4,2
8177,49,male,asian,JP,JP,12,5,luxurious,,5,2
8178,,female,prefer not to answer,JP,JP,12,9,luxurious,,4,3
8179,68,male,asian,JP,JP,1,5,luxurious,,2,1
8180,67,female,asian,JP,JP,2,5,luxurious,,3,1
8181,47,male,asian,JP,JP,3,2,luxurious,,4,1
8182,34,female,asian,JP,JP,1,5,luxurious,,5,2
8183,67,male,asian,JP,JP,7,5,luxurious,,1,1
8184,67,male,asian,JP,JP,6,6,luxurious,,2,1
8185,69,female,asian,JP,JP,1,4,luxurious,,2,1
8186,45,male,asian,JP,JP,2,3,luxurious,,5,2
8187,48,male,asian,JP,JP,12,3,luxurious,,5,2
8188,64,male,white,JP,JP,9,5,luxurious,,3,1
8189,61,female,asian,JP,JP,12,2,luxurious,,5,2
8190,48,male,asian,JP,JP,3,5,luxurious,,2,1
8191,58,female,asian,JP,JP,1,5,luxurious,,3,2
8192,41,male,asian,JP,JP,1,5,luxurious,,3,1
8193,75,male,asian,JP,JP,11,7,luxurious,,4,1
8194,64,female,asian,JP,JP,1,4,luxurious,,2,1
8195,66,male,asian,JP,JP,4,5,luxurious,,2,1
8196,75,male,asian,JP,JP,2,2,luxurious,,2,1
8197,68,female,asian,JP,JP,1,3,luxurious,,4,2
8198,49,male,asian,JP,JP,6,5,luxurious,,5,1
8199,74,female,asian,JP,JP,1,4,luxurious,,3,2
8200,47,female,asian,JP,JP,2,2,luxurious,,2,1
8201,29,female,asian,JP,JP,6,6,luxurious,,1,1
8202,57,male,asian,JP,JP,5,2,luxurious,,4,1
8203,37,female,asian,JP,JP,1,5,luxurious,,4,1
8204,35,male,asian,JP,JP,7,5,luxurious,,1,1
8205,86,male,asian,JP,JP,4,5,luxurious,,2,1
8206,59,female,asian,JP,JP,2,2,luxurious,,3,1
8207,56,male,asian,JP,JP,2,2,luxurious,,5,2
8208,30,female,asian,JP,JP,12,3,luxurious,,4,2
8209,61,male,asian,JP,JP,3,5,luxurious,,1,1
8210,60,female,asian,JP,JP,1,2,luxurious,,4,1
8211,41,male,asian,JP,JP,1,5,luxurious,,2,1
8212,48,female,asian,JP,JP,2,3,luxurious,,3,1
8213,53,female,asian,JP,JP,1,4,luxurious,,5,2
8214,48,male,asian,JP,JP,4,5,luxurious,,2,1
8215,43,female,asian,JP,JP,12,3,luxurious,,3,2
8216,47,male,asian,JP,JP,7,5,luxurious,,5,1
8217,32,female,asian,JP,JP,1,5,luxurious,,2,2
8218,42,female,asian,JP,JP,1,3,luxurious,,1,1
8219,53,male,asian,JP,JP,7,2,luxurious,,1,1
8220,29,male,asian,JP,JP,4,6,luxurious,,5,2
8221,50,female,asian,JP,JP,1,5,luxurious,,3,2
8222,53,male,asian,JP,JP,3,5,luxurious,,1,2
8223,70,male,asian,JP,JP,3,3,luxurious,,2,1
8224,35,male,asian,JP,JP,5,3,luxurious,,2,1
8225,72,male,asian,JP,JP,2,5,luxurious,,2,1
8226,47,female,asian,JP,JP,1,5,luxurious,,1,2
8227,36,male,asian,JP,JP,4,5,luxurious,,2,2
8228,62,male,asian,JP,JP,1,2,luxurious,,2,1
8229,59,female,asian,JP,JP,1,5,luxurious,,2,1
8230,71,male,asian,JP,JP,3,5,luxurious,,2,1
8231,56,male,asian,JP,JP,8,2,luxurious,,1,1
8232,57,female,asian,JP,JP,1,2,luxurious,,2,2
8233,39,male,asian,JP,JP,1,5,luxurious,,5,2
8234,58,male,asian,JP,JP,3,2,luxurious,,2,1
8235,89,female,asian,JP,JP,1,1,luxurious,,5,2
8236,49,male,asian,JP,JP,12,2,luxurious,,5,2
8237,20,female,asian,JP,JP,1,2,luxurious,,2,2
8238,67,male,asian,JP,JP,2,5,luxurious,,2,1
8239,63,male,asian,JP,JP,4,5,luxurious,,3,1
8240,61,female,asian,JP,JP,4,2,luxurious,,3,1
8241,63,female,asian,JP,JP,1,2,luxurious,,1,2
8242,54,female,asian,JP,JP,1,1,luxurious,,3,1
8243,43,male,asian,JP,JP,1,2,luxurious,,4,2
8244,80,male,asian,JP,JP,4,5,luxurious,,5,2
8245,67,male,asian,JP,JP,1,5,luxurious,,3,1
8246,62,female,asian,JP,JP,1,4,luxurious,,4,1
8247,60,male,asian,JP,JP,12,3,luxurious,,2,1
8248,60,male,asian,JP,JP,7,7,luxurious,,1,1
8249,47,male,asian,JP,JP,5,5,luxurious,,3,1
8250,60,female,asian,JP,JP,2,2,luxurious,,2,1
8251,43,male,asian,JP,JP,1,3,luxurious,,5,1
8252,65,female,asian,JP,JP,4,6,luxurious,,2,1
8253,44,female,asian,JP,JP,1,2,luxurious,,3,2
8254,54,female,asian,JP,JP,12,4,luxurious,,4,2
8255,26,male,asian,JP,JP,4,5,luxurious,,1,1
8256,62,female,asian,JP,JP,2,4,luxurious,,5,2
8257,54,male,asian,JP,JP,2,3,luxurious,,5,2
8258,57,male,asian,JP,JP,6,5,luxurious,,1,1
8259,27,female,asian,JP,JP,3,5,luxurious,,4,2
8260,52,female,asian,JP,JP,6,4,luxurious,,4,2
8261,39,female,asian,JP,JP,12,5,luxurious,,5,2
8262,55,female,asian,JP,JP,1,4,luxurious,,5,1
8263,60,female,asian,JP,JP,2,3,luxurious,,4,2
8264,33,male,asian,JP,JP,5,5,luxurious,,5,2
8265,53,female,asian,JP,JP,12,4,luxurious,,2,1
8266,68,male,asian,JP,JP,2,2,luxurious,,4,2
8267,65,male,asian,JP,JP,3,5,luxurious,,2,1
8268,42,male,white,JP,JP,6,2,luxurious,,2,1
8269,52,female,asian,JP,JP,5,4,luxurious,,1,1
8270,67,male,asian,JP,JP,1,2,luxurious,,4,2
8271,72,female,asian,JP,JP,4,5,luxurious,,1,2
8272,68,male,asian,JP,JP,4,5,luxurious,,4,1
8273,79,male,asian,JP,JP,4,5,luxurious,,1,1
8274,40,male,asian,JP,JP,7,5,luxurious,,2,1
8275,49,female,asian,JP,JP,1,4,luxurious,,4,2
8276,65,female,asian,JP,JP,5,5,luxurious,,3,1
8277,56,male,asian,JP,JP,6,5,luxurious,,4,1
8278,74,female,asian,JP,JP,2,2,luxurious,,2,2
8279,60,male,asian,JP,JP,4,5,luxurious,,5,2
8280,84,male,white,JP,JP,2,4,luxurious,,2,1
8281,72,male,asian,JP,JP,9,5,luxurious,,2,1
8282,46,male,asian,JP,JP,8,4,luxurious,,2,1
8283,47,male,asian,JP,JP,6,5,luxurious,,1,1
8284,71,male,asian,JP,JP,2,5,luxurious,,2,1
8285,44,male,asian,JP,JP,2,6,luxurious,,3,2
8286,71,male,asian,JP,JP,2,5,luxurious,,4,1
8287,61,male,asian,JP,JP,4,5,luxurious,,4,1
8288,64,male,asian,JP,JP,1,2,luxurious,,3,2
8289,87,male,prefer not to answer,JP,prefer not to answer,12,9,luxurious,,5,2
8290,45,female,asian,JP,JP,2,5,luxurious,,3,2
8291,54,male,asian,JP,JP,7,5,luxurious,,3,1
8292,75,male,asian,JP,JP,1,2,luxurious,,3,1
8293,52,male,asian,JP,JP,12,2,luxurious,,3,3
8294,69,male,asian,JP,JP,3,5,luxurious,,2,1
8295,46,male,asian,JP,JP,12,9,luxurious,,2,2
8296,64,female,asian,JP,JP,1,2,luxurious,,5,2
8297,,male,asian,JP,JP,9,3,luxurious,,3,1
8298,62,male,asian,JP,JP,5,5,luxurious,,1,1
8299,75,male,asian,JP,JP,6,5,luxurious,,2,1
8300,61,male,asian,JP,JP,2,2,luxurious,,5,2
8301,75,male,asian,JP,JP,3,5,luxurious,,3,1
8302,72,male,asian,JP,JP,1,2,luxurious,,5,2
8303,61,female,asian,JP,JP,1,2,luxurious,,3,1
8304,66,male,asian,JP,JP,3,5,luxurious,,2,1
8305,75,male,asian,JP,JP,2,6,luxurious,,1,1
8306,58,female,asian,JP,JP,1,4,luxurious,,1,2
8307,45,female,asian,JP,JP,5,5,luxurious,,4,1
8308,42,male,asian,JP,JP,4,5,luxurious,,2,1
8309,69,male,asian,JP,JP,6,5,luxurious,,2,1
8310,61,male,asian,JP,JP,4,5,luxurious,,1,1
8311,52,male,asian,JP,JP,5,5,luxurious,,4,2
8312,62,male,asian,JP,JP,3,5,luxurious,,3,1
8313,52,male,asian,JP,JP,5,5,luxurious,,3,2
8314,26,male,asian,JP,JP,3,5,luxurious,,2,2
8315,33,female,asian,JP,JP,12,2,luxurious,,4,2
8316,26,male,asian,JP,JP,2,2,luxurious,,4,2
8317,71,male,asian,JP,JP,1,2,luxurious,,2,1
8318,47,female,asian,JP,JP,2,5,luxurious,,4,1
8319,51,female,asian,JP,JP,7,4,luxurious,,5,2
8320,51,male,asian,JP,JP,7,5,luxurious,,5,2
8321,45,female,asian,JP,JP,2,2,luxurious,,2,1
8322,50,male,asian,JP,JP,3,3,luxurious,,3,1
8323,36,female,asian,JP,JP,6,5,luxurious,,5,2
8324,63,male,asian,JP,JP,9,5,luxurious,,1,1
8325,57,female,asian,JP,JP,1,4,luxurious,,2,1
8326,43,female,asian,JP,JP,2,4,luxurious,,1,1
8327,67,male,asian,JP,JP,9,5,luxurious,,3,1
8328,70,female,asian,JP,JP,1,4,luxurious,,2,2
8329,52,female,asian,JP,JP,12,3,luxurious,,4,2
8330,68,male,asian,JP,JP,7,5,luxurious,,1,1
8331,53,female,asian,JP,JP,1,3,luxurious,,1,1
8332,69,male,asian,JP,JP,4,2,luxurious,,4,2
8333,60,male,asian,JP,JP,9,5,luxurious,,2,1
8334,55,female,asian,JP,JP,1,4,luxurious,,5,2
8335,42,female,asian,JP,JP,3,2,luxurious,,2,2
8336,64,male,asian,JP,JP,1,5,luxurious,,5,2
8337,53,female,white,JP,JP,12,2,luxurious,,3,1
8338,64,male,asian,JP,JP,12,4,luxurious,,1,1
8339,62,female,asian,JP,JP,1,4,luxurious,,4,2
8340,64,female,asian,JP,JP,12,5,luxurious,,5,2
8341,53,female,asian,JP,JP,1,5,luxurious,,2,1
8342,57,male,asian,JP,JP,12,5,luxurious,,2,2
8343,52,male,asian,JP,JP,4,5,luxurious,,3,1
8344,62,male,asian,JP,JP,2,2,luxurious,,1,1
8345,63,male,asian,JP,JP,4,2,luxurious,,1,2
8346,33,female,asian,JP,JP,4,5,luxurious,,3,2
8347,35,male,asian,JP,JP,6,5,luxurious,,5,2
8348,56,female,asian,JP,JP,12,9,luxurious,,3,2
8349,44,female,asian,JP,JP,1,3,luxurious,,2,1
8350,50,male,asian,JP,JP,6,2,luxurious,,2,1
8351,63,male,asian,JP,JP,6,5,luxurious,,2,1
8352,36,male,asian,JP,JP,2,5,luxurious,,3,1
8353,47,female,asian,JP,JP,2,4,luxurious,,4,2
8354,64,female,asian,JP,JP,1,4,luxurious,,2,2
8355,45,female,white,JP,JP,3,3,luxurious,,1,2
8356,42,female,asian,JP,JP,1,5,luxurious,,5,2
8357,,female,asian,JP,JP,12,7,luxurious,,4,1
8358,46,female,asian,JP,JP,12,2,luxurious,,5,2
8359,41,male,asian,JP,JP,1,5,luxurious,,4,2
8360,43,male,asian,JP,JP,3,5,luxurious,,3,2
8361,40,male,asian,JP,JP,1,2,luxurious,,5,2
8362,64,male,asian,JP,JP,2,2,luxurious,,2,1
8363,56,male,asian,JP,JP,4,3,luxurious,,1,1
8364,73,male,asian,JP,JP,2,5,luxurious,,1,1
8365,49,male,asian,JP,JP,2,2,luxurious,,2,1
8366,59,male,asian,JP,JP,10,6,luxurious,,2,1
8367,56,female,asian,JP,JP,2,2,luxurious,,5,2
8368,76,male,asian,JP,JP,2,2,luxurious,,2,1
8369,57,male,asian,JP,JP,8,5,luxurious,,4,2
8370,54,male,asian,JP,JP,3,5,luxurious,,2,1
8371,37,male,asian,JP,JP,5,6,luxurious,,1,2
8372,48,female,asian,JP,JP,8,2,luxurious,,4,1
8373,70,female,asian,JP,JP,1,4,luxurious,,3,1
8374,55,female,asian,JP,JP,1,5,luxurious,,3,1
8375,78,male,asian,JP,JP,2,5,luxurious,,2,1
8376,76,female,asian,JP,JP,1,4,luxurious,,4,2
8377,77,male,asian,JP,JP,2,5,luxurious,,1,1
8378,71,female,asian,JP,JP,2,3,luxurious,,4,2
8379,40,female,asian,JP,JP,5,5,luxurious,,2,2
8380,50,female,asian,JP,JP,3,4,luxurious,,2,1
8381,46,female,asian,JP,JP,1,5,luxurious,,5,2
8382,60,male,asian,JP,JP,12,5,luxurious,,2,1
8383,44,female,asian,JP,JP,3,2,luxurious,,2,1
8384,49,male,asian,JP,JP,6,3,luxurious,,2,1
8385,25,male,asian,JP,JP,4,6,luxurious,,3,2
8386,51,female,asian,JP,JP,3,4,luxurious,,4,1
8387,50,female,asian,JP,JP,8,4,luxurious,,4,2
8388,71,female,asian,JP,JP,1,4,luxurious,,5,2
8389,51,male,asian,JP,JP,6,2,luxurious,,1,1
8390,55,female,asian,JP,JP,12,4,luxurious,,3,1
8391,64,female,asian,JP,JP,1,2,luxurious,,2,1
8392,35,female,asian,JP,JP,1,2,luxurious,,4,2
8393,29,male,asian,JP,JP,5,5,luxurious,,1,1
8394,58,female,asian,JP,JP,3,5,luxurious,,1,1
8395,49,female,asian,JP,JP,12,4,luxurious,,2,1
8396,41,male,prefer not to answer,prefer not to answer,prefer not to answer,1,5,luxurious,,3,1
8397,55,male,asian,JP,JP,4,5,luxurious,,2,1
8398,44,male,asian,JP,JP,3,5,luxurious,,4,2
8399,25,female,asian,JP,JP,1,5,luxurious,,2,1
8400,,female,asian,JP,JP,12,5,luxurious,,3,1
8401,41,female,asian,JP,JP,1,2,luxurious,,2,1
8402,68,male,asian,JP,JP,12,5,luxurious,,5,2
8403,62,male,asian,JP,JP,4,5,luxurious,,2,2
8404,64,female,asian,JP,JP,12,5,luxurious,,2,2
8405,64,male,asian,JP,JP,5,5,luxurious,,3,1
8406,50,male,asian,JP,JP,9,5,luxurious,,4,2
8407,57,male,asian,JP,JP,5,5,luxurious,,5,2
8408,36,female,asian,JP,JP,2,5,luxurious,,2,1
8409,54,male,asian,JP,JP,9,5,luxurious,,3,1
8410,53,male,asian,JP,JP,5,2,luxurious,,1,1
8411,68,male,asian,JP,JP,2,6,luxurious,,3,1
8412,43,male,asian,JP,JP,1,5,luxurious,,5,3
8413,66,male,asian,JP,JP,6,5,luxurious,,2,1
8414,56,male,white,JP,JP,4,1,luxurious,,5,2
8415,47,male,asian,JP,JP,12,5,luxurious,,5,1
8416,76,female,asian,JP,JP,1,2,luxurious,,5,2
8417,58,male,asian,JP,JP,8,5,luxurious,,5,1
8418,55,female,asian,JP,JP,6,4,luxurious,,3,1
8419,58,male,asian,JP,JP,5,5,luxurious,,1,1
8420,41,male,asian,JP,JP,3,5,luxurious,,2,1
8421,56,female,asian,JP,JP,12,5,luxurious,,2,1
8422,59,male,asian,JP,JP,11,5,luxurious,,2,1
8423,68,male,asian,JP,JP,12,5,luxurious,,3,1
8424,47,female,asian,JP,JP,8,5,luxurious,,1,1
8425,51,male,asian,JP,JP,8,5,luxurious,,4,1
8426,54,male,asian,JP,JP,2,3,luxurious,,2,1
8427,52,female,asian,JP,JP,1,2,luxurious,,4,2
8428,52,male,asian,JP,JP,5,3,luxurious,,2,1
8429,64,male,asian,JP,JP,4,5,luxurious,,3,2
8430,38,female,asian,JP,JP,1,5,luxurious,,3,2
8431,26,female,asian,JP,JP,2,4,luxurious,,5,1
8432,62,female,asian,JP,JP,2,4,luxurious,,2,1
8433,66,male,asian,JP,JP,12,2,luxurious,,2,2
8434,69,male,asian,JP,JP,5,1,luxurious,,2,1
8435,50,female,asian,JP,JP,12,4,luxurious,,2,2
8436,44,male,asian,JP,JP,6,2,luxurious,,1,1
8437,79,male,asian,JP,JP,2,5,luxurious,,1,1
8438,66,male,asian,JP,JP,3,5,luxurious,,3,1
8439,48,female,asian,JP,JP,1,5,luxurious,,3,2
8440,26,female,asian,JP,JP,5,5,luxurious,,2,2
8441,67,male,asian,JP,JP,5,5,luxurious,,2,1
8442,49,male,asian,JP,JP,12,2,luxurious,,5,2
8443,65,female,white,JP,JP,1,4,luxurious,,2,2
8444,62,male,asian,JP,JP,1,2,luxurious,,1,1
8445,59,female,asian,JP,JP,1,2,luxurious,,5,1
8446,55,female,asian,JP,JP,2,4,luxurious,,3,1
8447,68,male,asian,JP,JP,3,5,luxurious,,3,1
8448,33,female,asian,JP,JP,1,2,luxurious,,2,1
8449,54,male,asian,JP,JP,6,5,luxurious,,2,1
8450,28,female,asian,JP,JP,4,5,luxurious,,2,1
8451,68,male,asian,JP,JP,2,5,luxurious,,2,1
8452,51,female,asian,JP,JP,1,5,luxurious,,4,2
8453,33,male,asian,JP,JP,1,2,luxurious,,4,2
8454,81,female,asian,JP,JP,2,5,luxurious,,2,1
8455,57,male,asian,JP,JP,7,5,luxurious,,2,1
8456,74,female,asian,JP,JP,1,4,luxurious,,5,1
8457,74,male,asian,JP,JP,2,5,luxurious,,2,1
8458,34,female,white,JP,JP,12,1,luxurious,,5,2
8459,31,male,asian,JP,JP,3,4,luxurious,,5,1
8460,34,male,asian,JP,JP,5,2,luxurious,,5,2
8461,56,male,asian,JP,JP,3,3,luxurious,,5,2
8462,37,male,other,JP,JP,12,4,luxurious,,3,1
8463,50,female,asian,JP,JP,4,4,luxurious,,5,2
8464,34,male,asian,JP,JP,4,3,luxurious,,3,2
8465,24,female,asian,JP,JP,3,5,luxurious,,5,2
8466,71,male,asian,JP,JP,2,5,luxurious,,4,2
8467,55,male,asian,JP,JP,2,2,luxurious,,2,1
8468,54,male,asian,JP,JP,4,2,luxurious,,1,1
8469,57,female,asian,JP,JP,1,2,luxurious,,5,1
8470,47,male,asian,JP,JP,6,5,luxurious,,5,2
8471,74,male,asian,JP,JP,7,5,luxurious,,2,1
8472,48,female,asian,JP,JP,7,5,luxurious,,5,2
8473,42,male,asian,JP,JP,6,2,luxurious,,2,1
8474,63,male,asian,JP,JP,1,5,luxurious,,1,1
8475,42,female,asian,JP,JP,1,3,luxurious,,2,1
8476,35,female,asian,JP,JP,2,5,luxurious,,2,1
8477,38,female,asian,JP,JP,2,3,luxurious,,2,1
8478,56,male,asian,JP,JP,4,2,luxurious,,1,1
8479,44,male,asian,JP,JP,2,2,luxurious,,1,1
8480,60,female,asian,JP,JP,1,4,luxurious,,2,2
8481,35,male,asian,JP,JP,1,2,luxurious,,5,2
8482,37,female,white,JP,JP,2,5,luxurious,,5,3
8483,54,male,asian,JP,JP,2,2,luxurious,,1,1
8484,47,male,asian,JP,JP,6,3,luxurious,,3,1
8485,53,female,asian,JP,JP,4,5,luxurious,,3,2
8486,56,male,asian,JP,JP,4,3,luxurious,,2,1
8487,51,male,asian,JP,JP,4,2,luxurious,,5,2
8488,57,male,asian,JP,JP,8,5,luxurious,,5,1
8489,38,female,asian,JP,JP,1,2,luxurious,,3,1
8490,60,male,asian,JP,JP,2,5,luxurious,,1,1
8491,49,male,asian,JP,JP,1,2,luxurious,,4,2
8492,53,male,asian,JP,JP,2,1,luxurious,,1,1
8493,77,male,asian,JP,JP,2,2,luxurious,,2,1
8494,44,female,asian,JP,JP,2,5,luxurious,,5,2
8495,58,male,asian,JP,JP,4,5,luxurious,,4,2
8496,81,male,asian,JP,JP,6,5,luxurious,,2,1
8497,53,male,asian,JP,JP,5,3,luxurious,,1,1
8498,47,male,asian,JP,JP,12,7,luxurious,,5,1
8499,30,female,asian,JP,JP,12,5,luxurious,,3,2
8500,61,female,asian,JP,JP,2,5,luxurious,,4,2
8501,27,female,asian,JP,JP,3,5,luxurious,,5,2
8502,77,male,asian,JP,JP,3,5,luxurious,,3,1
8503,57,male,asian,JP,JP,4,2,luxurious,,2,1
8504,50,male,asian,JP,JP,8,5,luxurious,,3,2
8505,55,female,asian,JP,JP,1,2,luxurious,,3,2
8506,47,female,asian,JP,JP,1,3,luxurious,,5,2
8507,47,male,asian,JP,JP,7,5,luxurious,,2,1
8508,66,male,asian,JP,JP,4,5,luxurious,,1,1
8509,55,male,asian,JP,JP,1,5,luxurious,,5,1
8510,52,male,asian,JP,JP,5,5,luxurious,,4,1
8511,62,male,asian,JP,JP,1,3,luxurious,,1,1
8512,34,male,asian,JP,JP,1,2,luxurious,,2,2
8513,40,female,asian,JP,JP,1,5,luxurious,,3,2
8514,38,male,asian,JP,JP,3,5,luxurious,,2,2
8515,48,male,asian,JP,JP,10,5,luxurious,,2,1
8516,53,male,asian,JP,JP,7,2,luxurious,,3,1
8517,38,female,asian,JP,JP,4,5,luxurious,,4,1
8518,25,female,white,JP,JP,4,5,luxurious,,2,2
8519,59,male,asian,JP,JP,5,4,luxurious,,2,1
8520,41,female,asian,JP,JP,1,5,luxurious,,4,2
8521,69,female,asian,JP,JP,12,5,luxurious,,3,1
8522,55,female,asian,JP,JP,1,5,luxurious,,4,1
8523,59,female,asian,JP,JP,1,4,luxurious,,4,2
8524,47,female,asian,JP,JP,1,2,luxurious,,5,2
8525,81,male,white,JP,JP,2,2,luxurious,,2,1
8526,76,male,asian,JP,JP,12,5,luxurious,,2,1
8527,44,male,asian,JP,JP,4,3,luxurious,,4,1
8528,56,male,asian,JP,JP,6,4,luxurious,,2,1
8529,52,female,asian,JP,JP,12,4,luxurious,,3,1
8530,48,male,asian,JP,JP,6,5,luxurious,,2,1
8531,55,female,asian,JP,JP,5,4,luxurious,,3,1
8532,51,female,asian,JP,JP,1,5,luxurious,,1,1
8533,45,male,asian,JP,JP,7,3,luxurious,,3,1
8534,52,female,asian,JP,JP,7,5,luxurious,,4,1
8535,44,male,asian,JP,JP,12,5,luxurious,,5,2
8536,58,male,asian,JP,JP,9,5,luxurious,,5,2
8537,68,male,asian,JP,JP,2,2,luxurious,,3,1
8538,67,female,asian,JP,JP,1,4,luxurious,,4,1
8539,55,male,asian,JP,JP,9,5,luxurious,,3,1
8540,52,male,asian,JP,JP,2,1,luxurious,,2,1
8541,60,male,asian,JP,JP,3,2,luxurious,,1,1
8542,49,female,asian,JP,JP,1,4,luxurious,,4,2
8543,62,male,asian,JP,JP,9,5,luxurious,,5,2
8544,37,male,asian,JP,JP,4,2,luxurious,,1,1
8545,60,female,asian,JP,JP,3,5,luxurious,,5,2
8546,57,female,asian,JP,JP,5,5,luxurious,,3,2
8547,77,male,asian,JP,JP,5,4,luxurious,,2,1
8548,48,female,asian,JP,JP,3,2,luxurious,,2,1
8549,78,female,asian,JP,JP,1,4,luxurious,,2,2
8550,69,male,asian,JP,JP,3,5,luxurious,,3,1
8551,33,male,asian,JP,JP,3,6,luxurious,,1,1
8552,62,male,asian,JP,JP,4,2,luxurious,,2,1
8553,67,male,asian,JP,JP,5,5,luxurious,,2,1
8554,61,female,other,JP,JP,1,2,luxurious,,4,1
8555,60,male,asian,JP,JP,6,5,luxurious,,2,1
8556,47,male,asian,JP,JP,5,5,luxurious,,3,1
8557,61,male,asian,JP,JP,1,5,luxurious,,2,1
8558,74,male,asian,JP,JP,1,5,luxurious,,2,1
8559,55,male,asian,JP,JP,8,2,luxurious,,1,1
8560,44,female,asian,JP,JP,5,5,luxurious,,3,1
8561,71,male,asian,JP,JP,2,5,luxurious,,2,1
8562,63,male,asian,JP,JP,11,5,luxurious,,1,1
8563,39,female,asian,JP,JP,3,2,luxurious,,5,1
8564,72,male,asian,JP,JP,3,5,luxurious,,2,1
8565,52,female,asian,JP,JP,1,3,luxurious,,3,1
8566,67,female,asian,JP,JP,1,2,luxurious,,5,2
8567,64,male,asian,JP,JP,5,5,luxurious,,3,1
8568,64,male,asian,JP,JP,5,5,luxurious,,1,1
8569,36,male,asian,JP,JP,4,5,luxurious,,1,1
8570,62,female,asian,JP,JP,1,3,luxurious,,3,1
8571,31,female,asian,JP,JP,4,2,luxurious,,2,2
8572,23,female,asian,JP,JP,12,2,luxurious,,2,2
8573,69,male,asian,JP,JP,3,5,luxurious,,2,1
8574,40,female,asian,JP,JP,1,5,luxurious,,5,2
8575,36,male,asian,JP,JP,2,5,luxurious,,4,1
8576,62,female,asian,JP,JP,3,2,luxurious,,2,1
8577,77,male,asian,JP,JP,1,2,luxurious,,1,1
8578,75,male,asian,JP,JP,10,4,luxurious,,5,1
8579,46,male,asian,JP,JP,4,5,luxurious,,1,1
8580,57,male,asian,JP,JP,9,6,luxurious,,2,1
8581,56,male,asian,JP,JP,1,3,luxurious,,4,2
8582,40,female,asian,JP,JP,2,4,luxurious,,2,1
8583,36,female,asian,JP,JP,5,2,luxurious,,5,2
8584,44,male,asian,JP,JP,8,6,luxurious,,2,1
8585,64,male,asian,JP,JP,5,5,luxurious,,2,1
8586,36,female,asian,JP,JP,8,5,luxurious,,4,2
8587,27,female,white,JP,JP,12,5,luxurious,,4,2
8588,51,female,asian,JP,JP,8,5,luxurious,,5,2
8589,68,female,other,JP,JP,1,3,luxurious,,4,1
8590,58,male,asian,JP,JP,1,5,luxurious,,3,1
8591,60,male,asian,JP,JP,5,2,luxurious,,1,1
8592,19,male,asian,JP,JP,1,2,luxurious,,5,2
8593,62,male,asian,JP,JP,4,5,luxurious,,2,2
8594,58,male,asian,JP,JP,9,5,luxurious,,4,1
8595,64,male,asian,JP,JP,9,7,luxurious,,3,1
8596,47,male,asian,JP,JP,9,7,luxurious,,2,1
8597,55,female,asian,JP,JP,1,4,luxurious,,5,2
8598,75,male,other,JP,JP,12,3,luxurious,,3,1
8599,45,female,asian,JP,JP,1,2,luxurious,,1,1
8600,63,male,asian,JP,JP,2,2,luxurious,,2,1
8601,61,male,asian,JP,JP,4,2,luxurious,,1,1
8602,39,male,asian,JP,JP,4,5,luxurious,,2,1
8603,62,female,white,JP,JP,1,4,luxurious,,5,2
8604,54,female,asian,JP,JP,1,2,luxurious,,5,1
8605,42,female,asian,JP,JP,1,5,luxurious,,2,1
8606,75,female,prefer not to answer,JP,JP,12,2,luxurious,,4,1
8607,40,female,asian,JP,JP,2,2,luxurious,,5,2
8608,58,female,asian,JP,JP,1,5,luxurious,,4,2
8609,33,male,asian,JP,JP,5,5,luxurious,,2,1
8610,62,male,asian,JP,JP,4,5,luxurious,,1,1
8611,85,male,asian,JP,JP,3,5,luxurious,,3,1
8612,75,male,asian,JP,JP,3,3,luxurious,,2,1
8613,66,male,asian,JP,JP,3,5,luxurious,,2,1
8614,40,male,asian,JP,JP,4,5,luxurious,,5,1
8615,65,male,asian,JP,JP,1,5,luxurious,,1,1
8616,52,female,asian,JP,JP,5,4,luxurious,,2,2
8617,57,female,asian,JP,JP,6,2,luxurious,,4,2
8618,72,male,asian,JP,JP,2,1,luxurious,,1,1
8619,45,male,asian,JP,JP,1,5,luxurious,,2,2
8620,50,female,asian,JP,JP,1,2,luxurious,,5,1
8621,64,male,asian,JP,JP,5,5,luxurious,,3,1
8622,49,male,asian,JP,JP,3,2,luxurious,,4,1
8623,31,male,asian,JP,JP,5,5,luxurious,,2,1
8624,42,male,asian,JP,JP,4,5,luxurious,,5,2
8625,57,male,white,JP,JP,8,5,luxurious,,2,1
8626,40,female,asian,JP,JP,1,2,luxurious,,5,2
8627,56,male,asian,JP,JP,12,5,luxurious,,1,1
8628,62,male,asian,JP,JP,8,2,luxurious,,3,2
8629,40,male,asian,JP,JP,6,5,luxurious,,2,1
8630,55,male,asian,JP,JP,6,5,luxurious,,3,1
8631,53,male,asian,JP,JP,8,5,luxurious,,4,1
8632,60,male,asian,JP,JP,9,2,luxurious,,2,1
8633,61,female,asian,JP,JP,1,2,luxurious,,4,2
8634,53,female,asian,JP,JP,12,5,luxurious,,5,2
8635,38,male,asian,JP,JP,5,5,luxurious,,2,1
8636,54,male,asian,JP,JP,2,2,luxurious,,2,2
8637,64,male,white,JP,JP,1,5,luxurious,,2,1
8638,77,male,asian,JP,JP,12,5,luxurious,,1,1
8639,70,female,asian,JP,JP,2,2,luxurious,,2,1
8640,55,female,asian,JP,JP,1,2,luxurious,,4,2
8641,53,male,asian,JP,JP,3,5,luxurious,,1,1
8642,80,male,asian,JP,JP,4,6,luxurious,,5,1
8643,76,male,asian,JP,JP,12,5,luxurious,,3,1
8644,40,female,asian,JP,JP,1,2,luxurious,,5,2
8645,29,male,asian,JP,JP,1,5,luxurious,,2,1
8646,43,female,asian,JP,JP,5,4,luxurious,,5,2
8647,54,female,asian,JP,JP,1,5,luxurious,,1,1
8648,62,male,asian,JP,JP,9,5,luxurious,,1,1
8649,54,male,asian,JP,JP,4,2,luxurious,,2,1
8650,43,female,asian,JP,JP,1,5,luxurious,,3,1
8651,31,female,asian,JP,JP,3,5,luxurious,,1,1
8652,35,female,asian,JP,JP,1,4,luxurious,,2,2
8653,34,female,asian,JP,JP,1,5,luxurious,,5,2
8654,43,male,asian,JP,JP,5,5,luxurious,,5,2
8655,48,male,asian,JP,JP,12,9,luxurious,,5,2
8656,66,female,asian,JP,JP,2,5,luxurious,,3,1
8657,40,female,asian,JP,JP,2,4,luxurious,,5,2
8658,69,male,asian,JP,JP,5,2,luxurious,,2,1
8659,36,female,asian,JP,JP,12,2,luxurious,,3,2
8660,60,female,asian,JP,JP,1,4,luxurious,,4,2
8661,55,male,asian,JP,JP,3,5,luxurious,,2,1
8662,58,female,asian,JP,JP,1,5,luxurious,,2,1
8663,66,male,asian,JP,JP,2,5,luxurious,,2,1
8664,66,male,asian,JP,JP,1,5,luxurious,,2,1
8665,69,female,asian,JP,JP,1,3,luxurious,,4,2
8666,53,male,asian,JP,JP,4,5,luxurious,,4,2
8667,59,male,asian,JP,JP,8,5,luxurious,,2,1
8668,57,female,asian,JP,JP,3,4,luxurious,,5,2
8669,67,male,asian,JP,JP,5,5,luxurious,,4,1
8670,54,male,asian,JP,JP,6,5,luxurious,,1,1
8671,51,male,asian,JP,JP,3,5,luxurious,,3,2
8672,68,male,asian,JP,JP,4,5,luxurious,,3,1
8673,47,male,asian,JP,JP,6,5,luxurious,,1,1
8674,50,male,asian,JP,JP,2,3,luxurious,,2,1
8675,38,male,asian,JP,JP,8,5,luxurious,,2,1
8676,62,male,asian,JP,JP,5,2,luxurious,,2,1
8677,39,female,asian,JP,JP,12,5,luxurious,,5,2
8678,65,female,asian,JP,JP,1,2,luxurious,,5,2
8679,59,male,asian,JP,JP,9,5,luxurious,,2,1
8680,49,female,asian,JP,JP,2,3,luxurious,,4,1
8681,56,female,asian,JP,JP,2,2,luxurious,,5,1
8682,51,female,asian,JP,JP,1,5,luxurious,,4,2
8683,47,male,asian,JP,JP,3,5,luxurious,,1,1
8684,56,male,asian,JP,JP,5,3,luxurious,,2,1
8685,60,female,asian,JP,JP,1,5,luxurious,,3,2
8686,49,male,asian,JP,JP,8,5,luxurious,,3,2
8687,31,male,asian,JP,JP,4,5,luxurious,,2,2
8688,62,male,asian,JP,JP,2,5,luxurious,,2,1
8689,53,female,asian,JP,JP,1,2,luxurious,,3,1
8690,68,male,asian,JP,JP,2,5,luxurious,,1,1
8691,53,male,asian,JP,JP,9,6,luxurious,,2,2
8692,76,female,asian,JP,JP,1,2,luxurious,,5,2
8693,64,male,asian,JP,JP,12,2,luxurious,,2,1
8694,53,male,asian,JP,JP,1,2,luxurious,,4,1
8695,68,male,asian,JP,JP,2,5,luxurious,,1,1
8696,49,female,asian,JP,JP,2,2,luxurious,,5,2
8697,48,female,asian,JP,JP,1,8,luxurious,,4,3
8698,56,female,asian,JP,JP,1,4,luxurious,,2,1
8699,53,male,asian,JP,JP,3,5,luxurious,,2,1
8700,57,female,white,JP,JP,1,4,luxurious,,3,1
8701,55,male,asian,JP,JP,5,5,luxurious,,2,1
8702,45,male,asian,JP,JP,6,5,luxurious,,2,1
8703,57,male,asian,JP,JP,8,6,luxurious,,2,1
8704,45,female,asian,JP,JP,1,4,luxurious,,5,3
8705,50,female,asian,JP,JP,1,6,luxurious,,1,1
8706,47,male,asian,JP,JP,2,2,luxurious,,2,2
8707,43,male,asian,JP,JP,4,3,luxurious,,2,1
8708,54,female,asian,JP,JP,1,5,luxurious,,2,1
8709,,male,asian,JP,JP,12,9,luxurious,,5,2
8710,62,female,asian,JP,JP,2,5,luxurious,,2,1
8711,40,male,asian,JP,JP,4,3,luxurious,,1,1
8712,76,female,asian,JP,JP,1,2,luxurious,,3,2
8713,69,female,asian,JP,JP,1,5,luxurious,,2,2
8714,37,female,asian,JP,JP,5,4,luxurious,,4,2
8715,61,male,asian,JP,JP,8,5,luxurious,,1,1
8716,27,female,asian,JP,JP,1,5,luxurious,,5,2
8717,62,male,asian,JP,JP,4,5,luxurious,,1,1
8718,35,female,asian,JP,JP,4,5,luxurious,,5,2
8719,65,female,asian,JP,JP,1,4,luxurious,,2,1
8720,67,female,asian,JP,JP,1,5,luxurious,,2,1
8721,21,female,asian,JP,JP,4,5,luxurious,,2,2
8722,52,female,asian,JP,JP,1,4,luxurious,,3,2
8723,47,female,asian,JP,JP,1,2,luxurious,,4,1
8724,55,female,asian,JP,JP,12,9,luxurious,,4,2
8725,45,female,asian,JP,JP,1,4,luxurious,,5,2
8726,56,female,asian,JP,JP,3,5,luxurious,,5,2
8727,33,female,asian,JP,JP,1,3,luxurious,,3,2
8728,57,female,asian,JP,JP,1,2,luxurious,,2,1
8729,52,male,asian,JP,JP,5,6,luxurious,,3,1
8730,58,male,asian,JP,JP,1,2,luxurious,,2,1
8731,36,male,asian,JP,JP,6,5,luxurious,,1,1
8732,61,male,asian,JP,JP,3,2,luxurious,,2,1
8733,43,male,asian,JP,JP,9,5,luxurious,,2,1
8734,59,female,other,JP,JP,4,2,luxurious,,4,1
8735,54,female,asian,JP,JP,8,5,luxurious,,4,2
8736,85,male,asian,JP,JP,2,5,luxurious,,4,1
8737,78,male,asian,JP,JP,12,3,luxurious,,4,2
8738,69,male,asian,JP,JP,2,3,luxurious,,4,2
8739,46,female,asian,JP,JP,2,4,luxurious,,5,2
8740,48,female,asian,JP,JP,1,5,luxurious,,5,2
8741,45,male,asian,JP,JP,8,5,luxurious,,1,1
8742,49,male,asian,JP,JP,1,2,luxurious,,3,2
8743,66,male,asian,JP,JP,1,5,luxurious,,5,1
8744,64,male,asian,JP,JP,3,5,luxurious,,2,1
8745,59,male,asian,JP,JP,10,5,luxurious,,5,1
8746,41,female,asian,JP,JP,1,5,luxurious,,2,1
8747,65,male,asian,JP,JP,7,5,luxurious,,1,1
8748,53,male,asian,JP,JP,4,5,luxurious,,2,1
8749,43,female,asian,JP,JP,3,2,luxurious,,1,1
8750,60,male,asian,JP,JP,2,2,luxurious,,2,1
8751,71,male,asian,JP,JP,1,2,luxurious,,2,2
8752,53,female,asian,JP,JP,1,5,luxurious,,5,2
8753,63,female,asian,JP,JP,1,4,luxurious,,2,1
8754,58,female,asian,JP,JP,5,3,luxurious,,5,2
8755,,female,black/african american,prefer not to answer,prefer not to answer,5,6,luxurious,,4,3
8756,,male,asian,JP,JP,4,5,luxurious,,3,1
8757,69,male,asian,JP,JP,2,5,luxurious,,2,1
8758,44,female,asian,JP,JP,1,2,luxurious,,3,1
8759,60,male,asian,JP,JP,1,2,luxurious,,3,1
8760,49,female,asian,JP,JP,1,3,luxurious,,5,2
8761,54,female,asian,JP,JP,12,2,luxurious,,1,1
8762,56,male,asian,JP,JP,7,5,luxurious,,2,1
8763,33,male,asian,JP,JP,12,5,luxurious,,1,1
8764,49,female,asian,JP,JP,2,5,luxurious,,5,1
8765,68,male,asian,JP,JP,4,5,luxurious,,2,1
8766,35,male,asian,JP,JP,9,6,luxurious,,3,2
8767,47,female,asian,JP,JP,2,3,luxurious,,4,2
8768,50,female,white,JP,JP,12,2,luxurious,,3,1
8769,50,male,asian,JP,JP,8,5,luxurious,,1,1
8770,42,female,asian,JP,JP,1,5,luxurious,,4,1
8771,75,male,asian,JP,JP,2,2,luxurious,,2,2
8772,50,female,asian,JP,JP,2,4,luxurious,,4,2
8773,75,male,asian,JP,JP,2,3,luxurious,,2,1
8774,73,male,asian,JP,JP,3,5,luxurious,,4,2
8775,63,female,asian,JP,JP,1,5,luxurious,,2,2
8776,38,female,asian,JP,JP,2,2,luxurious,,5,1
8777,54,male,asian,JP,JP,7,5,luxurious,,2,1
8778,42,female,asian,JP,JP,2,5,luxurious,,1,1
8779,68,male,asian,JP,JP,5,5,luxurious,,1,1
8780,36,male,asian,JP,JP,2,2,luxurious,,1,1
8781,38,female,asian,JP,JP,3,5,luxurious,,2,1
8782,69,male,asian,JP,JP,3,5,luxurious,,3,1
8783,51,female,asian,JP,JP,6,4,luxurious,,3,1
8784,59,male,asian,JP,JP,7,2,luxurious,,1,1
8785,51,female,asian,JP,JP,1,4,luxurious,,5,2
8786,69,male,asian,JP,JP,2,5,luxurious,,1,1
8787,49,female,asian,JP,JP,1,3,luxurious,,5,1
8788,56,male,asian,JP,JP,12,5,luxurious,,3,1
8789,42,male,asian,JP,JP,12,2,luxurious,,3,1
8790,55,female,asian,JP,JP,3,3,luxurious,,4,2
8791,58,male,asian,JP,JP,4,5,luxurious,,4,1
8792,56,male,asian,JP,JP,8,5,luxurious,,5,2
8793,47,male,asian,JP,JP,12,2,luxurious,,1,1
8794,37,male,asian,JP,JP,7,2,luxurious,,1,1
8795,70,male,asian,JP,JP,2,5,luxurious,,2,1
8796,45,female,asian,JP,JP,1,4,luxurious,,3,2
8797,35,female,asian,JP,JP,5,5,luxurious,,2,2
8798,60,female,asian,JP,JP,1,4,luxurious,,1,1
8799,56,female,asian,JP,JP,1,4,luxurious,,2,1
8800,76,male,asian,JP,JP,4,5,luxurious,,2,1
8801,64,male,asian,JP,JP,6,2,luxurious,,2,1
8802,61,male,asian,JP,JP,1,5,luxurious,,2,1
8803,48,male,asian,JP,JP,5,5,luxurious,,1,1
8804,39,female,asian,JP,JP,2,3,luxurious,,2,1
8805,67,male,asian,JP,JP,3,2,luxurious,,1,1
8806,60,male,asian,JP,JP,6,5,luxurious,,2,1
8807,45,male,asian,JP,JP,4,2,luxurious,,3,1
8808,66,female,asian,JP,JP,1,2,luxurious,,2,1
8809,53,female,asian,JP,JP,1,4,luxurious,,3,1
8810,31,female,asian,JP,JP,1,5,luxurious,,4,2
8811,65,male,asian,JP,JP,4,2,luxurious,,3,1
8812,53,male,asian,JP,JP,9,6,luxurious,,4,1
8813,63,male,asian,JP,JP,3,3,luxurious,,4,1
8814,45,female,asian,JP,JP,5,5,luxurious,,5,2
8815,30,female,asian,JP,JP,1,2,luxurious,,4,1
8816,53,male,asian,JP,JP,12,4,luxurious,,1,1
8817,58,male,asian,JP,JP,5,5,luxurious,,3,3
8818,72,female,asian,JP,JP,1,2,luxurious,,5,1
8819,64,male,asian,JP,JP,3,5,luxurious,,2,1
8820,41,female,asian,JP,JP,3,5,luxurious,,5,1
8821,54,female,asian,JP,JP,2,3,luxurious,,4,1
8822,29,female,asian,JP,JP,3,5,luxurious,,4,2
8823,38,male,asian,JP,JP,5,5,luxurious,,4,2
8824,52,male,asian,JP,JP,5,5,luxurious,,3,1
8825,76,female,asian,JP,JP,1,5,luxurious,,4,2
8826,40,female,asian,JP,JP,12,9,luxurious,,1,1
8827,69,male,asian,JP,JP,9,5,luxurious,,1,1
8828,58,male,asian,JP,JP,9,5,luxurious,,4,1
8829,64,male,asian,JP,JP,5,5,luxurious,,2,1
8830,63,male,asian,JP,JP,2,5,luxurious,,3,1
8831,75,male,asian,JP,JP,12,5,luxurious,,3,1
8832,53,female,asian,JP,JP,12,3,luxurious,,2,1
8833,46,female,asian,JP,JP,12,5,luxurious,,5,2
8834,49,male,asian,JP,JP,6,5,luxurious,,4,1
8835,47,female,asian,JP,JP,1,5,luxurious,,4,2
8836,43,male,asian,JP,JP,1,3,luxurious,,4,1
8837,64,female,asian,JP,JP,3,5,luxurious,,2,1
8838,71,male,asian,JP,JP,2,2,luxurious,,1,1
8839,69,female,asian,JP,JP,1,4,luxurious,,5,1
8840,72,male,asian,JP,JP,4,5,luxurious,,3,1
8841,57,male,asian,JP,JP,9,5,luxurious,,4,1
8842,79,male,asian,JP,JP,2,2,luxurious,,3,1
8843,32,female,asian,JP,JP,3,3,luxurious,,3,2
8844,50,female,asian,JP,JP,1,5,luxurious,,4,1
8845,44,male,asian,JP,JP,12,5,luxurious,,2,1
8846,63,male,asian,JP,JP,5,5,luxurious,,4,2
8847,57,male,asian,JP,JP,8,5,luxurious,,1,1
8848,76,male,asian,JP,JP,2,2,luxurious,,2,1
8849,76,male,asian,JP,JP,1,5,luxurious,,2,1
8850,72,female,asian,JP,JP,2,5,luxurious,,5,1
8851,49,male,asian,JP,JP,12,4,luxurious,,1,1
8852,58,male,asian,JP,JP,4,5,luxurious,,2,1
8853,38,female,asian,JP,JP,6,5,luxurious,,4,1
8854,46,female,asian,JP,JP,1,5,luxurious,,2,1
8855,54,male,asian,JP,JP,5,5,luxurious,,1,1
8856,61,male,asian,JP,JP,2,5,luxurious,,2,2
8857,39,male,asian,JP,JP,4,3,luxurious,,1,1
8858,84,male,asian,JP,JP,12,5,luxurious,,4,1
8859,47,male,asian,JP,JP,7,5,luxurious,,1,1
8860,44,male,asian,JP,JP,1,5,luxurious,,5,2
8861,42,female,asian,JP,JP,1,5,luxurious,,2,2
8862,67,male,asian,JP,JP,3,6,luxurious,,4,1
8863,34,female,asian,JP,JP,1,5,luxurious,,5,2
8864,60,male,asian,JP,JP,3,5,luxurious,,2,1
8865,61,male,asian,JP,JP,1,1,luxurious,,1,2
8866,72,male,asian,JP,JP,2,2,luxurious,,2,1
8867,62,male,asian,JP,JP,1,2,luxurious,,5,2
8868,37,male,asian,JP,JP,3,5,luxurious,,2,2
8869,37,female,asian,JP,JP,2,5,luxurious,,5,2
8870,39,female,asian,JP,JP,1,5,luxurious,,2,1
8871,57,male,asian,JP,JP,7,5,luxurious,,5,2
8872,56,male,asian,JP,JP,9,6,luxurious,,1,1
8873,60,female,asian,JP,JP,2,4,luxurious,,2,1
8874,33,female,asian,JP,JP,3,5,luxurious,,5,2
8875,50,male,asian,JP,JP,5,5,luxurious,,1,1
8876,50,male,asian,JP,JP,1,4,luxurious,,3,1
8877,49,male,asian,JP,JP,8,6,luxurious,,1,1
8878,56,male,asian,JP,JP,5,3,luxurious,,3,2
8879,50,female,asian,JP,JP,2,2,luxurious,,3,1
8880,74,male,asian,JP,JP,12,5,luxurious,,2,1
8881,30,female,asian,JP,JP,5,5,luxurious,,5,2
8882,62,male,asian,JP,JP,3,5,luxurious,,5,2
8883,64,male,asian,JP,JP,3,5,luxurious,,1,1
8884,57,male,asian,JP,JP,1,2,luxurious,,3,2
8885,55,male,asian,JP,JP,5,5,luxurious,,1,1
8886,75,male,asian,JP,JP,2,2,luxurious,,1,1
8887,33,male,asian,JP,JP,2,5,luxurious,,1,1
8888,28,male,asian,JP,JP,4,2,luxurious,,2,1
8889,45,female,asian,JP,JP,5,2,luxurious,,5,1
8890,57,female,asian,JP,JP,1,5,luxurious,,1,1
8891,50,female,asian,JP,JP,1,2,luxurious,,2,1
8892,42,male,asian,JP,JP,4,5,luxurious,,4,2
8893,75,male,asian,JP,JP,2,5,luxurious,,2,1
8894,24,female,asian,JP,JP,2,5,luxurious,,5,2
8895,70,female,asian,JP,JP,1,2,luxurious,,3,2
8896,58,male,asian,JP,JP,8,5,luxurious,,4,1
8897,54,female,asian,JP,JP,1,6,luxurious,,2,1
8898,48,female,asian,JP,JP,3,5,luxurious,,5,2
8899,57,male,asian,JP,JP,5,6,luxurious,,5,1
8900,45,female,asian,JP,JP,5,5,luxurious,,4,2
8901,49,female,asian,JP,JP,8,5,luxurious,,4,2
8902,60,female,asian,JP,JP,1,2,luxurious,,4,2
8903,65,male,asian,JP,JP,12,5,luxurious,,4,1
8904,46,female,asian,JP,JP,1,3,luxurious,,3,1
8905,31,female,asian,JP,JP,1,5,luxurious,,5,2
8906,57,male,asian,JP,JP,8,5,luxurious,,1,1
8907,39,male,asian,JP,JP,6,6,luxurious,,5,2
8908,42,female,asian,JP,JP,3,4,luxurious,,3,1
8909,49,male,asian,JP,JP,4,3,luxurious,,1,1
8910,60,male,asian,JP,JP,2,5,luxurious,,3,1
8911,63,female,white,JP,JP,1,4,luxurious,,5,2
8912,71,male,asian,JP,JP,12,4,luxurious,,3,1
8913,33,male,asian,JP,JP,3,5,luxurious,,2,1
8914,78,female,asian,JP,JP,1,5,luxurious,,2,1
8915,48,male,white,JP,JP,12,2,luxurious,,1,1
8916,34,male,asian,JP,JP,1,5,luxurious,,3,2
8917,63,female,white,JP,JP,1,2,luxurious,,2,1
8918,64,female,asian,JP,JP,12,5,luxurious,,3,2
8919,56,male,asian,JP,JP,7,2,luxurious,,2,1
8920,70,male,asian,JP,JP,4,5,luxurious,,2,1
8921,32,male,asian,JP,JP,4,5,luxurious,,1,1
8922,52,female,asian,JP,JP,1,5,luxurious,,4,2
8923,69,male,asian,JP,JP,3,5,luxurious,,1,1
8924,40,female,asian,JP,JP,2,5,luxurious,,3,2
8925,30,female,asian,JP,JP,12,2,luxurious,,5,2
8926,68,female,prefer not to answer,JP,JP,12,4,luxurious,,3,1
8927,49,female,asian,JP,JP,3,3,luxurious,,4,1
8928,41,female,asian,JP,JP,2,4,luxurious,,2,2
8929,60,male,asian,JP,JP,5,5,luxurious,,3,2
8930,58,male,asian,JP,JP,9,5,luxurious,,1,1
8931,44,male,asian,JP,JP,4,3,luxurious,,2,1
8932,69,male,asian,JP,JP,4,6,luxurious,,3,1
8933,53,male,asian,JP,JP,5,5,luxurious,,3,1
8934,58,female,asian,JP,JP,1,5,luxurious,,2,1
8935,44,male,asian,JP,JP,7,5,luxurious,,3,1
8936,,female,asian,JP,JP,12,5,luxurious,,5,2
8937,65,male,asian,JP,JP,3,6,luxurious,,2,1
8938,41,male,asian,JP,JP,8,5,luxurious,,2,2
8939,65,female,asian,JP,JP,1,5,luxurious,,2,1
8940,84,male,asian,JP,JP,2,6,luxurious,,3,1
8941,47,male,asian,JP,JP,2,5,luxurious,,2,2
8942,45,male,asian,JP,JP,9,5,luxurious,,4,2
8943,60,female,asian,JP,JP,6,5,luxurious,,5,2
8944,34,female,asian,JP,JP,1,2,luxurious,,2,1
8945,55,male,asian,JP,JP,8,2,luxurious,,2,2
8946,32,female,asian,JP,JP,1,5,luxurious,,2,1
8947,59,female,asian,JP,JP,1,2,luxurious,,4,1
8948,59,male,asian,JP,JP,8,5,luxurious,,2,1
8949,73,female,asian,JP,JP,1,5,luxurious,,1,1
8950,65,female,asian,JP,JP,1,4,luxurious,,5,2
8951,51,female,asian,JP,JP,1,4,luxurious,,5,2
8952,42,female,asian,JP,JP,1,5,luxurious,,3,1
8953,48,female,asian,JP,JP,1,5,luxurious,,3,2
8954,64,male,asian,JP,JP,12,5,luxurious,,1,1
8955,47,female,asian,JP,JP,2,2,luxurious,,2,1
8956,35,male,asian,JP,JP,1,5,luxurious,,5,2
8957,47,female,asian,JP,JP,2,4,luxurious,,3,1
8958,54,male,asian,JP,JP,4,2,luxurious,,2,1
8959,56,female,asian,JP,JP,8,5,luxurious,,4,2
8960,68,male,asian,JP,JP,5,5,luxurious,,2,1
8961,,male,asian,JP,JP,12,5,luxurious,,2,1
8962,44,female,asian,JP,JP,3,4,luxurious,,2,1
8963,40,female,asian,JP,JP,3,2,luxurious,,2,1
8964,50,female,asian,JP,JP,1,2,luxurious,,4,2
8965,63,female,asian,JP,JP,1,5,luxurious,,5,2
8966,35,female,asian,JP,JP,1,5,luxurious,,3,2
8967,43,male,asian,JP,JP,6,5,luxurious,,2,1
8968,58,female,asian,JP,JP,6,2,luxurious,,5,2
8969,34,male,asian,JP,JP,2,5,luxurious,,2,1
8970,75,male,asian,JP,JP,8,5,luxurious,,1,1
8971,31,female,asian,JP,JP,12,1,luxurious,,5,2
8972,47,female,asian,JP,JP,2,2,luxurious,,4,1
8973,45,male,asian,JP,JP,12,5,luxurious,,3,1
8974,57,male,asian,JP,JP,4,2,luxurious,,2,1
8975,56,female,asian,JP,JP,1,5,luxurious,,4,1
8976,51,male,asian,JP,JP,4,5,luxurious,,4,2
8977,54,male,asian,JP,JP,4,4,luxurious,,2,1
8978,64,male,prefer not to answer,JP,JP,12,2,luxurious,,1,1
8979,51,male,asian,JP,JP,1,3,luxurious,,5,1
8980,51,female,white,JP,JP,1,4,luxurious,,1,1
8981,41,female,asian,JP,JP,2,5,luxurious,,5,1
8982,57,male,asian,JP,JP,9,5,luxurious,,2,1
8983,55,female,asian,JP,JP,1,1,luxurious,,5,2
8984,57,female,asian,JP,JP,1,3,luxurious,,4,1
8985,55,female,white,JP,JP,1,2,luxurious,,5,1
8986,69,male,asian,JP,JP,2,5,luxurious,,2,2
8987,66,male,asian,JP,JP,5,5,luxurious,,2,1
8988,64,male,other,JP,JP,2,5,luxurious,,3,1
8989,48,female,asian,JP,JP,1,4,luxurious,,2,1
8990,64,male,asian,JP,JP,4,2,luxurious,,1,1
8991,77,male,asian,JP,JP,2,5,luxurious,,3,1
8992,49,male,asian,JP,JP,1,1,luxurious,,5,2
8993,36,female,asian,JP,JP,1,2,luxurious,,1,1
8994,22,female,asian,JP,JP,1,2,luxurious,,4,2
8995,58,male,asian,JP,JP,5,3,luxurious,,1,1
8996,41,male,asian,JP,JP,7,5,luxurious,,2,1
8997,61,male,asian,JP,JP,1,5,luxurious,,4,1
8998,72,male,asian,JP,JP,3,3,luxurious,,1,1
8999,48,female,asian,JP,JP,1,5,luxurious,,2,2
9000,39,male,asian,JP,JP,3,2,aggressive,,5,3
9001,66,female,asian,JP,JP,1,4,aggressive,,5,2
9002,47,female,asian,JP,JP,4,5,aggressive,,5,2
9003,63,male,asian,JP,JP,3,5,aggressive,,4,2
9004,54,male,asian,JP,JP,9,5,aggressive,,2,1
9005,49,male,asian,JP,JP,2,2,aggressive,,3,2
9006,54,male,asian,JP,JP,4,5,aggressive,,1,1
9007,67,female,asian,JP,JP,12,5,aggressive,,2,1
9008,55,male,asian,JP,JP,7,5,aggressive,,1,1
9009,64,female,asian,JP,JP,8,5,aggressive,,2,1
9010,46,female,asian,JP,JP,1,5,aggressive,,4,2
9011,44,male,asian,JP,JP,7,5,aggressive,,1,1
9012,62,male,asian,JP,JP,4,5,aggressive,,1,1
9013,64,male,asian,JP,JP,12,3,aggressive,,1,1
9014,49,male,asian,JP,JP,6,2,aggressive,,1,1
9015,51,female,asian,JP,JP,1,5,aggressive,,5,2
9016,47,female,asian,JP,JP,1,4,aggressive,,3,1
9017,44,female,asian,JP,JP,3,3,aggressive,,5,2
9018,33,male,asian,JP,JP,12,5,aggressive,,1,1
9019,43,male,asian,JP,JP,9,5,aggressive,,1,1
9020,49,female,asian,JP,JP,3,4,aggressive,,4,1
9021,44,male,asian,JP,JP,8,5,aggressive,,2,1
9022,42,female,asian,JP,JP,12,4,aggressive,,2,1
9023,60,male,asian,JP,JP,1,2,aggressive,,5,1
9024,,prefer not to answer,prefer not to answer,prefer not to answer,prefer not to answer,12,9,aggressive,,3,3
9025,61,male,asian,JP,JP,5,5,aggressive,,3,1
9026,49,male,asian,JP,JP,8,5,aggressive,,2,1
9027,51,male,asian,JP,JP,4,3,aggressive,,3,1
9028,51,male,asian,JP,JP,6,5,aggressive,,3,1
9029,41,male,asian,JP,JP,7,5,aggressive,,4,2
9030,30,female,asian,JP,JP,12,3,aggressive,,4,2
9031,49,male,asian,JP,JP,7,3,aggressive,,3,1
9032,80,male,asian,JP,JP,3,5,aggressive,,5,2
9033,53,male,asian,JP,JP,2,5,aggressive,,2,1
9034,49,male,asian,JP,JP,9,6,aggressive,,4,1
9035,37,female,prefer not to answer,JP,JP,6,2,aggressive,,3,1
9036,38,male,asian,JP,JP,3,5,aggressive,,1,1
9037,46,male,asian,JP,JP,8,5,aggressive,,5,1
9038,68,male,asian,JP,JP,7,6,aggressive,,2,1
9039,51,female,asian,JP,JP,3,4,aggressive,,5,2
9040,45,male,asian,JP,JP,4,5,aggressive,,3,1
9041,69,female,asian,JP,JP,2,2,aggressive,,4,2
9042,62,female,asian,JP,JP,3,4,aggressive,,3,1
9043,48,female,asian,JP,JP,12,6,aggressive,,2,2
9044,45,male,asian,JP,JP,4,5,aggressive,,2,1
9045,64,male,asian,JP,JP,3,5,aggressive,,2,1
9046,26,female,asian,JP,JP,7,5,aggressive,,3,1
9047,42,female,asian,JP,JP,12,5,aggressive,,3,2
9048,51,male,asian,JP,JP,6,5,aggressive,,2,1
9049,49,female,asian,JP,JP,12,2,aggressive,,3,2
9050,58,female,asian,JP,JP,12,5,aggressive,,2,1
9051,55,male,asian,JP,JP,9,5,aggressive,,2,1
9052,54,male,asian,JP,JP,1,2,aggressive,,5,1
9053,60,male,asian,JP,JP,2,5,aggressive,,2,1
9054,76,male,asian,JP,JP,12,2,aggressive,,2,1
9055,58,male,asian,JP,JP,5,5,aggressive,,1,1
9056,59,female,asian,JP,JP,1,2,aggressive,,4,2
9057,63,male,asian,JP,JP,3,5,aggressive,,1,1
9058,51,female,asian,JP,JP,8,6,aggressive,,4,2
9059,76,female,asian,JP,JP,1,2,aggressive,,5,2
9060,36,female,asian,JP,JP,12,5,aggressive,,2,1
9061,49,female,asian,JP,JP,4,2,aggressive,,5,2
9062,53,male,asian,JP,JP,4,5,aggressive,,3,1
9063,45,male,asian,JP,JP,6,5,aggressive,,1,1
9064,37,male,asian,JP,JP,5,5,aggressive,,5,2
9065,60,male,asian,JP,JP,2,2,aggressive,,2,1
9066,52,female,asian,JP,JP,1,3,aggressive,,4,2
9067,34,female,asian,JP,JP,1,5,aggressive,,5,2
9068,74,male,asian,JP,JP,3,5,aggressive,,4,1
9069,57,female,asian,JP,JP,6,5,aggressive,,5,2
9070,50,male,asian,JP,JP,7,2,aggressive,,2,1
9071,35,male,asian,JP,JP,8,6,aggressive,,3,2
9072,24,female,asian,JP,JP,12,5,aggressive,,1,1
9073,75,male,asian,JP,JP,1,5,aggressive,,3,1
9074,48,female,asian,JP,JP,2,4,aggressive,,3,1
9075,56,male,asian,JP,JP,9,2,aggressive,,1,1
9076,58,female,asian,JP,JP,1,2,aggressive,,5,2
9077,44,female,asian,JP,JP,1,4,aggressive,,1,1
9078,58,female,asian,JP,JP,3,5,aggressive,,3,2
9079,80,male,asian,JP,JP,1,2,aggressive,,4,1
9080,57,male,asian,JP,JP,7,5,aggressive,,1,1
9081,64,female,asian,JP,JP,4,2,aggressive,,2,2
9082,43,female,asian,JP,JP,1,5,aggressive,,1,1
9083,76,male,asian,JP,JP,12,5,aggressive,,2,1
9084,52,male,asian,JP,JP,2,2,aggressive,,2,1
9085,65,male,asian,JP,JP,3,5,aggressive,,4,1
9086,30,female,asian,JP,JP,2,3,aggressive,,2,1
9087,55,male,asian,JP,JP,8,2,aggressive,,4,1
9088,57,male,asian,JP,JP,10,5,aggressive,,3,1
9089,50,male,asian,JP,JP,1,2,aggressive,,5,2
9090,38,female,asian,JP,JP,7,5,aggressive,,3,2
9091,60,male,asian,JP,JP,11,5,aggressive,,1,1
9092,66,male,asian,JP,JP,12,5,aggressive,,4,1
9093,60,male,asian,JP,JP,7,5,aggressive,,1,1
9094,50,female,asian,JP,JP,1,4,aggressive,,2,1
9095,,male,prefer not to answer,prefer not to answer,prefer not to answer,7,5,aggressive,,3,2
9096,58,female,asian,JP,JP,1,4,aggressive,,2,1
9097,53,male,asian,JP,JP,10,5,aggressive,,2,1
9098,65,male,asian,JP,JP,12,5,aggressive,,2,1
9099,50,female,asian,JP,JP,1,5,aggressive,,1,2
9100,51,female,asian,JP,JP,2,5,aggressive,,4,2
9101,58,male,asian,JP,JP,9,5,aggressive,,2,1
9102,31,prefer not to answer,asian,JP,JP,7,5,aggressive,,5,2
9103,24,male,asian,JP,JP,3,5,aggressive,,2,2
9104,59,male,asian,JP,JP,5,6,aggressive,,4,2
9105,59,male,asian,JP,JP,3,2,aggressive,,3,1
9106,73,male,asian,JP,JP,1,2,aggressive,,2,1
9107,41,female,asian,JP,JP,3,5,aggressive,,5,2
9108,35,female,asian,JP,JP,8,5,aggressive,,5,2
9109,68,male,asian,JP,JP,1,5,aggressive,,3,1
9110,37,male,asian,JP,JP,4,5,aggressive,,4,1
9111,56,male,asian,JP,JP,12,2,aggressive,,1,2
9112,53,female,prefer not to answer,JP,JP,12,9,aggressive,,4,2
9113,35,male,asian,JP,JP,3,2,aggressive,,5,2
9114,60,male,asian,JP,JP,3,5,aggressive,,2,1
9115,55,male,asian,JP,JP,8,5,aggressive,,1,1
9116,46,male,asian,JP,JP,7,5,aggressive,,4,1
9117,63,male,asian,JP,JP,2,2,aggressive,,1,1
9118,61,male,asian,JP,JP,10,5,aggressive,,2,1
9119,55,female,asian,JP,JP,3,4,aggressive,,5,2
9120,61,male,asian,JP,JP,3,5,aggressive,,3,1
9121,53,female,asian,JP,JP,12,6,aggressive,,5,2
9122,43,female,asian,JP,JP,2,5,aggressive,,5,2
9123,61,male,asian,JP,JP,4,5,aggressive,,5,2
9124,31,female,asian,JP,JP,1,3,aggressive,,2,2
9125,47,male,asian,JP,JP,5,2,aggressive,,1,1
9126,63,male,asian,JP,JP,4,5,aggressive,,1,1
9127,37,male,asian,JP,JP,1,2,aggressive,,4,2
9128,30,male,asian,JP,JP,12,5,aggressive,,1,3
9129,65,male,asian,JP,JP,4,4,aggressive,,1,1
9130,51,male,asian,JP,JP,3,2,aggressive,,2,1
9131,53,female,asian,JP,JP,1,5,aggressive,,5,2
9132,28,female,asian,JP,JP,1,5,aggressive,,5,2
9133,49,female,asian,JP,JP,1,5,aggressive,,4,1
9134,60,female,asian,JP,JP,2,4,aggressive,,4,1
9135,32,female,asian,JP,JP,2,4,aggressive,,3,1
9136,53,female,asian,JP,JP,8,4,aggressive,,3,1
9137,47,male,asian,JP,JP,4,5,aggressive,,2,1
9138,42,male,asian,JP,JP,2,5,aggressive,,4,2
9139,43,female,asian,JP,JP,1,5,aggressive,,2,2
9140,50,female,asian,JP,JP,2,5,aggressive,,5,2
9141,63,male,asian,JP,JP,3,5,aggressive,,4,1
9142,53,male,asian,JP,JP,3,5,aggressive,,1,1
9143,51,male,asian,JP,JP,9,5,aggressive,,2,1
9144,52,male,asian,JP,JP,10,6,aggressive,,5,1
9145,33,male,asian,JP,JP,4,6,aggressive,,5,1
9146,37,male,asian,JP,JP,3,5,aggressive,,5,1
9147,60,female,asian,JP,JP,1,5,aggressive,,2,1
9148,69,male,asian,JP,JP,2,5,aggressive,,2,1
9149,49,female,asian,JP,JP,2,3,aggressive,,2,1
9150,46,female,asian,JP,JP,1,2,aggressive,,3,1
9151,52,male,asian,JP,JP,1,2,aggressive,,5,1
9152,37,male,asian,JP,JP,2,5,aggressive,,4,2
9153,52,male,asian,JP,JP,9,5,aggressive,,1,1
9154,44,male,asian,JP,JP,4,2,aggressive,,1,1
9155,67,female,asian,JP,JP,1,4,aggressive,,4,2
9156,61,male,asian,JP,JP,8,6,aggressive,,1,1
9157,34,female,asian,JP,JP,2,5,aggressive,,3,1
9158,46,female,asian,JP,JP,4,5,aggressive,,5,2
9159,34,female,asian,JP,JP,5,5,aggressive,,1,1
9160,62,male,asian,JP,JP,2,5,aggressive,,1,1
9161,43,female,asian,JP,JP,3,6,aggressive,,2,2
9162,77,male,asian,JP,JP,2,5,aggressive,,2,1
9163,46,male,asian,JP,JP,2,5,aggressive,,3,1
9164,76,female,asian,JP,JP,3,4,aggressive,,4,2
9165,54,female,asian,JP,JP,1,3,aggressive,,3,2
9166,67,female,asian,JP,JP,1,4,aggressive,,3,2
9167,52,male,asian,JP,JP,5,5,aggressive,,5,2
9168,35,male,asian,JP,JP,2,5,aggressive,,3,2
9169,76,female,asian,JP,JP,12,2,aggressive,,2,1
9170,52,male,asian,JP,JP,3,5,aggressive,,3,1
9171,47,male,asian,JP,JP,3,2,aggressive,,1,1
9172,35,female,asian,JP,JP,12,6,aggressive,,3,2
9173,,female,asian,JP,JP,1,2,aggressive,,5,1
9174,53,female,asian,JP,JP,4,4,aggressive,,5,2
9175,43,female,asian,JP,JP,2,4,aggressive,,5,2
9176,28,female,asian,JP,JP,1,5,aggressive,,4,2
9177,72,female,asian,JP,JP,1,2,aggressive,,4,2
9178,56,female,asian,JP,JP,12,4,aggressive,,4,2
9179,36,male,asian,JP,JP,1,5,aggressive,,5,2
9180,63,male,asian,JP,JP,1,5,aggressive,,2,1
9181,77,male,asian,JP,JP,3,2,aggressive,,2,1
9182,61,female,asian,JP,JP,1,2,aggressive,,4,2
9183,62,male,asian,JP,JP,5,2,aggressive,,2,1
9184,62,female,asian,JP,JP,1,2,aggressive,,5,2
9185,45,male,asian,JP,JP,4,5,aggressive,,2,1
9186,51,female,asian,JP,JP,7,3,aggressive,,2,1
9187,47,male,asian,JP,JP,12,5,aggressive,,4,1
9188,55,male,asian,JP,JP,9,6,aggressive,,1,1
9189,32,female,asian,JP,JP,12,5,aggressive,,5,2
9190,57,male,asian,JP,JP,9,7,aggressive,,2,1
9191,60,female,asian,JP,JP,10,5,aggressive,,1,1
9192,36,female,asian,JP,JP,1,5,aggressive,,4,1
9193,53,male,asian,JP,JP,1,3,aggressive,,5,2
9194,61,female,asian,JP,JP,1,5,aggressive,,5,2
9195,32,male,asian,JP,JP,1,1,aggressive,,2,2
9196,42,female,asian,JP,JP,1,3,aggressive,,3,1
9197,60,female,asian,JP,JP,2,5,aggressive,,3,2
9198,60,male,asian,JP,JP,5,2,aggressive,,3,1
9199,38,male,asian,JP,JP,7,3,aggressive,,3,2
9200,54,male,asian,JP,JP,2,5,aggressive,,1,1
9201,35,female,asian,JP,JP,1,3,aggressive,,2,1
9202,49,male,asian,JP,JP,5,5,aggressive,,4,2
9203,58,female,asian,JP,JP,1,2,aggressive,,5,2
9204,51,male,asian,JP,JP,12,2,aggressive,,3,2
9205,52,female,asian,JP,JP,12,4,aggressive,,5,2
9206,49,male,asian,JP,JP,4,3,aggressive,,4,2
9207,55,male,asian,JP,JP,4,7,aggressive,,2,1
9208,73,male,asian,JP,JP,1,2,aggressive,,3,1
9209,63,female,asian,JP,JP,1,2,aggressive,,1,2
9210,42,male,asian,JP,JP,3,5,aggressive,,2,1
9211,69,male,asian,JP,JP,12,5,aggressive,,2,1
9212,51,female,asian,JP,JP,3,5,aggressive,,3,1
9213,73,male,asian,JP,JP,12,5,aggressive,,2,1
9214,55,female,asian,JP,JP,1,4,aggressive,,5,2
9215,,male,asian,JP,JP,12,5,aggressive,,5,1
9216,57,male,asian,JP,JP,7,5,aggressive,,2,1
9217,55,female,asian,JP,JP,1,2,aggressive,,4,2
9218,50,male,asian,JP,JP,8,5,aggressive,,1,1
9219,53,female,asian,JP,JP,2,4,aggressive,,3,1
9220,70,male,asian,JP,JP,1,2,aggressive,,3,1
9221,63,male,asian,JP,JP,11,5,aggressive,,1,1
9222,56,male,asian,JP,JP,8,5,aggressive,,1,2
9223,53,male,asian,JP,JP,7,2,aggressive,,1,1
9224,48,female,asian,JP,JP,1,4,aggressive,,5,2
9225,61,male,asian,JP,JP,1,5,aggressive,,3,1
9226,67,male,other,JP,JP,2,5,aggressive,,5,2
9227,81,female,asian,JP,JP,1,5,aggressive,,4,2
9228,58,male,asian,JP,JP,4,5,aggressive,,3,2
9229,54,female,asian,JP,JP,1,3,aggressive,,5,2
9230,51,female,asian,JP,JP,1,3,aggressive,,2,1
9231,40,female,asian,JP,JP,1,3,aggressive,,2,1
9232,83,female,asian,JP,JP,12,2,aggressive,,3,1
9233,51,female,asian,JP,JP,1,5,aggressive,,4,2
9234,67,female,asian,JP,JP,4,5,aggressive,,4,1
9235,48,female,asian,JP,JP,1,5,aggressive,,4,2
9236,67,female,asian,JP,JP,1,2,aggressive,,2,1
9237,63,female,asian,JP,JP,1,5,aggressive,,4,2
9238,48,female,asian,JP,JP,1,4,aggressive,,1,1
9239,,male,asian,JP,JP,9,7,aggressive,,2,1
9240,51,male,asian,JP,JP,12,1,aggressive,,3,1
9241,34,female,asian,JP,JP,1,5,aggressive,,5,2
9242,30,female,asian,JP,JP,7,5,aggressive,,1,1
9243,36,female,asian,JP,JP,1,5,aggressive,,3,2
9244,56,female,asian,JP,JP,1,5,aggressive,,2,2
9245,54,male,asian,JP,JP,12,5,aggressive,,1,1
9246,58,female,asian,JP,JP,1,4,aggressive,,5,2
9247,34,female,asian,JP,JP,12,3,aggressive,,5,2
9248,51,female,asian,JP,JP,1,4,aggressive,,5,2
9249,37,male,asian,JP,JP,12,5,aggressive,,4,2
9250,31,female,asian,JP,JP,3,5,aggressive,,5,3
9251,45,male,asian,JP,JP,3,4,aggressive,,2,1
9252,50,male,asian,JP,JP,1,2,aggressive,,5,2
9253,65,female,asian,JP,JP,1,4,aggressive,,3,2
9254,33,female,asian,JP,JP,2,5,aggressive,,2,2
9255,50,female,asian,JP,JP,1,2,aggressive,,3,2
9256,34,male,asian,JP,JP,4,5,aggressive,,4,1
9257,35,female,asian,JP,JP,2,2,aggressive,,5,2
9258,38,male,asian,JP,JP,6,4,aggressive,,2,1
9259,81,male,asian,JP,JP,2,2,aggressive,,2,1
9260,57,male,asian,JP,JP,11,5,aggressive,,5,2
9261,69,male,asian,JP,JP,3,5,aggressive,,2,1
9262,49,male,asian,JP,JP,1,5,aggressive,,1,2
9263,26,female,asian,JP,JP,2,5,aggressive,,3,1
9264,43,male,white,JP,JP,5,5,aggressive,,2,1
9265,58,male,asian,JP,JP,8,5,aggressive,,5,2
9266,45,male,asian,JP,JP,2,1,aggressive,,2,1
9267,49,male,asian,JP,JP,3,5,aggressive,,3,1
9268,57,male,asian,JP,JP,4,2,aggressive,,2,1
9269,66,male,asian,JP,JP,4,2,aggressive,,2,1
9270,63,male,asian,JP,JP,8,5,aggressive,,4,1
9271,72,female,asian,JP,JP,1,2,aggressive,,4,2
9272,49,male,asian,JP,JP,4,2,aggressive,,2,1
9273,61,female,asian,JP,JP,1,4,aggressive,,2,1
9274,34,male,asian,JP,JP,3,2,aggressive,,4,2
9275,35,female,asian,JP,JP,4,5,aggressive,,5,2
9276,85,male,asian,JP,JP,12,5,aggressive,,1,1
9277,42,male,asian,JP,JP,5,5,aggressive,,1,2
9278,67,male,asian,JP,JP,1,5,aggressive,,4,2
9279,49,female,asian,JP,JP,12,2,aggressive,,3,2
9280,57,male,asian,JP,JP,2,5,aggressive,,5,2
9281,63,male,asian,JP,JP,12,3,aggressive,,3,2
9282,61,female,asian,JP,JP,1,4,aggressive,,5,1
9283,60,male,asian,JP,JP,4,5,aggressive,,2,1
9284,54,female,asian,JP,JP,1,3,aggressive,,5,2
9285,37,male,asian,JP,JP,6,6,aggressive,,2,1
9286,38,female,asian,JP,JP,1,3,aggressive,,5,2
9287,66,female,asian,JP,JP,2,5,aggressive,,1,1
9288,64,male,asian,JP,JP,4,5,aggressive,,3,1
9289,69,female,asian,JP,JP,2,5,aggressive,,3,1
9290,62,male,asian,JP,JP,3,5,aggressive,,4,1
9291,47,male,asian,JP,JP,5,5,aggressive,,5,2
9292,54,female,asian,JP,JP,1,5,aggressive,,4,1
9293,72,male,asian,JP,JP,1,5,aggressive,,4,1
9294,45,male,asian,JP,JP,1,1,aggressive,,2,2
9295,68,male,asian,JP,JP,12,5,aggressive,,2,1
9296,53,male,asian,JP,JP,7,5,aggressive,,2,1
9297,48,female,asian,JP,JP,1,3,aggressive,,4,2
9298,51,female,asian,JP,JP,1,4,aggressive,,1,1
9299,60,male,asian,JP,JP,6,5,aggressive,,2,1
9300,55,female,asian,JP,JP,1,2,aggressive,,2,1
9301,42,female,asian,JP,JP,10,5,aggressive,,3,2
9302,46,male,asian,JP,JP,8,5,aggressive,,3,1
9303,56,female,asian,JP,JP,12,3,aggressive,,3,1
9304,57,female,asian,JP,JP,7,5,aggressive,,4,2
9305,49,female,asian,JP,JP,12,3,aggressive,,2,2
9306,58,male,asian,JP,JP,1,2,aggressive,,1,1
9307,54,female,asian,JP,JP,3,4,aggressive,,5,1
9308,23,female,asian,JP,JP,2,2,aggressive,,5,2
9309,22,female,asian,JP,JP,3,5,aggressive,,1,1
9310,55,female,asian,JP,JP,1,5,aggressive,,4,1
9311,42,male,asian,JP,JP,8,5,aggressive,,1,1
9312,46,female,asian,JP,JP,12,5,aggressive,,5,2
9313,48,female,asian,JP,JP,1,4,aggressive,,5,1
9314,77,male,asian,JP,JP,1,2,aggressive,,2,1
9315,68,female,asian,JP,JP,1,5,aggressive,,4,2
9316,54,female,asian,JP,JP,3,4,aggressive,,1,1
9317,47,female,white,JP,JP,12,2,aggressive,,5,2
9318,49,female,asian,JP,JP,4,4,aggressive,,1,1
9319,70,female,asian,JP,JP,1,2,aggressive,,5,2
9320,44,female,asian,JP,JP,2,2,aggressive,,4,1
9321,53,male,asian,JP,JP,6,5,aggressive,,2,1
9322,60,male,asian,JP,JP,3,5,aggressive,,3,1
9323,60,male,asian,JP,JP,5,2,aggressive,,4,2
9324,56,female,asian,JP,JP,2,2,aggressive,,3,1
9325,40,male,asian,JP,JP,1,5,aggressive,,5,2
9326,52,female,asian,JP,JP,8,5,aggressive,,4,1
9327,57,male,asian,JP,JP,1,2,aggressive,,1,1
9328,54,male,asian,JP,JP,6,5,aggressive,,2,1
9329,62,male,asian,JP,JP,12,3,aggressive,,2,2
9330,52,male,asian,JP,JP,3,2,aggressive,,2,1
9331,26,male,white,JP,JP,2,5,aggressive,,1,1
9332,53,male,asian,JP,JP,1,2,aggressive,,5,1
9333,57,male,asian,JP,JP,7,2,aggressive,,3,1
9334,61,male,asian,JP,JP,1,2,aggressive,,2,1
9335,63,female,asian,JP,JP,1,5,aggressive,,4,1
9336,43,female,asian,JP,JP,3,4,aggressive,,4,1
9337,72,male,asian,JP,JP,1,3,aggressive,,4,1
9338,45,male,asian,JP,JP,4,5,aggressive,,2,2
9339,61,male,asian,JP,JP,8,2,aggressive,,2,1
9340,70,male,asian,JP,JP,5,5,aggressive,,1,1
9341,55,female,asian,JP,JP,2,2,aggressive,,5,2
9342,39,male,asian,JP,JP,5,3,aggressive,,2,1
9343,68,male,asian,JP,JP,3,5,aggressive,,2,1
9344,78,female,asian,JP,JP,1,2,aggressive,,2,2
9345,74,male,asian,JP,JP,1,2,aggressive,,3,1
9346,61,female,asian,JP,JP,2,3,aggressive,,5,2
9347,72,male,asian,JP,JP,4,2,aggressive,,3,1
9348,22,male,asian,JP,JP,8,2,aggressive,,2,2
9349,59,female,asian,JP,JP,1,2,aggressive,,4,2
9350,42,female,asian,JP,JP,1,2,aggressive,,5,2
9351,42,male,asian,JP,JP,8,5,aggressive,,2,1
9352,49,male,asian,JP,JP,7,5,aggressive,,4,1
9353,51,female,asian,JP,JP,1,4,aggressive,,5,2
9354,51,male,asian,JP,JP,6,2,aggressive,,3,1
9355,43,female,asian,JP,JP,3,4,aggressive,,5,2
9356,59,male,asian,JP,JP,12,2,aggressive,,4,2
9357,42,female,asian,JP,JP,1,4,aggressive,,2,1
9358,46,female,asian,JP,JP,12,5,aggressive,,3,1
9359,55,female,asian,JP,JP,4,3,aggressive,,5,1
9360,28,male,asian,JP,JP,2,2,aggressive,,1,2
9361,60,male,asian,JP,JP,11,6,aggressive,,2,1
9362,40,female,asian,JP,JP,2,5,aggressive,,2,1
9363,72,male,asian,JP,JP,4,2,aggressive,,2,1
9364,62,male,asian,JP,JP,12,5,aggressive,,1,1
9365,49,male,asian,JP,JP,3,5,aggressive,,1,1
9366,59,male,asian,JP,JP,6,5,aggressive,,2,1
9367,63,female,asian,JP,JP,2,2,aggressive,,5,1
9368,51,male,asian,JP,JP,7,6,aggressive,,3,1
9369,67,male,asian,JP,JP,9,5,aggressive,,1,1
9370,59,male,asian,JP,JP,4,3,aggressive,,3,1
9371,21,male,asian,JP,JP,2,2,aggressive,,1,1
9372,77,male,asian,JP,JP,2,4,aggressive,,4,2
9373,61,male,asian,JP,JP,1,5,aggressive,,5,2
9374,48,male,asian,JP,JP,3,2,aggressive,,3,2
9375,62,male,asian,JP,JP,1,3,aggressive,,5,2
9376,74,male,asian,JP,JP,3,5,aggressive,,5,1
9377,73,female,asian,JP,JP,2,4,aggressive,,4,1
9378,60,male,asian,JP,JP,7,3,aggressive,,2,1
9379,35,female,asian,JP,JP,1,2,aggressive,,3,2
9380,74,male,asian,JP,JP,12,9,aggressive,,2,1
9381,48,female,asian,JP,JP,3,2,aggressive,,2,1
9382,43,female,asian,JP,JP,1,5,aggressive,,2,1
9383,58,male,asian,JP,JP,8,5,aggressive,,2,1
9384,58,female,white,JP,JP,1,2,aggressive,,5,2
9385,68,male,asian,JP,JP,3,6,aggressive,,2,1
9386,55,female,asian,JP,JP,3,4,aggressive,,3,1
9387,60,female,asian,JP,JP,1,4,aggressive,,2,2
9388,65,male,asian,JP,JP,1,5,aggressive,,2,1
9389,64,female,asian,JP,JP,1,2,aggressive,,4,2
9390,48,female,asian,JP,JP,2,3,aggressive,,2,1
9391,48,male,asian,JP,JP,1,3,aggressive,,3,2
9392,58,female,asian,JP,JP,1,4,aggressive,,2,1
9393,59,male,asian,JP,JP,1,5,aggressive,,2,1
9394,44,male,asian,JP,JP,12,5,aggressive,,3,1
9395,77,male,asian,JP,JP,2,2,aggressive,,4,1
9396,58,male,asian,JP,JP,9,6,aggressive,,4,2
9397,54,female,asian,JP,JP,1,3,aggressive,,5,1
9398,59,male,asian,JP,JP,7,3,aggressive,,3,1
9399,59,male,asian,JP,JP,9,5,aggressive,,1,1
9400,66,male,asian,JP,JP,6,5,aggressive,,1,1
9401,56,male,asian,JP,JP,12,5,aggressive,,3,1
9402,63,male,asian,JP,JP,1,5,aggressive,,3,1
9403,68,male,asian,JP,JP,4,5,aggressive,,1,1
9404,48,female,asian,JP,JP,1,2,aggressive,,4,2
9405,41,male,asian,JP,JP,4,5,aggressive,,2,1
9406,41,male,asian,JP,JP,7,5,aggressive,,2,1
9407,56,male,asian,JP,JP,8,6,aggressive,,5,2
9408,55,male,asian,JP,JP,8,2,aggressive,,2,1
9409,59,male,asian,JP,JP,5,3,aggressive,,3,1
9410,59,female,asian,JP,JP,1,4,aggressive,,5,2
9411,61,male,asian,JP,JP,5,5,aggressive,,4,1
9412,72,male,asian,JP,JP,3,2,aggressive,,2,1
9413,66,male,asian,JP,JP,1,5,aggressive,,3,1
9414,59,female,asian,JP,JP,6,2,aggressive,,5,2
9415,50,male,asian,JP,JP,4,2,aggressive,,2,1
9416,65,male,asian,JP,JP,1,2,aggressive,,1,1
9417,60,male,asian,JP,JP,5,2,aggressive,,4,2
9418,52,male,asian,JP,JP,10,5,aggressive,,4,1
9419,51,male,asian,JP,JP,9,5,aggressive,,4,2
9420,51,female,asian,JP,JP,3,4,aggressive,,2,1
9421,27,male,asian,JP,JP,1,3,aggressive,,4,2
9422,33,female,asian,JP,JP,12,2,aggressive,,5,2
9423,45,male,asian,JP,JP,5,3,aggressive,,1,1
9424,62,male,asian,JP,JP,6,5,aggressive,,4,1
9425,46,female,asian,JP,JP,6,5,aggressive,,1,1
9426,41,male,asian,JP,JP,6,5,aggressive,,2,1
9427,51,female,asian,JP,JP,1,4,aggressive,,5,2
9428,49,female,asian,JP,JP,1,3,aggressive,,4,2
9429,46,male,asian,JP,JP,2,5,aggressive,,2,1
9430,45,male,asian,JP,JP,9,5,aggressive,,1,1
9431,53,male,asian,JP,JP,2,5,aggressive,,4,1
9432,65,male,asian,JP,JP,12,6,aggressive,,3,1
9433,76,male,asian,JP,JP,4,5,aggressive,,4,1
9434,23,female,asian,JP,JP,1,3,aggressive,,3,1
9435,51,male,asian,JP,JP,8,5,aggressive,,1,1
9436,65,female,asian,JP,JP,1,2,aggressive,,5,2
9437,53,female,asian,JP,JP,1,4,aggressive,,2,1
9438,49,female,asian,JP,JP,12,2,aggressive,,4,2
9439,63,male,white,JP,JP,12,2,aggressive,,2,2
9440,72,female,asian,JP,JP,1,4,aggressive,,4,2
9441,60,male,asian,JP,JP,8,3,aggressive,,5,2
9442,43,male,asian,JP,JP,7,5,aggressive,,1,1
9443,63,female,asian,JP,JP,1,2,aggressive,,2,2
9444,45,male,asian,JP,JP,6,2,aggressive,,1,1
9445,70,male,asian,JP,JP,1,5,aggressive,,3,1
9446,46,female,asian,JP,JP,2,5,aggressive,,3,1
9447,43,male,asian,JP,JP,8,5,aggressive,,2,1
9448,48,male,asian,JP,JP,7,5,aggressive,,4,1
9449,52,female,asian,JP,JP,1,3,aggressive,,2,1
9450,51,female,asian,JP,JP,1,4,aggressive,,2,1
9451,64,male,asian,JP,JP,4,2,aggressive,,4,1
9452,54,female,asian,JP,JP,2,4,aggressive,,5,2
9453,59,male,asian,JP,JP,3,5,aggressive,,4,1
9454,64,male,asian,JP,JP,7,3,aggressive,,1,1
9455,71,female,asian,JP,JP,1,2,aggressive,,4,2
9456,59,female,asian,JP,JP,5,2,aggressive,,3,1
9457,58,female,white,JP,JP,3,2,aggressive,,2,1
9458,48,female,asian,JP,JP,1,3,aggressive,,4,1
9459,46,female,asian,JP,JP,1,3,aggressive,,3,1
9460,35,male,asian,JP,JP,6,5,aggressive,,4,2
9461,46,male,asian,JP,JP,3,5,aggressive,,5,2
9462,84,male,asian,JP,JP,4,2,aggressive,,1,1
9463,35,prefer not to answer,asian,JP,JP,2,3,aggressive,,4,2
9464,50,female,asian,JP,JP,12,3,aggressive,,3,1
9465,40,female,asian,JP,JP,2,5,aggressive,,3,1
9466,53,male,asian,JP,JP,12,2,aggressive,,3,1
9467,54,male,asian,JP,JP,1,5,aggressive,,2,2
9468,65,male,asian,JP,JP,4,2,aggressive,,1,1
9469,50,female,asian,JP,JP,3,5,aggressive,,4,2
9470,46,female,asian,JP,JP,3,2,aggressive,,5,2
9471,52,male,asian,JP,JP,8,5,aggressive,,2,1
9472,56,male,asian,JP,JP,6,2,aggressive,,2,1
9473,54,female,asian,JP,JP,3,4,aggressive,,2,1
9474,62,male,asian,JP,JP,3,3,aggressive,,3,2
9475,58,male,asian,JP,JP,1,2,aggressive,,4,1
9476,57,female,asian,JP,JP,2,2,aggressive,,4,2
9477,40,male,asian,JP,JP,7,2,aggressive,,2,1
9478,47,male,asian,JP,JP,6,3,aggressive,,1,1
9479,49,female,asian,JP,JP,12,5,aggressive,,2,2
9480,55,male,asian,JP,JP,7,5,aggressive,,3,1
9481,48,male,asian,JP,JP,2,1,aggressive,,1,1
9482,54,female,asian,JP,JP,1,4,aggressive,,4,2
9483,74,male,asian,JP,JP,3,5,aggressive,,3,1
9484,42,male,asian,JP,JP,8,5,aggressive,,1,1
9485,48,female,asian,JP,JP,12,2,aggressive,,2,1
9486,70,male,asian,JP,JP,1,5,aggressive,,1,1
9487,52,male,asian,JP,JP,8,5,aggressive,,4,2
9488,34,female,asian,JP,JP,1,3,aggressive,,4,1
9489,65,female,asian,JP,JP,2,3,aggressive,,3,1
9490,53,female,asian,JP,JP,1,2,aggressive,,4,2
9491,61,male,asian,JP,JP,4,5,aggressive,,1,1
9492,64,male,asian,JP,JP,12,2,aggressive,,3,1
9493,39,female,asian,JP,JP,6,5,aggressive,,5,2
9494,50,male,asian,JP,JP,6,5,aggressive,,1,1
9495,67,male,asian,JP,JP,12,5,aggressive,,2,1
9496,63,female,asian,JP,JP,4,4,aggressive,,2,1
9497,75,male,asian,JP,JP,1,2,aggressive,,4,2
9498,76,male,asian,JP,JP,1,5,aggressive,,1,1
9499,47,female,asian,JP,JP,1,2,aggressive,,2,1
9500,43,male,asian,JP,JP,6,3,aggressive,,4,1
9501,46,female,asian,JP,JP,3,5,aggressive,,4,2
9502,65,male,asian,JP,JP,9,5,aggressive,,5,2
9503,60,female,asian,JP,JP,6,2,aggressive,,1,1
9504,46,male,asian,JP,JP,4,5,aggressive,,4,1
9505,46,male,asian,JP,JP,7,5,aggressive,,3,2
9506,41,male,asian,JP,JP,1,5,aggressive,,5,2
9507,59,male,asian,JP,JP,6,5,aggressive,,2,1
9508,66,male,asian,JP,JP,8,5,aggressive,,1,1
9509,53,female,asian,JP,JP,5,6,aggressive,,2,2
9510,47,female,asian,JP,JP,2,5,aggressive,,2,1
9511,57,male,asian,JP,JP,9,5,aggressive,,2,1
9512,66,male,asian,JP,JP,1,5,aggressive,,3,1
9513,74,female,asian,JP,JP,2,4,aggressive,,2,1
9514,77,male,white,JP,JP,4,5,aggressive,,4,2
9515,,male,asian,JP,JP,12,5,aggressive,,3,2
9516,73,male,asian,JP,JP,4,3,aggressive,,2,1
9517,70,female,asian,JP,JP,1,5,aggressive,,2,1
9518,63,female,asian,JP,JP,1,2,aggressive,,2,1
9519,70,male,asian,JP,JP,2,5,aggressive,,2,1
9520,72,female,asian,JP,JP,1,5,aggressive,,3,1
9521,57,male,asian,JP,JP,12,8,aggressive,,2,2
9522,51,female,white,JP,JP,1,2,aggressive,,2,1
9523,70,male,asian,JP,JP,12,5,aggressive,,1,1
9524,35,female,asian,JP,JP,12,5,aggressive,,5,2
9525,42,female,asian,JP,JP,1,2,aggressive,,5,2
9526,48,male,asian,JP,JP,1,2,aggressive,,3,2
9527,48,male,asian,JP,JP,6,5,aggressive,,2,1
9528,64,male,asian,JP,JP,8,5,aggressive,,2,1
9529,64,male,asian,JP,JP,2,5,aggressive,,5,2
9530,49,male,asian,JP,JP,6,2,aggressive,,1,1
9531,38,female,asian,JP,JP,2,3,aggressive,,5,2
9532,58,female,asian,JP,JP,1,2,aggressive,,4,1
9533,28,female,asian,JP,JP,3,2,aggressive,,3,2
9534,54,male,asian,JP,JP,5,5,aggressive,,2,2
9535,65,female,asian,JP,JP,5,5,aggressive,,4,2
9536,68,female,asian,JP,JP,1,4,aggressive,,2,1
9537,53,female,asian,JP,JP,1,5,aggressive,,4,2
9538,47,male,asian,JP,JP,7,6,aggressive,,5,2
9539,31,male,asian,JP,JP,6,5,aggressive,,2,1
9540,50,male,asian,JP,JP,12,5,aggressive,,2,1
9541,39,male,asian,JP,JP,5,5,aggressive,,1,1
9542,79,male,asian,JP,JP,2,5,aggressive,,2,1
9543,35,male,asian,JP,JP,12,3,aggressive,,1,1
9544,63,male,asian,JP,JP,1,2,aggressive,,4,1
9545,42,male,asian,JP,JP,5,5,aggressive,,5,1
9546,53,female,asian,JP,JP,12,5,aggressive,,2,1
9547,54,male,asian,JP,JP,4,5,aggressive,,5,2
9548,42,male,asian,JP,JP,5,5,aggressive,,1,1
9549,56,male,asian,JP,JP,9,6,aggressive,,2,1
9550,64,female,asian,JP,JP,1,2,aggressive,,3,2
9551,56,female,white,JP,JP,4,2,aggressive,,4,2
9552,53,female,asian,JP,JP,1,2,aggressive,,4,1
9553,46,male,asian,JP,JP,12,5,aggressive,,3,1
9554,57,male,asian,JP,JP,6,6,aggressive,,2,1
9555,60,male,asian,JP,JP,9,3,aggressive,,3,1
9556,40,female,asian,JP,JP,9,5,aggressive,,5,2
9557,60,female,asian,JP,JP,1,4,aggressive,,5,2
9558,86,male,asian,JP,JP,5,5,aggressive,,4,2
9559,52,male,asian,JP,JP,3,2,aggressive,,2,1
9560,52,male,asian,JP,JP,3,3,aggressive,,2,1
9561,29,female,asian,JP,JP,1,3,aggressive,,2,1
9562,56,male,white,JP,JP,6,2,aggressive,,1,1
9563,59,male,asian,JP,JP,9,6,aggressive,,1,1
9564,77,male,asian,JP,JP,5,5,aggressive,,2,1
9565,30,female,asian,JP,JP,2,3,aggressive,,3,1
9566,60,female,asian,JP,JP,3,4,aggressive,,4,2
9567,76,male,asian,JP,JP,2,4,aggressive,,1,1
9568,39,male,asian,JP,JP,9,5,aggressive,,2,1
9569,77,female,asian,JP,JP,12,2,aggressive,,3,2
9570,70,male,asian,JP,JP,3,2,aggressive,,2,2
9571,60,male,asian,JP,JP,9,5,aggressive,,1,1
9572,68,male,asian,JP,JP,5,7,aggressive,,1,1
9573,57,male,asian,JP,JP,1,4,aggressive,,2,1
9574,57,male,asian,JP,JP,1,4,aggressive,,2,1
9575,48,male,asian,JP,JP,4,5,aggressive,,2,1
9576,54,male,asian,JP,JP,8,6,aggressive,,1,1
9577,60,female,asian,JP,JP,1,4,aggressive,,4,1
9578,70,male,asian,JP,JP,3,6,aggressive,,3,1
9579,76,male,asian,JP,JP,2,5,aggressive,,3,1
9580,44,female,asian,JP,JP,1,4,aggressive,,4,2
9581,47,female,asian,JP,JP,2,5,aggressive,,3,2
9582,58,male,asian,JP,JP,6,3,aggressive,,1,1
9583,35,male,asian,JP,JP,1,2,aggressive,,3,2
9584,76,male,asian,JP,JP,2,2,aggressive,,3,1
9585,48,male,asian,JP,JP,1,5,aggressive,,2,1
9586,73,male,other,JP,JP,1,1,aggressive,,2,1
9587,73,male,asian,JP,JP,2,5,aggressive,,4,2
9588,44,male,asian,JP,JP,1,5,aggressive,,1,2
9589,29,female,asian,JP,JP,1,5,aggressive,,2,2
9590,62,female,asian,JP,JP,1,5,aggressive,,2,1
9591,68,male,asian,JP,JP,2,5,aggressive,,2,1
9592,26,female,asian,JP,JP,3,5,aggressive,,3,2
9593,62,female,asian,JP,JP,1,5,aggressive,,5,2
9594,70,male,asian,JP,JP,8,5,aggressive,,2,1
9595,54,male,asian,JP,JP,12,5,aggressive,,3,1
9596,52,female,asian,JP,JP,1,4,aggressive,,5,2
9597,70,male,asian,JP,JP,3,5,aggressive,,4,2
9598,59,male,asian,JP,JP,3,5,aggressive,,2,1
9599,54,female,asian,JP,JP,1,2,aggressive,,5,2
9600,68,female,asian,JP,JP,12,4,aggressive,,3,2
9601,70,male,asian,JP,JP,7,5,aggressive,,2,1
9602,43,female,asian,JP,JP,12,5,aggressive,,5,2
9603,72,male,asian,JP,JP,1,2,aggressive,,4,1
9604,40,male,asian,JP,JP,4,5,aggressive,,1,1
9605,59,male,asian,JP,JP,8,5,aggressive,,4,2
9606,53,male,asian,JP,JP,8,5,aggressive,,3,1
9607,36,male,asian,JP,JP,1,3,aggressive,,2,1
9608,50,male,asian,JP,JP,1,5,aggressive,,3,1
9609,43,male,asian,JP,JP,6,6,aggressive,,3,2
9610,76,male,asian,JP,JP,3,5,aggressive,,1,1
9611,44,male,asian,JP,JP,7,5,aggressive,,4,1
9612,63,male,asian,JP,JP,2,5,aggressive,,4,1
9613,44,female,asian,JP,JP,1,5,aggressive,,3,1
9614,62,male,asian,JP,JP,1,2,aggressive,,5,2
9615,47,male,asian,JP,JP,5,5,aggressive,,1,1
9616,69,male,asian,JP,JP,3,2,aggressive,,2,1
9617,35,female,asian,JP,JP,6,5,aggressive,,4,1
9618,54,male,asian,JP,JP,7,3,aggressive,,1,1
9619,50,female,prefer not to answer,JP,JP,1,4,aggressive,,5,2
9620,30,female,other,JP,JP,12,2,aggressive,,2,2
9621,60,female,asian,JP,JP,1,3,aggressive,,2,1
9622,45,male,asian,JP,JP,3,5,aggressive,,1,1
9623,65,male,asian,JP,JP,7,6,aggressive,,4,1
9624,56,male,asian,JP,JP,2,2,aggressive,,5,2
9625,73,male,asian,JP,JP,3,4,aggressive,,1,1
9626,50,male,asian,JP,JP,8,2,aggressive,,3,1
9627,43,female,asian,JP,JP,1,5,aggressive,,4,2
9628,47,male,asian,JP,JP,2,2,aggressive,,2,1
9629,58,male,asian,JP,JP,5,7,aggressive,,2,2
9630,50,female,asian,JP,JP,2,5,aggressive,,1,1
9631,49,male,asian,JP,JP,12,9,aggressive,,5,2
9632,60,male,asian,JP,JP,4,2,aggressive,,2,1
9633,58,male,asian,JP,JP,4,2,aggressive,,2,1
9634,52,female,asian,JP,JP,1,1,aggressive,,4,1
9635,62,female,asian,JP,JP,12,2,aggressive,,5,2
9636,54,male,asian,JP,JP,7,5,aggressive,,2,2
9637,72,male,asian,JP,JP,2,5,aggressive,,2,1
9638,44,male,asian,JP,JP,4,2,aggressive,,5,1
9639,61,female,asian,JP,JP,7,6,aggressive,,5,2
9640,75,male,asian,JP,JP,12,2,aggressive,,2,1
9641,40,female,asian,JP,JP,4,5,aggressive,,1,1
9642,56,female,white,JP,JP,1,2,aggressive,,5,1
9643,65,male,asian,JP,JP,2,5,aggressive,,2,2
9644,71,male,asian,JP,JP,2,5,aggressive,,2,2
9645,62,male,asian,JP,JP,12,2,aggressive,,1,1
9646,69,male,asian,JP,JP,9,5,aggressive,,1,1
9647,59,female,asian,JP,JP,1,2,aggressive,,4,1
9648,66,female,asian,JP,JP,8,5,aggressive,,5,2
9649,62,male,asian,JP,JP,8,5,aggressive,,1,1
9650,64,male,asian,JP,JP,1,2,aggressive,,2,2
9651,58,female,asian,JP,JP,1,5,aggressive,,4,2
9652,63,female,asian,JP,JP,2,4,aggressive,,5,2
9653,78,female,asian,JP,JP,1,4,aggressive,,5,2
9654,47,female,asian,JP,JP,1,5,aggressive,,2,1
9655,51,female,white,JP,JP,3,3,aggressive,,2,2
9656,29,female,asian,JP,JP,2,2,aggressive,,2,1
9657,48,male,asian,JP,JP,3,2,aggressive,,3,1
9658,74,male,asian,JP,JP,2,5,aggressive,,2,1
9659,35,male,asian,JP,JP,1,5,aggressive,,5,2
9660,70,female,asian,JP,JP,1,1,aggressive,,3,2
9661,76,female,asian,JP,JP,1,5,aggressive,,2,1
9662,35,female,asian,JP,JP,12,1,aggressive,,2,2
9663,78,male,asian,JP,JP,2,3,aggressive,,2,1
9664,45,female,asian,JP,JP,4,6,aggressive,,4,2
9665,67,female,asian,JP,JP,1,2,aggressive,,4,2
9666,65,male,asian,JP,JP,12,5,aggressive,,2,1
9667,70,female,asian,JP,JP,1,2,aggressive,,4,2
9668,66,male,other,JP,JP,1,5,aggressive,,4,2
9669,54,male,asian,JP,JP,6,3,aggressive,,2,1
9670,38,female,asian,JP,JP,3,5,aggressive,,2,1
9671,66,male,asian,JP,JP,4,5,aggressive,,2,1
9672,75,male,asian,JP,JP,2,5,aggressive,,1,1
9673,50,female,asian,JP,JP,12,3,aggressive,,5,2
9674,48,male,asian,JP,JP,1,5,aggressive,,3,1
9675,50,male,asian,JP,JP,8,5,aggressive,,3,1
9676,45,male,asian,JP,JP,4,3,aggressive,,3,2
9677,57,female,asian,JP,JP,2,3,aggressive,,4,2
9678,68,male,asian,JP,JP,1,5,aggressive,,5,2
9679,68,male,asian,JP,JP,1,1,aggressive,,2,1
9680,67,male,asian,JP,JP,3,5,aggressive,,2,1
9681,31,female,asian,JP,JP,1,5,aggressive,,5,2
9682,67,female,asian,JP,JP,2,5,aggressive,,5,2
9683,69,female,asian,JP,JP,1,5,aggressive,,3,2
9684,36,female,asian,JP,JP,1,5,aggressive,,1,1
9685,56,female,asian,JP,JP,1,3,aggressive,,2,1
9686,63,male,asian,JP,JP,3,2,aggressive,,1,1
9687,75,male,asian,JP,JP,1,2,aggressive,,1,1
9688,53,male,asian,JP,JP,6,5,aggressive,,1,1
9689,58,male,asian,JP,JP,12,5,aggressive,,2,1
9690,40,female,asian,JP,JP,1,3,aggressive,,3,2
9691,64,male,asian,JP,JP,5,5,aggressive,,2,1
9692,80,male,asian,JP,JP,2,1,aggressive,,3,1
9693,40,male,asian,JP,JP,1,3,aggressive,,5,2
9694,57,male,asian,JP,JP,8,5,aggressive,,3,2
9695,66,male,asian,JP,JP,3,5,aggressive,,2,1
9696,47,male,asian,JP,JP,3,2,aggressive,,2,1
9697,68,male,asian,JP,JP,3,5,aggressive,,3,1
9698,52,female,asian,JP,JP,2,4,aggressive,,1,1
9699,64,male,asian,JP,JP,9,5,aggressive,,5,2
9700,48,female,asian,JP,JP,6,2,aggressive,,5,2
9701,67,female,asian,JP,JP,3,5,aggressive,,2,1
9702,71,male,asian,JP,JP,3,2,aggressive,,2,1
9703,47,female,asian,JP,JP,2,3,aggressive,,2,1
9704,67,male,asian,JP,JP,3,5,aggressive,,2,1
9705,50,male,asian,JP,JP,9,5,aggressive,,1,1
9706,38,female,white,JP,JP,1,4,aggressive,,3,2
9707,55,female,asian,JP,JP,1,3,aggressive,,4,1
9708,41,male,asian,JP,JP,7,5,aggressive,,2,2
9709,42,male,asian,JP,JP,3,2,aggressive,,2,1
9710,66,male,asian,JP,JP,2,5,aggressive,,4,1
9711,55,male,asian,JP,JP,1,2,aggressive,,3,1
9712,39,male,asian,JP,JP,3,6,aggressive,,2,2
9713,28,female,asian,JP,JP,6,6,aggressive,,2,2
9714,41,female,asian,JP,JP,4,4,aggressive,,5,2
9715,61,male,asian,JP,JP,1,5,aggressive,,1,1
9716,22,female,asian,JP,JP,1,2,aggressive,,5,2
9717,38,male,asian,JP,JP,5,5,aggressive,,2,1
9718,62,female,asian,JP,JP,1,5,aggressive,,2,1
9719,62,male,asian,JP,JP,6,5,aggressive,,1,1
9720,63,male,asian,JP,JP,1,2,aggressive,,1,1
9721,51,female,asian,JP,JP,1,5,aggressive,,1,2
9722,67,male,asian,JP,JP,1,1,aggressive,,4,1
9723,76,female,asian,JP,JP,2,2,aggressive,,2,1
9724,61,male,asian,JP,JP,3,5,aggressive,,3,2
9725,70,male,asian,JP,JP,3,6,aggressive,,1,1
9726,43,male,asian,JP,JP,9,5,aggressive,,2,1
9727,54,male,white,JP,JP,4,5,aggressive,,3,1
9728,82,male,asian,JP,JP,3,5,aggressive,,2,1
9729,50,male,asian,JP,JP,9,5,aggressive,,1,1
9730,46,male,asian,JP,JP,12,5,aggressive,,3,2
9731,39,female,asian,JP,JP,1,5,aggressive,,4,2
9732,33,male,asian,JP,JP,1,5,aggressive,,4,1
9733,63,male,asian,JP,JP,9,2,aggressive,,1,1
9734,58,male,asian,JP,JP,10,5,aggressive,,5,2
9735,56,male,asian,JP,JP,2,2,aggressive,,5,2
9736,64,female,asian,JP,JP,2,3,aggressive,,5,2
9737,78,male,asian,JP,JP,1,1,aggressive,,2,1
9738,46,male,asian,JP,JP,4,2,aggressive,,2,2
9739,49,male,asian,JP,JP,4,5,aggressive,,3,1
9740,54,female,asian,JP,JP,12,4,aggressive,,5,2
9741,75,female,asian,JP,JP,1,2,aggressive,,4,2
9742,53,female,asian,JP,JP,12,3,aggressive,,5,2
9743,60,female,asian,JP,JP,1,2,aggressive,,4,2
9744,60,male,asian,JP,JP,12,2,aggressive,,4,1
9745,39,female,asian,JP,JP,1,4,aggressive,,1,1
9746,56,male,asian,JP,JP,8,5,aggressive,,4,2
9747,57,female,asian,JP,JP,1,2,aggressive,,4,2
9748,49,male,asian,JP,JP,5,5,aggressive,,5,2
9749,66,male,asian,JP,JP,4,5,aggressive,,2,1
9750,49,female,asian,JP,JP,1,5,aggressive,,4,2
9751,66,male,asian,JP,JP,2,5,aggressive,,1,1
9752,69,male,asian,JP,JP,7,2,aggressive,,4,1
9753,56,female,asian,JP,JP,1,4,aggressive,,4,2
9754,52,male,asian,JP,JP,8,5,aggressive,,2,1
9755,62,male,asian,JP,JP,4,5,aggressive,,3,1
9756,65,male,asian,JP,JP,3,5,aggressive,,1,1
9757,66,male,asian,JP,JP,11,5,aggressive,,1,1
9758,77,female,asian,JP,JP,1,2,aggressive,,3,1
9759,71,male,asian,JP,JP,12,3,aggressive,,2,1
9760,69,male,asian,JP,JP,2,5,aggressive,,5,2
9761,43,male,asian,JP,JP,4,5,aggressive,,2,1
9762,50,male,asian,JP,JP,5,5,aggressive,,4,2
9763,58,female,white,JP,JP,1,2,aggressive,,4,1
9764,52,female,asian,JP,JP,1,4,aggressive,,5,2
9765,30,female,asian,JP,JP,3,5,aggressive,,4,2
9766,39,female,asian,JP,JP,2,2,aggressive,,4,1
9767,49,female,asian,JP,JP,12,5,aggressive,,3,1
9768,43,female,asian,JP,JP,1,5,aggressive,,4,2
9769,41,male,asian,JP,JP,8,2,aggressive,,2,1
9770,77,male,asian,JP,JP,2,5,aggressive,,2,1
9771,63,female,asian,JP,JP,1,4,aggressive,,4,2
9772,75,male,asian,JP,JP,2,5,aggressive,,2,1
9773,59,male,asian,JP,JP,5,2,aggressive,,4,1
9774,55,male,asian,JP,JP,3,2,aggressive,,4,1
9775,69,male,asian,JP,JP,3,2,aggressive,,4,1
9776,51,female,asian,JP,JP,12,5,aggressive,,4,2
9777,43,male,asian,JP,JP,12,5,aggressive,,2,2
9778,51,female,asian,JP,JP,12,5,aggressive,,5,2
9779,61,female,asian,JP,JP,12,2,aggressive,,3,1
9780,59,male,other,JP,JP,12,2,aggressive,,3,2
9781,71,male,asian,JP,JP,1,5,aggressive,,2,1
9782,71,male,asian,JP,JP,12,5,aggressive,,2,2
9783,41,female,asian,JP,JP,12,4,aggressive,,4,2
9784,51,male,asian,JP,JP,6,5,aggressive,,5,2
9785,59,male,asian,JP,JP,7,5,aggressive,,1,1
9786,50,female,asian,JP,JP,1,4,aggressive,,3,2
9787,78,male,asian,JP,JP,3,5,aggressive,,2,1
9788,53,male,asian,JP,JP,4,3,aggressive,,2,1
9789,30,male,asian,JP,JP,1,2,aggressive,,3,2
9790,47,female,asian,JP,JP,1,5,aggressive,,2,1
9791,50,male,asian,JP,JP,12,3,aggressive,,1,1
9792,26,female,asian,JP,JP,12,5,aggressive,,4,2
9793,74,male,asian,JP,JP,4,5,aggressive,,3,2
9794,74,female,asian,JP,JP,1,2,aggressive,,4,2
9795,65,male,asian,JP,JP,1,2,aggressive,,5,1
9796,62,male,asian,JP,JP,3,3,aggressive,,5,2
9797,49,female,asian,JP,JP,6,4,aggressive,,2,2
9798,52,male,asian,JP,JP,11,5,aggressive,,2,1
9799,72,male,asian,JP,JP,2,5,aggressive,,4,2
9800,52,male,asian,JP,JP,5,5,aggressive,,2,1
9801,68,male,asian,JP,JP,6,6,aggressive,,3,1
9802,70,male,asian,JP,JP,12,9,aggressive,,3,1
9803,62,female,asian,JP,JP,1,4,aggressive,,5,2
9804,60,male,asian,JP,JP,8,5,aggressive,,2,1
9805,35,female,asian,JP,JP,1,5,aggressive,,3,1
9806,55,male,asian,JP,JP,3,5,aggressive,,3,1
9807,56,female,asian,JP,JP,1,2,aggressive,,4,2
9808,73,female,asian,JP,JP,1,2,aggressive,,3,2
9809,44,male,asian,JP,JP,12,3,aggressive,,5,2
9810,47,female,prefer not to answer,JP,JP,12,4,aggressive,,5,3
9811,26,female,asian,JP,JP,1,5,aggressive,,5,2
9812,55,male,asian,JP,JP,2,3,aggressive,,1,1
9813,73,male,asian,JP,JP,2,5,aggressive,,2,1
9814,32,male,asian,JP,JP,12,3,aggressive,,2,1
9815,53,male,asian,JP,JP,9,5,aggressive,,3,1
9816,67,male,asian,JP,JP,5,7,aggressive,,1,1
9817,69,female,asian,JP,JP,2,3,aggressive,,3,2
9818,50,female,asian,JP,JP,12,5,aggressive,,1,1
9819,49,male,asian,JP,JP,5,3,aggressive,,2,2
9820,70,male,asian,JP,JP,12,2,aggressive,,2,1
9821,26,female,black/african american,JP,JP,2,4,aggressive,,5,2
9822,67,male,asian,JP,JP,12,2,aggressive,,2,1
9823,51,male,asian,JP,JP,8,5,aggressive,,2,1
9824,51,female,asian,JP,JP,1,4,aggressive,,4,2
9825,67,male,asian,JP,JP,8,5,aggressive,,2,1
9826,66,male,asian,JP,JP,3,5,aggressive,,1,1
9827,58,female,asian,JP,JP,9,4,aggressive,,2,2
9828,43,male,asian,JP,JP,1,5,aggressive,,3,1
9829,52,female,asian,JP,JP,7,5,aggressive,,2,1
9830,35,male,asian,JP,JP,12,5,aggressive,,2,1
9831,55,male,asian,JP,JP,12,5,aggressive,,2,1
9832,48,female,asian,JP,JP,1,5,aggressive,,2,2
9833,54,male,white,JP,JP,1,2,aggressive,,2,1
9834,43,female,asian,JP,JP,1,5,aggressive,,5,2
9835,60,male,asian,JP,JP,1,5,aggressive,,1,1
9836,38,female,asian,JP,JP,4,6,aggressive,,4,2
9837,39,female,asian,JP,JP,3,5,aggressive,,2,2
9838,60,male,asian,JP,JP,5,3,aggressive,,4,1
9839,55,male,asian,JP,JP,4,4,aggressive,,2,1
9840,71,male,asian,JP,JP,1,5,aggressive,,3,1
9841,57,male,asian,JP,JP,12,2,aggressive,,2,1
9842,41,male,asian,JP,JP,5,5,aggressive,,3,1
9843,47,male,asian,JP,JP,7,7,aggressive,,1,1
9844,50,male,asian,JP,JP,7,2,aggressive,,3,1
9845,61,male,asian,JP,JP,7,5,aggressive,,2,1
9846,66,female,asian,JP,JP,1,2,aggressive,,5,2
9847,78,male,asian,JP,JP,1,2,aggressive,,1,1
9848,63,male,asian,JP,JP,3,5,aggressive,,3,1
9849,53,male,asian,JP,JP,4,2,aggressive,,3,2
9850,54,female,asian,JP,JP,1,4,aggressive,,4,2
9851,25,female,asian,JP,JP,2,4,aggressive,,2,1
9852,57,female,asian,JP,JP,12,4,aggressive,,3,2
9853,51,male,prefer not to answer,JP,JP,3,2,aggressive,,2,1
9854,49,female,asian,JP,JP,1,5,aggressive,,1,1
9855,38,female,asian,JP,JP,1,3,aggressive,,3,2
9856,72,male,asian,JP,JP,2,5,aggressive,,3,1
9857,56,female,asian,JP,JP,4,2,aggressive,,2,2
9858,58,female,asian,JP,JP,1,4,aggressive,,4,1
9859,45,female,asian,JP,JP,1,2,aggressive,,5,2
9860,51,female,asian,JP,JP,2,5,aggressive,,2,1
9861,60,male,asian,JP,JP,6,5,aggressive,,2,1
9862,71,female,asian,JP,JP,1,2,aggressive,,3,2
9863,64,female,asian,JP,JP,2,3,aggressive,,4,2
9864,68,male,asian,JP,JP,3,5,aggressive,,1,1
9865,65,male,asian,JP,JP,6,5,aggressive,,1,1
9866,73,male,asian,JP,JP,1,2,aggressive,,2,1
9867,,prefer not to answer,prefer not to answer,JP,JP,12,9,aggressive,,3,2
9868,62,female,asian,JP,JP,1,4,aggressive,,4,2
9869,76,male,asian,JP,JP,1,2,aggressive,,2,2
9870,44,female,asian,JP,JP,1,5,aggressive,,4,2
9871,50,female,asian,JP,JP,1,7,aggressive,,3,2
9872,35,female,asian,JP,JP,5,5,aggressive,,2,1
9873,50,male,asian,JP,JP,3,2,aggressive,,2,1
9874,41,male,asian,JP,JP,9,5,aggressive,,1,1
9875,51,female,asian,JP,JP,1,4,aggressive,,4,1
9876,51,female,asian,JP,JP,3,5,aggressive,,4,2
9877,64,male,asian,JP,JP,3,5,aggressive,,1,1
9878,61,female,asian,JP,JP,1,4,aggressive,,5,2
9879,75,male,asian,JP,JP,3,2,aggressive,,2,1
9880,34,male,asian,JP,JP,3,2,aggressive,,1,1
9881,39,female,asian,JP,JP,1,5,aggressive,,5,2
9882,36,female,asian,JP,JP,1,5,aggressive,,4,2
9883,62,male,asian,JP,JP,4,5,aggressive,,1,1
9884,38,female,asian,JP,JP,1,5,aggressive,,4,1
9885,64,male,asian,JP,JP,4,5,aggressive,,1,1
9886,58,female,asian,JP,JP,1,2,aggressive,,2,1
9887,48,female,asian,JP,JP,5,5,aggressive,,5,2
9888,76,male,asian,JP,JP,3,5,aggressive,,2,1
9889,50,male,asian,JP,JP,8,5,aggressive,,2,1
9890,57,male,asian,JP,JP,1,5,aggressive,,1,1
9891,51,male,asian,JP,JP,9,7,aggressive,,5,1
9892,57,male,asian,JP,JP,12,5,aggressive,,5,1
9893,49,male,asian,JP,JP,6,3,aggressive,,3,1
9894,44,male,asian,JP,JP,4,6,aggressive,,1,1
9895,53,female,white,JP,JP,2,2,aggressive,,3,1
9896,41,female,asian,JP,JP,4,5,aggressive,,5,2
9897,63,male,asian,JP,JP,2,5,aggressive,,5,2
9898,70,male,asian,JP,JP,2,1,aggressive,,2,1
9899,61,female,asian,JP,JP,2,4,aggressive,,5,2
9900,54,male,asian,JP,JP,1,5,aggressive,,2,1
9901,66,male,asian,JP,JP,1,5,aggressive,,5,1
9902,69,female,asian,JP,JP,1,1,aggressive,,3,1
9903,60,female,asian,JP,JP,8,5,aggressive,,5,2
9904,52,male,asian,JP,JP,5,5,aggressive,,2,1
9905,46,female,asian,JP,JP,1,3,aggressive,,3,2
9906,49,female,asian,JP,JP,1,5,aggressive,,5,2
9907,50,male,asian,JP,JP,5,5,aggressive,,2,1
9908,60,male,asian,JP,JP,4,5,aggressive,,1,1
9909,38,female,white,JP,JP,1,2,aggressive,,3,1
9910,56,male,asian,JP,JP,5,5,aggressive,,3,1
9911,53,male,asian,JP,JP,6,6,aggressive,,2,1
9912,42,female,asian,JP,JP,1,3,aggressive,,3,2
9913,56,female,asian,JP,JP,1,4,aggressive,,3,2
9914,35,female,asian,JP,JP,7,6,aggressive,,2,2
9915,55,female,asian,JP,JP,1,4,aggressive,,5,2
9916,54,female,asian,JP,JP,1,5,aggressive,,2,2
9917,37,female,asian,JP,JP,1,5,aggressive,,4,1
9918,22,female,asian,JP,JP,1,5,aggressive,,4,2
9919,81,male,white,JP,JP,1,5,aggressive,,2,1
9920,65,male,asian,JP,JP,2,5,aggressive,,3,1
9921,82,male,asian,JP,JP,6,2,aggressive,,1,1
9922,70,male,asian,JP,JP,3,5,aggressive,,2,1
9923,65,male,asian,JP,JP,1,3,aggressive,,1,1
9924,51,female,asian,JP,JP,1,2,aggressive,,2,1
9925,43,female,asian,JP,JP,6,5,aggressive,,3,1
9926,44,male,asian,JP,JP,3,2,aggressive,,2,1
9927,71,male,asian,JP,JP,2,6,aggressive,,2,1
9928,35,female,asian,JP,JP,1,3,aggressive,,1,1
9929,48,male,asian,JP,JP,4,5,aggressive,,1,1
9930,75,male,asian,JP,JP,5,5,aggressive,,2,1
9931,66,male,asian,JP,JP,3,5,aggressive,,2,1
9932,46,male,asian,JP,JP,5,3,aggressive,,2,1
9933,71,female,asian,JP,JP,1,4,aggressive,,2,1
9934,51,female,asian,JP,JP,1,5,aggressive,,1,1
9935,76,male,asian,JP,JP,10,5,aggressive,,2,1
9936,46,female,asian,JP,JP,1,2,aggressive,,5,1
9937,62,male,asian,JP,JP,1,4,aggressive,,5,2
9938,33,male,asian,JP,JP,3,4,aggressive,,1,1
9939,65,male,asian,JP,JP,5,5,aggressive,,2,1
9940,76,male,asian,JP,JP,7,5,aggressive,,5,1
9941,41,male,asian,JP,JP,5,5,aggressive,,2,1
9942,70,male,asian,JP,JP,10,7,aggressive,,2,1
9943,57,female,asian,JP,JP,1,5,aggressive,,3,2
9944,79,male,asian,JP,JP,2,5,aggressive,,1,1
9945,66,male,asian,JP,JP,2,2,aggressive,,1,1
9946,26,male,asian,JP,JP,1,2,aggressive,,1,2
9947,52,male,asian,JP,JP,8,5,aggressive,,3,1
9948,62,male,asian,JP,JP,5,7,aggressive,,1,1
9949,51,male,asian,JP,JP,5,5,aggressive,,2,1
9950,66,male,asian,JP,JP,1,2,aggressive,,2,1
9951,63,female,asian,JP,JP,1,3,aggressive,,3,2
9952,62,male,asian,JP,JP,8,5,aggressive,,2,1
9953,41,female,asian,JP,JP,4,5,aggressive,,5,2
9954,53,male,asian,JP,JP,9,5,aggressive,,2,1
9955,71,female,asian,JP,JP,1,4,aggressive,,4,1
9956,46,male,asian,JP,JP,12,5,aggressive,,1,1
9957,60,female,asian,JP,JP,1,3,aggressive,,5,1
9958,61,male,asian,JP,JP,12,5,aggressive,,3,1
9959,24,female,white,JP,JP,2,3,aggressive,,4,2
9960,39,female,hispanic/latino,JP,JP,2,5,aggressive,,5,1
9961,62,male,asian,JP,JP,12,2,aggressive,,4,2
9962,69,male,asian,JP,JP,8,5,aggressive,,1,1
9963,36,female,asian,JP,JP,1,5,aggressive,,1,1
9964,63,male,asian,JP,JP,10,5,aggressive,,4,1
9965,40,male,asian,JP,JP,4,2,aggressive,,5,2
9966,62,male,asian,JP,JP,6,5,aggressive,,2,1
9967,54,male,asian,JP,JP,7,5,aggressive,,4,2
9968,62,male,asian,JP,JP,4,2,aggressive,,3,1
9969,73,male,asian,JP,JP,2,6,aggressive,,2,1
9970,48,female,asian,JP,JP,3,2,aggressive,,2,1
9971,52,male,asian,JP,JP,5,5,aggressive,,5,2
9972,75,male,asian,JP,JP,2,5,aggressive,,2,1
9973,61,male,asian,JP,JP,8,2,aggressive,,1,1
9974,81,male,asian,JP,JP,2,2,aggressive,,1,1
9975,79,male,asian,JP,JP,3,5,aggressive,,4,1
9976,55,female,asian,JP,JP,1,5,aggressive,,3,2
9977,45,male,asian,JP,JP,5,5,aggressive,,5,2
9978,65,female,asian,JP,JP,1,5,aggressive,,5,2
9979,66,male,asian,JP,JP,3,5,aggressive,,2,1
9980,60,male,asian,JP,JP,3,2,aggressive,,2,1
9981,61,female,asian,JP,JP,1,6,aggressive,,5,2
9982,38,female,asian,JP,JP,3,5,aggressive,,1,1
9983,45,male,asian,JP,JP,3,5,aggressive,,3,1
9984,58,male,asian,JP,JP,8,3,aggressive,,4,1
9985,54,male,asian,JP,JP,9,5,aggressive,,5,1
9986,63,male,asian,JP,JP,2,4,aggressive,,2,1
9987,73,female,white,JP,JP,12,2,aggressive,,5,2
9988,60,male,asian,JP,JP,5,2,aggressive,,1,1
9989,55,male,asian,JP,JP,7,5,aggressive,,1,2
9990,53,male,asian,JP,JP,9,5,aggressive,,1,1
9991,68,male,asian,JP,JP,6,5,aggressive,,2,1
9992,53,female,asian,JP,JP,4,4,aggressive,,1,1
9993,46,male,asian,JP,JP,5,3,aggressive,,5,2
9994,77,female,asian,JP,JP,1,2,aggressive,,4,1
9995,54,male,asian,JP,JP,6,5,aggressive,,1,1
9996,56,female,asian,JP,JP,1,3,aggressive,,2,1
9997,68,male,asian,JP,JP,2,5,aggressive,,1,1
9998,63,female,asian,JP,JP,1,3,aggressive,,2,1
9999,53,male,asian,JP,JP,2,3,aggressive,,2,2
