participant-id,age,gender,ethnicity,residence-country,longest-residence-country,income,education,attribute,work-time-seconds
0,32,Male,White,USA,USA,5,9,aggressive,144
1,39,Female,White,US,US,4,10,dynamic,149
2,33,Female,White,US,US,6,10,aerodynamic,179
3,47,Male,Chinese,US,CN,6,12,modern,240
4,25,Female,White,US,US,8,10,elegant,231
5,32,Male,White,USA,USA,8,8,sporty,211
6,38,Male,White,US,US,2,10,sleek,283
7,38,Male,White,US,US,4,10,sporty,202
8,33,Male,White,US,US,2,10,dynamic,294
9,30,Male,White,US,US,7,9,elegant,247
10,36,Male,White,US,US,3,10,dynamic,253
11,30,Male,White,US,US,7,9,sporty,254
12,34,Male,White,US,US,3,10,dynamic,253
13,27,Male,White,US,US,4,10,modern,304
14,64,Male,White,us,us,6,11,aerodynamic,214
15,63,Male,White,AS,AS,6,11,elegant,315
16,25,Female,White,US,US,6,10,sporty,332
17,30,Female,White,US,US,6,11,luxurious,353
18,30,Female,White,US,US,6,11,sporty,285
19,44,Female,White,US,US,4,10,stylish,274
20,32,Male,White,US,US,5,10,stylish,236
21,35,Female,White,US,US,4,8,stylish,357
22,29,Male,White,US,US,4,11,sophisticated,354
23,34,Male,White,US,US,3,10,aerodynamic,261
24,45,Male,White,US,US,8,12,modern,388
25,36,Female,White,US,US,7,10,modern,395
26,32,Female,Black,US,US,4,7,aerodynamic,315
27,31,Male,White,US,US,4,10,aggressive,222
28,44,Female,Black,US,US,5,12,luxurious,401
29,64,Female,White,us,us,6,11,sleek,204
30,30,Male,White,US,US,5,10,dynamic,470
31,53,Male,White,USA,USA,3,8,aggressive,392
32,34,Male,White,US,AS,4,10,stylish,423
33,30,Male,White,US,US,7,9,aerodynamic,411
34,29,Male,White,CO,Crested Butte,4,10,elegant,432
35,31,Male,White,USA,USA,5,10,aggressive,276
36,30,Female,White,US,US,6,11,elegant,447
37,33,Male,White,usa,AS,5,10,stylish,445
38,58,Male,White,US,US,4,7,aerodynamic,509
39,48,Male,White,US,US,4,10,sophisticated,458
40,27,Male,White,US,US,5,10,sporty,474
41,35,Male,White,US,US,6,11,dynamic,518
42,35,Male,Black,US,US,4,10,aerodynamic,251
43,40,Male,White,US,US,4,10,luxurious,476
44,25,Female,White,US,US,5,10,aggressive,519
45,36,Male,White,US,US,4,9,sleek,290
46,26,Female,Filipino,USA,USA,2,10,elegant,478
47,33,Male,White,US,US,2,10,aerodynamic,208
48,36,Male,American Indian or Alaska native,CA,CA,4,11,sporty,535
49,37,Male,White,US,US,5,6,aerodynamic,577
50,46,Male,White,US,US,6,11,sporty,466
51,27,Male,Black,US,US,7,5,dynamic,366
52,35,Female,White,US,US,6,11,sophisticated,443
53,30,Male,White,US,US,4,9,luxurious,612
54,38,Female,White,US,US,7,10,luxurious,579
55,35,Female,White,US,US,7,11,sophisticated,540
56,34,Male,White,US,US,2,6,aerodynamic,291
57,30,Female,White,US,US,6,11,sophisticated,459
58,37,Female,Black,US,US,4,10,luxurious,360
59,31,Female,White,NZ,NZ,5,10,aerodynamic,650
60,33,Male,White,US,AL,4,10,luxurious,428
61,33,Male,White,USA,USA,6,10,sleek,621
62,31,Male,White,United states,Us,7,7,elegant,427
63,50,Male,White,US,US,4,9,sophisticated,510
64,66,Female,White,US,US,3,9,aggressive,483
65,28,Female,White,AX,AX,4,10,sophisticated,375
66,32,Female,White,US,US,7,11,modern,625
67,33,Male,White,US,US,4,10,aggressive,221
68,38,Male,Black,US,US,4,10,luxurious,418
69,30,Female,White,US,US,6,11,aerodynamic,233
70,55,Male,White,US,US,6,10,sleek,497
71,45,Female,Korean,US,KR,8,12,sleek,696
72,52,Female,White,US,US,6,10,dynamic,730
73,54,Male,White,CA,CA,5,11,aerodynamic,682
74,30,Male,White,US,US,7,9,sporty,691
75,32,Female,White,US,US,4,11,aggressive,393
76,39,Male,Black,US,US,6,10,sleek,716
77,38,Female,White,US,US,6,11,stylish,632
78,31,Male,Chinese,US,US,5,10,elegant,271
79,33,Female,White,CALIFORNIA,AMERICA,5,10,aerodynamic,489
80,35,Male,White,US,US,5,10,sleek,625
81,30,Male,White,US,US,5,8,aerodynamic,349
82,36,Male,Black,US,US,5,10,aggressive,771
83,33,Male,White,US,US,4,10,sleek,393
84,30,Male,White,US,US,7,10,stylish,300
85,28,Female,White,US,US,5,10,aerodynamic,727
86,32,Male,White,US,US,4,8,aerodynamic,379
87,29,Male,White,AS,AS,3,10,aggressive,329
88,35,Male,Black,US,US,6,11,elegant,752
89,30,Female,White,US,US,7,11,aggressive,722
90,25,Female,White,US,US,4,10,sleek,845
91,59,Male,White,US,US,3,6,aerodynamic,313
92,37,Female,White,US,US,4,11,elegant,610
93,29,Female,White,US,US,6,11,dynamic,357
94,60,Female,White,US,US,6,10,elegant,747
95,33,Male,White,US,AD,5,10,aerodynamic,526
96,34,Female,Black,US,US,4,10,aerodynamic,814
97,29,Male,White,US,US,6,11,sporty,833
98,29,Female,White,US,US,7,11,elegant,299
99,24,Male,Black,US,US,6,10,luxurious,631
100,63,Female,White,US,US,3,8,sophisticated,548
101,22,Male,White,AX,AX,3,4,modern,254
102,27,Male,Black,US,US,7,5,aggressive,640
103,34,Male,White,US,US,7,10,sophisticated,433
104,25,Female,White,US,US,6,10,aerodynamic,882
105,25,Female,White,US,US,6,10,stylish,862
106,28,Male,Black,US,US,6,10,sporty,807
107,34,Male,White,US,US,3,10,sleek,796
108,43,Female,White,TX,Richardson,5,10,elegant,899
109,29,Male,Black,US,US,3,7,aerodynamic,479
110,40,Female,White,AS,AS,5,10,aggressive,322
111,24,Female,Asian Indian,IN,IN,1,10,elegant,913
112,29,Male,White,AS,AS,4,10,stylish,204
113,36,Female,White,US,US,5,11,luxurious,674
114,33,Male,White,USA,USA,6,10,stylish,890
115,41,Prefer not to answer,Prefer not to answer,US,US,9,14,sporty,584
116,24,Female,White,US,US,6,11,sleek,821
117,29,Female,White,US,US,5,10,elegant,928
118,40,Male,White,US,US,5,10,elegant,453
119,32,Female,White,US,US,4,11,elegant,562
120,25,Female,White,KM,CM,4,10,aerodynamic,730
121,32,Female,White,us,us,5,4,luxurious,915
122,43,Female,White,US,US,7,10,sophisticated,437
123,28,Female,Chinese,US,US,6,10,stylish,267
124,34,Female,White,CA,CA,5,10,sporty,909
125,30,Male,Chinese,US,US,6,10,luxurious,455
126,28,Female,White,US,US,7,10,elegant,687
127,44,Male,White,US,US,2,10,aerodynamic,919
128,28,Male,White,AX,AX,2,4,aerodynamic,121
129,30,Female,White,US,US,6,9,stylish,978
130,58,Female,White,US,US,4,10,dynamic,550
131,32,Male,White,United States,United States,1,9,luxurious,1033
132,38,Male,White,US,US,4,5,luxurious,438
133,57,Female,White,US,US,5,10,modern,727
134,25,Female,White,US,US,6,10,aerodynamic,1028
135,32,Female,White,US,AL,4,10,aggressive,345
136,35,Male,White,US,US,6,11,luxurious,979
137,43,Male,White,us,us,6,10,aerodynamic,952
138,69,Female,White,US,US,3,7,aggressive,597
139,33,Male,White,us,us,4,6,stylish,952
140,38,Female,White,US,US,7,10,stylish,951
141,37,Female,White,US,US,3,10,sleek,1044
142,31,Male,White,usa,usa,6,10,aerodynamic,240
143,25,Male,White,CM,TD,4,10,sporty,883
144,33,Female,White,US,US,3,11,aggressive,675
145,32,Female,White,US,US,2,11,luxurious,681
146,33,Male,White,usa,usa,8,12,sleek,1070
147,41,Male,Filipino,US,US,2,9,aggressive,1121
148,27,Male,White,US,US,4,11,sophisticated,444
149,34,Female,White,CALIFORNIA,CALIFORNIA,3,10,dynamic,1138
150,36,Male,White,MS,Amory,5,10,modern,1095
151,32,Female,White,US,US,6,4,elegant,1120
152,33,Male,White,AS,AS,3,10,sleek,1078
153,33,Male,White,US,US,2,10,dynamic,344
154,54,Male,Black,US,US,4,10,aggressive,512
155,30,Female,White,US,US,7,9,sleek,1102
156,25,Female,White,ca,ca,5,11,aerodynamic,950
157,54,Male,White,US,US,6,10,aerodynamic,379
158,35,Male,White,US,US,6,10,stylish,1206
159,30,Male,White,US,US,4,11,aggressive,371
160,32,Female,White,US,US,2,13,stylish,780
161,27,Male,White,US,US,6,11,elegant,1160
162,40,Female,White,US,US,5,10,aggressive,949
163,30,Male,American Indian or Alaska native,usa ,usa,6,10,sporty,1235
164,39,Male,White,us,us,6,10,stylish,1130
165,49,Male,White,US,US,6,11,modern,1124
166,57,Female,White,US,US,5,7,dynamic,440
167,20,Male,White,AX,AX,2,4,luxurious,333
168,40,Male,White,US,US,2,10,elegant,1080
169,36,Female,White,US,US,4,11,elegant,359
170,46,Female,White,Wichita,Wichita,6,10,luxurious,958
171,48,Male,White,US,US,3,10,stylish,1266
172,29,Female,White,US,US,8,11,sporty,317
173,34,Male,White,US,US,8,10,aerodynamic,403
174,42,Male,White,US,US,5,10,modern,1150
175,34,Male,White,US,US,5,10,dynamic,501
176,37,Female,American Indian or Alaska native,AS,AS,5,6,dynamic,271
177,56,Male,White,US,US,4,8,luxurious,918
178,34,Male,White,US,US,5,12,elegant,392
179,25,Female,White,AM,AM,6,10,aerodynamic,1285
180,30,Male,White,US,US,5,10,stylish,616
181,33,Male,White,US,US,1,13,aerodynamic,483
182,37,Male,White,US,US,6,11,sophisticated,1265
183,33,Male,White,US,US,2,10,modern,617
184,55,Female,White,US,US,5,10,sporty,758
185,38,Male,White,MS,Smithville,5,10,aggressive,1322
186,54,Male,White,US,US,4,8,sophisticated,1041
187,28,Male,American Indian or Alaska native,US,US,4,10,luxurious,695
188,30,Female,White,AS,AS,4,10,aerodynamic,1398
189,25,Female,White,AM,AM,7,10,sporty,1375
190,63,Male,White,US,US,3,9,aggressive,705
191,54,Male,White,NC,NC,4,10,modern,589
192,54,Male,White,CA,CA,6,11,stylish,1300
193,43,Male,White,us,us,6,10,sleek,1351
194,41,Male,White,US,US,4,6,aerodynamic,920
195,33,Male,White,AS,AS,5,10,modern,1315
196,35,Female,White,USA,USA,6,10,dynamic,1413
197,49,Male,Filipino,United States,United States,8,10,stylish,466
198,40,Male,White,GA,GA,4,10,sophisticated,589
199,35,Male,White,US,US,5,10,stylish,1221
200,34,Female,White,US,US,6,10,dynamic,1199
201,36,Male,White,US,US,4,8,dynamic,533
202,33,Male,White,CA,CA,5,7,aerodynamic,711
203,35,Female,White,US,US,4,10,dynamic,1318
204,30,Male,American Indian or Alaska native,TX,TX,2,10,sporty,819
205,53,Female,White,US,US,6,10,sleek,1382
206,30,Female,American Indian or Alaska native,ca,ca,2,10,elegant,949
207,30,Male,Black,us,us,6,10,sporty,1379
208,35,Male,White,US,US,7,11,aggressive,1378
209,56,Female,White,US,US,4,11,aerodynamic,1315
210,32,Male,White,usa,usa,4,10,sleek,524
211,29,Female,White,US,US,2,8,luxurious,409
212,38,Female,American Indian or Alaska native,AS,AS,5,5,sophisticated,401
213,24,Female,Asian Indian,IN,IN,1,10,modern,1442
214,62,Female,White,US,US,5,10,sophisticated,324
215,39,Female,White,US,US,5,10,aerodynamic,388
216,51,Male,Black,US,US,3,10,elegant,312
217,37,Female,Chinese,United States,United States,5,8,modern,262
218,38,Male,White,US,US,3,11,elegant,365
219,32,Male,White,US,US,5,10,sporty,283
220,50,Male,White,us,us,6,10,sophisticated,1470
221,34,Male,White,US,US,2,10,sophisticated,751
222,36,Female,American Indian or Alaska native,US,US,3,11,sophisticated,502
223,30,Male,White,US,US,4,11,sporty,700
224,45,Male,White,CA,US,4,6,luxurious,382
225,45,Male,White,us,us,5,7,aggressive,1418
226,48,Female,White,US,AF,2,11,dynamic,227
227,43,Female,White,US,US,4,10,elegant,694
228,35,Male,White,US,us,6,11,elegant,1490
229,33,Female,White,US,US,4,11,elegant,1155
230,35,Female,White,US,US,5,10,sophisticated,1515
231,30,Male,Black,us,us,6,10,sleek,1507
232,44,Male,White,US,US,4,10,luxurious,1526
233,31,Female,White,US,US,8,11,sleek,292
234,42,Male,White,US,US,5,10,luxurious,530
235,28,Male,White,US,CO,2,9,luxurious,1551
236,51,Female,White,US,US,4,10,elegant,1558
237,59,Female,White,US,US,2,11,sophisticated,681
238,49,Male,White,US,US,6,10,modern,568
239,26,Female,White,US,US,6,11,luxurious,1565
240,47,Male,Black,US,US,4,11,stylish,310
241,40,Female,White,US,US,4,11,sleek,109
242,36,Male,White,US,US,5,10,sophisticated,1309
243,36,Male,White,US,US,6,11,sophisticated,1665
244,45,Female,White,US,US,5,10,aggressive,1551
245,45,Male,White,US,US,4,10,aerodynamic,341
246,37,Female,White,CA, Elk Grove,6,10,dynamic,1622
247,56,Female,White,US,US,3,8,aerodynamic,479
248,35,Male,White,US,US,6,10,sleek,1681
249,33,Male,White,US,US,5,10,sophisticated,359
250,36,Male,Black,IL,IL,3,10,luxurious,1178
251,38,Female,American Indian or Alaska native,AS,AS,5,6,aggressive,275
252,31,Female,Chinese,United States,United States,3,13,sporty,1156
253,36,Female,Chinese,US,US,9,11,luxurious,415
254,35,Male,White,US,US,7,6,sleek,1659
255,30,Male,White,us,us,5,10,sophisticated,1651
256,68,Male,Other Asian,US,US,2,7,luxurious,1259
257,45,Male,American Indian or Alaska native,ca,US,4,6,sporty,569
258,45,Male,White,AS,AS,6,10,aggressive,366
259,43,Male,White,US,US,4,6,aerodynamic,550
260,33,Female,White,US,US,5,10,elegant,1113
261,23,Male,Chinese,US,US,4,10,modern,677
262,27,Female,White,US,US,7,10,elegant,147
263,44,Female,White,us,us,6,10,aerodynamic,1655
264,29,Male,White,AS,AS,5,10,stylish,1153
265,28,Male,American Indian or Alaska native,US,US,3,10,sporty,561
266,35,Male,American Indian or Alaska native,CO,CO,4,11,elegant,564
267,35,Male,White,US,US,5,6,dynamic,1737
268,29,Male,White,US,US,5,10,sleek,1204
269,38,Female,American Indian or Alaska native,AS,AS,5,9,aerodynamic,339
270,39,Female,White,US,US,8,10,aggressive,1623
271,53,Female,White,US,US,3,11,aerodynamic,437
272,25,Female,White,ca,ca,5,11,dynamic,1602
273,36,Female,White,US,US,7,11,elegant,728
274,53,Female,White,US,US,5,10,aerodynamic,979
275,43,Prefer not to answer,White,US,US,3,10,luxurious,724
276,42,Male,White,US,US,4,7,aerodynamic,1702
277,48,Female,White,US,US,6,11,aggressive,745
278,33,Male,White,CA,CA,5,6,luxurious,1416
279,30,Male,White,US,US,5,13,sporty,450
280,32,Female,White,US,US,4,10,elegant,957
281,35,Male,White,US,US,5,10,sporty,1777
282,30,Male,White,us,us,5,10,aggressive,1788
283,43,Female,White,US,US,3,8,sporty,405
284,45,Male,Black,CA,US,4,9,modern,623
285,32,Male,White,usa,usa,4,10,aggressive,961
286,58,Male,White,US,US,7,13,sophisticated,553
287,36,Female,White,US,US,2,7,stylish,490
288,34,Male,White,USA,FL,5,11,aerodynamic,235
289,57,Male,White,US,US,4,11,sleek,670
290,39,Male,White,US,US,3,10,sophisticated,1855
291,55,Male,White,Ave N,Ave N,6,10,dynamic,792
292,54,Female,White,US,US,4,10,sporty,630
293,32,Male,White,usa,usa,8,9,sleek,79
294,22,Female,White,US,US,7,11,sophisticated,221
295,39,Male,White,US,US,7,10,dynamic,1772
296,30,Male,Black,us,us,6,10,stylish,1884
297,35,Male,White,CA,CA,4,10,aggressive,705
298,37,Female,White,CA,Antioch,5,8,aerodynamic,1939
299,35,Female,White,USA,USA,6,10,sporty,1996
300,26,Male,White,AX,AX,2,4,luxurious,680
301,47,Male,White,US,US,4,10,modern,1852
302,30,Female,White,US,IL,2,8,stylish,1929
303,29,Male,White,USA,USA,3,10,modern,317
304,25,Male,American Indian or Alaska native,US,US,4,10,dynamic,564
305,37,Male,White,US,US,8,8,dynamic,743
306,28,Female,Korean,US,US,6,10,stylish,273
307,32,Female,White,AZ,AZ,4,10,sophisticated,1174
308,46,Female,White,US,US,5,10,sporty,887
309,34,Male,White,US,US,4,10,sleek,1854
310,28,Female,American Indian or Alaska native,AS,AS,5,6,sleek,563
311,35,Male,White,US,US,5,10,elegant,1973
312,35,Female,White,US,US,5,8,sporty,1508
313,27,Female,White,US,US,5,10,aggressive,1906
314,30,Male,White,US,US,5,10,dynamic,393
315,35,Male,White,US,US,3,11,aerodynamic,908
316,34,Male,White,US,US,4,10,elegant,1950
317,68,Male,White,US,US,6,10,sporty,663
318,35,Male,White,US,US,7,6,sleek,2005
319,53,Male,White,US,US,4,10,stylish,1741
320,30,Male,White,us,us,7,10,sophisticated,2033
321,43,Male,American Indian or Alaska native,AR,AF,5,11,aggressive,840
322,29,Female,White,US,US,3,10,sporty,381
323,47,Male,White,US,US,5,10,dynamic,1921
324,45,Male,White,PA,PA,5,11,sleek,1453
325,54,Male,White,CA,CA,6,13,aggressive,2020
326,33,Female,White,US,US,6,11,sporty,2070
327,35,Male,White,US,US,8,11,aerodynamic,2076
328,38,Female,American Indian or Alaska native,AS,AS,5,9,modern,691
329,29,Male,White,USA,USA,4,10,aerodynamic,487
330,30,Male,White,US,US,4,10,sophisticated,1835
331,35,Male,White,US,US,7,11,elegant,2104
332,34,Female,White,US,US,4,10,luxurious,1917
333,33,Male,White,US,US,5,10,sporty,2121
334,43,Female,White,US,US,4,10,aggressive,2042
335,33,Male,White,US,US,5,10,modern,2172
336,34,Male,White,US,US,2,10,aggressive,1180
337,60,Male,White,US,US,6,11,dynamic,659
338,33,Male,White,US,US,4,10,modern,2127
339,31,Female,White,US,US,6,11,luxurious,255
340,50,Female,White,US,US,7,11,aggressive,1084
341,33,Male,White,US,US,5,10,modern,2158
342,41,Female,White,KH,US,6,11,sleek,577
343,35,Male,White,US,US,5,10,sleek,629
344,28,Female,Black,AS,AS,2,7,modern,579
345,33,Male,White,LA,USA,4,10,dynamic,2159
346,55,Female,White,US,US,6,10,luxurious,2161
347,30,Male,Black,us,us,7,10,aggressive,2143
348,26,Female,White,US,US,3,10,luxurious,2115
349,34,Male,White,US,US,6,10,modern,1105
350,57,Male,White,US,US,5,6,sophisticated,2049
351,51,Male,White,CA,CA,6,10,dynamic,492
352,27,Female,White,US,US,6,10,elegant,1681
353,39,Female,American Indian or Alaska native,AS,AS,5,4,sleek,793
354,35,Female,Black,US,us,4,10,luxurious,692
355,28,Male,American Indian or Alaska native,US,US,5,10,aggressive,1065
356,32,Male,White,US,US,3,9,elegant,1680
357,33,Male,White,AS,AS,4,10,aggressive,2041
358,35,Male,White,US,US,3,11,modern,1123
359,55,Female,American Indian or Alaska native,AU,AS,5,13,sophisticated,471
360,28,Female,White,US,NY,5,10,sleek,2237
361,43,Female,White,US,US,4,10,stylish,1331
362,35,Male,White,US,US,6,10,aerodynamic,1797
363,35,Male,American Indian or Alaska native,Us,US,6,10,sophisticated,493
364,40,Male,White,US,US,2,9,aggressive,604
365,34,Male,White,US,US,4,10,dynamic,2162
366,28,Female,White,US,US,2,9,stylish,2251
367,34,Male,White,US,US,4,10,sophisticated,2123
368,28,Male,American Indian or Alaska native,US,US,4,10,sophisticated,769
369,30,Female,White,US,US,7,11,sleek,689
370,29,Male,White,USA,USA,3,10,sophisticated,860
371,32,Female,White,CALIFORNIA,amercia,5,10,luxurious,2035
372,30,Male,Black,us,us,6,10,luxurious,2262
373,35,Male,White,US,US,6,10,luxurious,2267
374,38,Female,White,US,US,6,11,dynamic,1166
375,36,Male,American Indian or Alaska native,US,US,6,10,elegant,503
376,31,Female,White,US,US,6,11,sophisticated,76
377,56,Female,White,AS,AS,5,11,sleek,1771
378,29,Female,White,Florida,Florida,4,10,luxurious,1023
379,50,Female,White,US,US,3,10,stylish,2343
380,49,Female,White,US,US,6,11,sporty,587
381,47,Male,White,US,US,3,10,stylish,2383
382,32,Male,White,US,US,5,10,stylish,588
383,35,Male,White,US,US,6,13,sophisticated,2332
384,34,Male,White,US,US,6,10,aerodynamic,782
385,32,Male,White,CA,CA,4,8,luxurious,1088
386,34,Male,White,US,US,7,11,dynamic,1757
387,36,Male,White,US,US,6,10,stylish,2441
388,64,Male,White,US,US,6,11,sleek,628
389,35,Female,American Indian or Alaska native,AS,AS,5,6,elegant,1090
390,39,Female,White,Wichita,Wichita,6,10,aggressive,1886
391,48,Male,White,US,US,4,10,dynamic,2394
392,30,Male,White,us,us,6,10,luxurious,2384
393,36,Male,White,US,US,6,10,sporty,2027
394,35,Female,White,US,US,3,10,aggressive,2465
395,32,Male,White,US,US,5,10,luxurious,1448
396,37,Female,White,US,US,3,10,stylish,2395
397,35,Male,White,US,US,6,5,dynamic,2395
398,36,Male,White,US,US,6,10,aerodynamic,2466
399,33,Female,White,california,amercia,5,10,aerodynamic,2159
400,51,Female,White,US,US,2,11,dynamic,1923
401,38,Female,White,US,US,7,10,dynamic,138
402,30,Male,White,USA,USA,3,10,stylish,1000
403,26,Male,White,US,US,6,10,sporty,1332
404,35,Female,White,us,us,4,10,luxurious,1263
405,25,Female,White,ca,ca,5,11,sleek,2242
406,54,Male,White,US,US,6,11,sleek,2397
407,25,Male,White,AM,AM,4,10,aggressive,1637
408,29,Female,White,Florida,Florida,3,10,dynamic,1012
409,32,Female,Black,US,US,4,10,sporty,1003
410,25,Female,White,US,US,5,10,elegant,2466
411,34,Male,White,US,US,4,10,sporty,2424
412,34,Male,White,US,US,4,10,sporty,2329
413,24,Male,American Indian or Alaska native,CA,CA,7,10,aerodynamic,2518
414,36,Female,Black,PA,PA,3,10,sophisticated,1661
415,48,Male,White,US,US,4,10,sleek,2484
416,33,Male,White,OK,USA,4,10,sporty,2490
417,38,Female,American Indian or Alaska native,AS,AS,5,6,elegant,1127
418,27,Female,White,MS,MS,6,12,luxurious,942
419,50,Male,White,US,US,6,11,luxurious,789
420,43,Female,White,US,US,4,10,sleek,556
421,us,Male,White,us,us,6,10,modern,2493
422,43,Female,White,US,US,6,10,luxurious,1311
423,46,Female,White,US,US,6,10,sleek,2502
424,30,Female,White,US,US,7,11,elegant,972
425,34,Male,White,US,US,2,10,luxurious,343
426,33,Female,White,CALIFORNIA,CALIFORNIA,4,10,sporty,517
427,23,Female,White,US,US,1,10,modern,361
428,63,Female,White,US,US,6,10,elegant,2515
429,48,Male,White,AS,AS,7,10,sophisticated,575
430,34,Female,White,CALIFORNIA,CALIFORNIA,4,10,elegant,806
431,26,Male,Asian Indian,US,US,5,11,luxurious,1049
432,30,Male,White,US,US,2,9,sleek,2595
433,35,Male,White,US,US,6,11,sophisticated,2527
434,60,Male,White,US,US,5,4,sleek,2387
435,32,Male,White,ME,or,3,11,sleek,541
436,49,Female,Asian Indian,AS,AS,5,13,elegant,696
437,33,Female,White,US,US,3,8,sleek,499
438,35,Male,White,US,US,6,10,sophisticated,1236
439,33,Male,White,US,US,6,11,elegant,2569
440,34,Male,White,US,US,6,10,sporty,836
441,30,Male,White,USA,USA,3,10,modern,1146
442,33,Male,White,US,US,6,11,stylish,2615
443,35,Male,White,US,US,3,11,sporty,1489
444,33,Male,White,US,US,5,10,stylish,2597
445,35,Male,White,US,US,6,10,aerodynamic,2587
446,33,Male,White,US,US,6,11,aerodynamic,2655
447,us,Male,White,us,us,6,10,sleek,2587
448,39,Female,American Indian or Alaska native,AS,AS,5,9,dynamic,1255
449,33,Male,White,US,US,6,11,elegant,2643
450,43,Female,White,US,US,7,11,aerodynamic,1489
451,77,Female,White,US,US,4,10,sophisticated,495
452,43,Male,Korean,US,US,6,10,aerodynamic,356
453,44,Female,White,US,US,5,11,stylish,1623
454,34,Male,White,USA,TX,5,11,sophisticated,272
455,32,Male,American Indian or Alaska native,AM,AM,6,10,elegant,678
456,32,Male,White,US,US,5,10,aerodynamic,1000
457,44,Male,White,AI,AI,5,11,modern,2118
458,43,Male,White,US,US,3,10,aggressive,2669
459,47,Male,White,US,US,5,10,elegant,817
460,27,Female,White,US,US,6,10,aggressive,527
461,26,Female,White,US,US,5,10,luxurious,2481
462,36,Male,White,US,US,6,8,aggressive,852
463,45,Male,White,US,US,2,10,stylish,703
464,55,Male,White,US,US,4,10,luxurious,1807
465,32,Male,White,US,US,5,10,aggressive,1050
466,25,Female,Black,US,US,6,10,modern,877
467,30,Male,Black,us,us,6,10,elegant,2668
468,46,Male,White,US,US,5,10,elegant,2684
469,34,Male,White,US,US,4,10,stylish,2630
470,29,Male,White,CA,CA,4,10,luxurious,2703
471,25,Female,White,US,US,5,10,dynamic,2699
472,33,Male,American Indian or Alaska native,US,US,3,6,stylish,224
473,39,Female,White,AS,AS,6,11,elegant,1379
474,42,Female,American Indian or Alaska native,US,US,5,11,sporty,817
475,38,Male,White,US,US,6,11,sleek,1238
476,34,Male,White,CALIFORNIA,CALIFORNIA,4,10,aerodynamic,2633
477,67,Female,White,US,US,4,11,sophisticated,1358
478,29,Male,White,USA,USA,2,10,aggressive,1293
479,34,Male,White,US,US,4,10,dynamic,2559
480,35,Male,White,US,US,4,10,aggressive,902
481,26,Male,American Indian or Alaska native,US,US,6,11,dynamic,1357
482,25,Female,White,USA,USA,6,11,sporty,2762
483,39,Female,American Indian or Alaska native,AS,AS,5,6,aerodynamic,1381
484,32,Male,White,US,US,6,10,sporty,767
485,44,Male,White,RO,HK,3,12,sophisticated,621
486,33,Female,White,us,us,5,10,sporty,1605
487,45,Male,American Indian or Alaska native,CA,CA,4,11,dynamic,1505
488,54,Male,Black,FL,FL,4,10,dynamic,658
489,26,Male,White,AS,AS,7,11,sporty,2339
490,48,Male,Black,co,lakewood,6,11,sophisticated,1556
491,40,Male,White,US,US,3,10,sleek,674
492,33,Male,White,US,US,4,10,sophisticated,678
493,30,Male,White,us,us,6,10,luxurious,2759
494,30,Male,White,CA,CA,4,11,elegant,1471
495,28,Prefer not to answer,Prefer not to answer,NO-ANSWER,NO-ANSWER,9,14,sleek,148
496,27,Female,White,US,US,6,11,elegant,1517
497,33,Male,White,US,US,5,10,modern,524
498,35,Male,White,us,us,6,11,sporty,2767
499,38,Female,White,AS,AS,6,10,elegant,1484
500,70,Male,White,US,US,8,11,dynamic,2107
501,23,Male,White,US,US,5,10,aggressive,1442
502,28,Male,White,US,US,7,11,sophisticated,1326
503,24,Female,Asian Indian,IN,IN,1,10,sophisticated,2846
504,36,Female,Black,FL,FL,4,10,elegant,1923
505,26,Female,White,AS,AS,5,10,modern,2316
506,34,Male,White,US,US,6,10,dynamic,975
507,59,Male,American Indian or Alaska native,AX,AX,4,11,dynamic,691
508,33,Male,White,IN,USA,4,10,modern,2850
509,35,Male,White,US,US,6,10,aggressive,1703
510,29,Male,White,USA,USA,3,10,stylish,1407
511,35,Male,White,US,RU,4,2,aggressive,454
512,38,Female,American Indian or Alaska native,AS,AS,5,6,modern,1526
513,32,Male,White,US,US,4,10,modern,1299
514,35,Male,White,US,US,6,11,dynamic,1753
515,35,Male,White,MS,MS,6,11,elegant,1089
516,55,Female,White,US,US,6,10,luxurious,1840
517,27,Female,White,US,US,4,10,aggressive,1685
518,45,Male,White,US,US,5,10,sporty,2971
519,34,Male,White,US,US,4,10,sporty,2831
520,34,Male,White,US,US,3,10,aerodynamic,2943
521,32,Male,White,US,US,5,10,elegant,1242
522,38,Female,White,US,US,6,10,stylish,2939
523,61,Male,White,Rockaway Beach,Rockaway Beach,6,10,modern,2537
524,35,Male,White,US,AL,4,2,sporty,575
525,38,Female,White,US,US,4,11,sporty,801
526,37,Female,White,US,US,6,10,aggressive,564
527,27,Female,White,US,US,2,11,luxurious,3015
528,25,Female,White,US,US,6,11,sporty,1771
529,48,Male,White,us,us,6,10,modern,524
530,36,Male,White,US,US,6,11,sporty,3049
531,52,Male,White,US,US,8,6,elegant,1050
532,28,Male,White,ID,ID,4,10,sporty,2060
533,33,Male,White,US,US,5,10,sleek,1287
534,30,Male,White,USA,USA,3,10,luxurious,1544
535,34,Male,White,US,US,4,10,sporty,2822
536,32,Female,White,US,US,6,10,sophisticated,970
537,45,Female,White,US,US,6,11,sporty,2977
538,36,Male,American Indian or Alaska native,CA,CA,5,11,luxurious,1750
539,63,Male,White,US,US,7,11,sleek,1811
540,25,Male,White,US,US,5,10,sophisticated,2886
541,53,Male,White,AS,AS,6,11,aerodynamic,1579
542,33,Male,White,us,us,6,10,sophisticated,2066
543,50,Male,White,US,US,3,11,luxurious,1617
544,33,Male,White,us,us,6,10,dynamic,2053
545,32,Male,White,US,US,7,11,aggressive,1343
546,35,Male,White,CY,AS,4,9,sporty,715
547,26,Male,Asian Indian,AS,AS,3,10,luxurious,3132
548,36,Male,White,AX,DZ,4,9,dynamic,750
549,33,Male,White,US,US,4,8,modern,508
550,30,Male,Black,us,us,6,10,aerodynamic,3040
551,40,Female,White,CA,CA,6,11,aggressive,1274
552,36,Female,Black,SC,SC,4,10,elegant,2193
553,33,Male,White,US,US,4,10,sporty,789
554,23,Male,White,US,US,5,11,luxurious,890
555,34,Male,White,US,US,4,10,modern,3013
556,33,Male,White,us,us,6,10,aggressive,2194
557,66,Male,White,US,US,8,13,modern,2909
558,42,Male,White,US,US,6,11,dynamic,1839
559,40,Female,White,US,US,6,10,luxurious,1879
560,53,Female,White,ND,HEBRON,5,10,sleek,1676
561,32,Male,White,CA,CA,3,8,sleek,1774
562,27,Female,White,US,US,6,10,stylish,3179
563,39,Female,American Indian or Alaska native,AS,AS,5,6,sleek,647
564,27,Female,White,US,US,6,11,luxurious,1276
565,30,Female,White,US,US,3,10,sleek,3165
566,35,Male,White,DZ,AL,4,6,aerodynamic,842
567,35,Male,White,us,us,6,11,modern,3119
568,42,Male,Black,AS,AS,6,10,aerodynamic,1256
569,30,Male,White,us,us,6,10,sporty,3150
570,49,Male,White,NR,NR,5,11,elegant,2561
571,25,Female,White,US,US,5,10,sophisticated,1195
572,39,Male,White,US,US,6,10,sophisticated,1398
573,36,Male,White,DZ,AD,3,10,aerodynamic,826
574,47,Male,American Indian or Alaska native,AF,AF,4,11,sleek,1068
575,23,Male,American Indian or Alaska native,CA,CA,7,10,sporty,3221
576,33,Male,White,US,US,5,10,elegant,1475
577,42,Male,White,US,US,8,11,elegant,2368
578,33,Male,White,CA,CA,5,7,sophisticated,2828
579,33,Male,White,US,US,5,10,sophisticated,1492
580,35,Male,White,US,US,6,11,luxurious,1936
581,34,Male,White,US,US,4,10,aggressive,3050
582,23,Female,White,us,us,5,10,aggressive,345
583,35,Male,White,AF,AL,4,9,elegant,1008
584,28,Male,White,US,US,4,10,sleek,1709
585,25,Male,White,US,US,5,10,aggressive,3119
586,30,Male,White,us,us,6,10,sporty,3240
587,34,Female,White,CALIFORNIA,CALIFORNIA,4,10,dynamic,636
588,33,Female,White,US,US,5,11,modern,2334
589,32,Female,White,US,US,6,10,stylish,921
590,55,Female,White,US,US,6,10,elegant,1662
591,55,Male,White,US,US,5,11,sleek,861
592,51,Female,Japanese,US,US,5,8,aerodynamic,499
593,39,Female,American Indian or Alaska native,NC,NC,3,10,dynamic,848
594,40,Male,White,United States,United States,7,10,sporty,320
595,48,Male,Black,bradfordway voorhes,nj,6,13,sophisticated,1746
596,55,Male,White,US,US,6,11,aggressive,1565
597,36,Female,White,US,US,2,9,luxurious,831
598,35,Female,White,US,US,8,10,luxurious,1951
599,35,Male,White,DZ,AD,4,6,sophisticated,935
600,48,Female,White,US,US,9,6,aggressive,3366
601,28,Female,White,US,US,2,10,aggressive,3379
602,36,Male,White,DZ,AD,6,6,aggressive,934
603,35,Male,White,MS,MS,6,11,luxurious,1269
604,33,Male,White,US,US,2,10,elegant,3408
605,34,Male,American Indian or Alaska native,CA,CA,5,11,luxurious,2009
606,47,Female,White,US,US,6,10,stylish,2895
607,32,Male,White,US,US,3,10,sleek,3384
608,65,Male,White,US,US,8,11,sleek,2147
609,45,Female,White,US,US,6,10,stylish,1784
610,25,Female,White,AM,AM,6,10,sleek,3433
611,35,Male,White,US,AL,4,11,luxurious,993
612,30,Male,Black,us,us,6,10,sporty,3421
613,32,Male,White,usa,usa,4,11,aggressive,3478
614,usa,Male,White,usa,usa,4,11,dynamic,3489
615,49,Female,White,US,US,4,11,stylish,1727
616,33,Male,White,US,US,5,10,modern,1663
617,36,Male,White,AF,AX,5,6,elegant,974
618,32,Male,White,usa,usa,3,11,sleek,3525
619,28,Female,American Indian or Alaska native,AS,AT,6,10,aerodynamic,1774
620,34,Male,White,US,US,6,11,aerodynamic,3463
621,35,Male,White,CA,CA,5,10,elegant,2119
622,32,Male,White,usa,usa,4,11,modern,3537
623,35,Female,White,US,US,8,10,stylish,1864
624,33,Male,White,us,us,5,10,luxurious,2842
625,36,Male,White,US,US,6,11,modern,3570
626,56,Male,American Indian or Alaska native,AX,AX,4,11,luxurious,1155
627,36,Female,Black,TX,TX,4,10,aerodynamic,2796
628,36,Female,White,US,US,4,11,stylish,1226
629,62,Male,White,USA,USA,6,11,aerodynamic,1443
630,31,Male,White,US,US,4,10,luxurious,1923
631,30,Male,Black,US,US,5,10,modern,767
632,38,Male,White,US,US,6,11,dynamic,2171
633,29,Female,White,US,US,3,14,elegant,659
634,27,Female,White,US,US,6,11,sleek,1712
635,45,Male,White,CO,CO,6,11,modern,1806
636,50,Male,White,AS,AS,5,10,sophisticated,1171
637,35,Male,White,MU,DZ,4,4,luxurious,981
638,34,Female,White,CALIFORNIA,CALIFORNIA,4,10,dynamic,1881
639,28,Male,White,AL,AL,5,10,aerodynamic,2578
640,33,Female,White,US,US,5,10,sophisticated,1190
641,32,Female,White,US,US,6,10,aerodynamic,3544
642,29,Male,White,USA,USA,3,10,modern,2077
643,56,Female,White,US,US,7,10,luxurious,2070
644,26,Female,White,US,US,5,10,modern,3553
645,36,Female,White,US,US,7,10,luxurious,3572
646,28,Female,White,US,US,2,8,aerodynamic,3560
647,34,Male,White,CALIFORNIA,CALIFORNIA,4,10,luxurious,1825
648,29,Female,White,US,US,7,10,sporty,500
649,36,Male,White,AD,AO,3,11,aerodynamic,1134
650,34,Male,White,US,US,4,10,modern,3380
651,35,Male,White,US,US,6,11,luxurious,3558
652,33,Male,White,US,US,6,10,luxurious,3384
653,30,Other,Black,us,us,6,10,sleek,3573
654,44,Male,White,US,US,6,10,aggressive,3545
655,36,Male,White,US,US,4,11,dynamic,795
656,34,Female,White,CALIFORNIA,CALIFORNA,4,10,sporty,2004
657,32,Female,White,US,US,5,4,sporty,561
658,25,Male,White,US,US,5,10,luxurious,3635
659,32,Male,White,us,us,5,9,aggressive,316
660,33,Male,White,US,US,5,10,sporty,842
661,32,Female,White,us,us,6,4,stylish,203
662,34,Female,White,CALIFORNIA,CALIFORNIA,4,10,dynamic,1890
663,33,Male,White,USA,USA,6,10,aggressive,3637
664,47,Female,Other race,US,US,3,10,modern,1192
665,47,Female,White,US,US,6,10,modern,473
666,35,Male,White,DZ,AS,4,8,aerodynamic,1420
667,35,Male,White,US,US,5,10,sophisticated,2907
668,27,Female,White,US,US,4,10,modern,3512
669,46,Female,White,US,US,2,11,dynamic,3539
670,35,Male,White,AX,DZ,5,11,aggressive,656
671,35,Male,White,VA,VA,4,6,modern,418
672,34,Male,White,US,US,4,10,aerodynamic,3557
673,28,Male,White,US,US,3,10,aerodynamic,2500
674,32,Male,White,US,US,4,10,aerodynamic,3684
675,36,Male,White,AT,AW,7,13,aerodynamic,1225
676,30,Male,White,USA,USA,3,10,dynamic,2214
677,30,Male,Black,us,us,7,10,elegant,3668
678,35,Male,White,US,US,6,11,stylish,2524
679,33,Male,White,US,US,5,10,stylish,1855
680,25,Male,White,WA,WA,7,10,luxurious,642
681,42,Female,White,US,US,8,11,stylish,2493
682,36,Male,White,US,US,6,11,sporty,3727
683,32,Female,White,USA,USA,6,10,sleek,3764
684,27,Male,White,CA,PR,3,11,stylish,442
685,32,Male,White,US,US,5,10,luxurious,2819
686,35,Male,White,VA,VA,4,6,elegant,555
687,32,Male,White,US,US,4,10,sleek,3762
688,33,Female,White,US,US,5,10,elegant,393
689,27,Female,White,US,US,6,11,elegant,1832
690,35,Male,White,US,US,6,10,stylish,1131
691,30,Female,White,CALIFORNIA,CALIFORNIA,4,10,aggressive,1038
692,25,Male,White,US,US,5,10,aerodynamic,3744
693,35,Male,White,US,US,6,10,sporty,3858
694,62,Female,White,US,US,5,11,aggressive,1324
695,59,Female,American Indian or Alaska native,AS,AS,5,13,stylish,1598
696,44,Male,White,US,US,3,9,elegant,376
697,36,Male,White,AI,AL,7,11,aggressive,1059
698,48,Male,Black,duckett rd,tn,6,11,dynamic,2192
699,28,Female,White,US,US,2,5,dynamic,470
700,30,Female,White,us,us,5,10,aggressive,3813
701,32,Male,White,US,US,4,10,sleek,3897
702,33,Male,White,US,US,5,10,sleek,3667
703,36,Male,American Indian or Alaska native,CA,CA,5,11,sophisticated,2414
704,34,Female,White,IL,IL,4,4,stylish,627
705,43,Male,White,US,US,5,11,stylish,408
706,46,Male,White,SN,SN,7,11,aggressive,3283
707,54,Female,White,usa,usa,6,11,aerodynamic,2376
708,42,Male,White,US,US,6,11,dynamic,413
709,29,Male,White,US,US,7,10,sleek,648
710,36,Female,Native Hawaiian,AX,AS,7,9,sophisticated,1188
711,42,Female,White,US,US,5,10,elegant,3918
712,32,Male,White,us,us,4,10,dynamic,3196
713,33,Male,White,US,US,5,10,modern,3923
714,35,Male,White,US,US,6,11,luxurious,2720
715,30,Prefer not to answer,White,US,US,4,10,aerodynamic,361
716,43,Female,White,US,US,6,10,modern,2923
717,33,Female,Asian Indian,us,us,4,6,luxurious,3904
718,33,Male,White,US,US,6,10,aggressive,3706
719,25,Male,White,US,US,6,10,stylish,593
720,34,Male,White,US,US,4,10,sporty,3794
721,36,Male,American Indian or Alaska native,US,US,3,10,sleek,2897
722,29,Male,White,USA,USA,3,10,sporty,2432
723,27,Female,White,US,US,6,11,luxurious,2084
724,36,Male,White,AX,AS,7,6,sleek,1485
725,43,Male,American Indian or Alaska native,CA,CA,5,11,sporty,2696
726,32,Male,White,US,US,6,10,sleek,2035
727,67,Female,White,US,US,4,10,dynamic,3985
728,36,Male,White,AX,DZ,5,11,stylish,811
729,33,Male,White,US,US,5,10,sleek,2122
730,51,Female,White,US,US,2,9,aerodynamic,1255
731,25,Male,White,ASHBURN,AS,2,11,luxurious,670
732,25,Male,White,US,US,5,10,sporty,3968
733,35,Male,White,US,US,6,11,elegant,3979
734,58,Male,White,US,US,4,10,elegant,2900
735,36,Female,White,US,US,4,10,elegant,1713
736,36,Female,Chinese,DZ,AS,8,2,sophisticated,520
737,34,Male,White,US,US,4,10,luxurious,1519
738,33,Male,White,US,US,6,10,aerodynamic,4013
739,35,Male,White,US,US,3,10,stylish,146
740,47,Female,White,US,US,4,10,elegant,2716
741,58,Female,American Indian or Alaska native,AS,AS,5,13,aggressive,2036
742,43,Female,White,US,US,5,10,aggressive,3213
743,25,Female,White,AM,AM,6,10,sleek,2636
744,29,Male,White,USA,USA,3,10,sophisticated,2495
745,43,Male,White,AS,AS,5,10,modern,828
746,32,Male,White,us,us,4,10,modern,4117
747,38,Male,White,AS,AS,7,11,dynamic,1157
748,38,Female,Asian Indian,us,us,4,6,modern,4070
749,47,Male,White,GA,GA,6,11,elegant,1973
750,33,Male,White,US,US,4,10,sleek,3303
751,30,Male,White,US,US,6,10,sophisticated,196
752,32,Female,White,US,US,8,10,sleek,2333
753,39,Female,White,LA,LA,7,10,aggressive,1074
754,34,Male,White,US,US,3,10,sophisticated,482
755,46,Male,White,US,US,5,7,sporty,441
756,33,Male,White,US,US,6,10,dynamic,3929
757,30,Male,White,US,US,4,10,aerodynamic,3628
758,35,Male,White,US,US,3,10,aggressive,284
759,38,Male,White,US,US,4,11,sleek,2586
760,35,Male,White,US,US,6,11,dynamic,2916
761,38,Male,White,US,US,5,10,sporty,4182
762,32,Male,White,us,us,4,11,elegant,4159
763,25,Male,White,US,US,5,10,modern,4141
764,30,Female,White,usa,usa,3,10,sleek,3880
765,39,Male,White,DZ,AX,5,11,modern,1075
766,30,Female,White,usa,usa,3,10,aerodynamic,3872
767,40,Female,White,US,US,6,11,elegant,2807
768,51,Male,White,US,US,6,11,dynamic,2173
769,35,Other,Black,US,u,8,6,stylish,4159
770,33,Male,White,US,US,5,10,aggressive,512
771,29,Male,White,US,US,5,10,luxurious,3877
772,43,Female,White,US,US,5,10,sophisticated,3178
773,33,Male,White,US,US,5,13,aerodynamic,2301
774,26,Female,Black,America,AS,3,10,luxurious,785
775,38,Male,White,AS,AS,5,10,modern,1736
776,48,Female,Black,montgomery,mn,6,11,dynamic,2568
777,33,Male,White,US,US,7,11,stylish,4176
778,32,Male,White,US,US,4,10,elegant,4230
779,52,Male,White,US,US,4,10,aggressive,1167
780,38,Male,White,US,US,7,11,aerodynamic,1151
781,33,Female,White,US,US,5,10,sophisticated,845
782,30,Female,White,usa,usa,3,9,elegant,3934
783,35,Female,White,US,US,4,10,luxurious,1906
784,30,Female,White,usa,usa,3,10,modern,3915
785,32,Male,White,US,US,6,10,elegant,2309
786,48,Female,White,usa,usa,6,10,sophisticated,2063
787,27,Female,White,US,US,6,11,luxurious,2968
788,33,Male,White,US,US,7,10,dynamic,3408
789,27,Female,Asian Indian,CA,CA,4,10,sporty,812
790,32,Male,White,US,US,5,9,aerodynamic,1758
791,48,Male,White,US,US,6,11,dynamic,652
792,44,Male,White,United States,United States,4,10,sporty,1849
793,33,Male,White,US,US,7,10,sleek,4065
794,36,Male,White,US,US,4,11,sophisticated,1434
795,42,Female,White,US,US,4,11,sleek,1918
796,52,Male,White,US,US,6,8,aerodynamic,1436
797,30,Male,White,USA,USA,3,10,dynamic,2731
798,53,Female,White,US,US,2,9,elegant,197
799,54,Male,White,US,US,6,11,sleek,2594
800,49,Female,White,US,US,3,8,sporty,4301
801,32,Male,White,US,US,4,10,sophisticated,4317
802,36,Female,White,NU,NU,4,4,sporty,1311
803,34,Female,White,US,US,7,10,dynamic,2457
804,25,Male,White,GA,GA,5,10,sleek,3247
805,25,Female,White,LA,LA,7,10,luxurious,4343
806,40,Male,White,AS,AS,6,10,stylish,2201
807,33,Male,White,US,US,3,10,stylish,457
808,33,Female,White,US,US,7,10,stylish,2447
809,38,Male,White,US,US,5,10,stylish,757
810,25,Female,White,AM,AM,6,10,aerodynamic,2852
811,32,Male,White,US,US,4,10,modern,4356
812,43,Male,White,US,US,4,6,sophisticated,3047
813,35,Male,White,US,US,6,11,aerodynamic,4334
814,43,Female,White,US,US,5,10,luxurious,3475
815,48,Female,White,USA,USA,6,11,sophisticated,2221
816,35,Female,White,US,US,5,10,stylish,410
817,38,Female,White,CA,CU,2,10,sleek,620
818,35,Female,White,US,US,6,10,aggressive,2051
819,33,Female,White,US,US,4,10,dynamic,3037
820,28,Male,White,USA,USA,3,10,modern,2878
821,46,Female,White,US,US,6,11,aerodynamic,2392
822,42,Male,White,US,US,3,11,sophisticated,927
823,38,Male,White,US,US,4,10,stylish,1125
824,36,Male,White,US,US,3,10,sophisticated,4448
825,45,Male,White,US,US,4,10,stylish,337
826,32,Female,White,US,US,7,10,elegant,1961
827,48,Male,White,hemet city,ca,6,11,modern,2749
828,36,Female,White,US,US,4,10,sophisticated,2089
829,33,Male,White,USA,USA,6,10,elegant,4452
830,33,Male,White,US,US,5,10,aggressive,2545
831,32,Male,White,US,US,5,10,sleek,4528
832,32,Female,White,US,US,7,11,luxurious,4412
833,41,Male,White,AS,AS,5,10,aerodynamic,2236
834,32,Male,White,US,US,4,10,dynamic,4472
835,30,Male,White,NZ,nz,5,11,sporty,481
836,38,Male,White,US,US,7,11,sophisticated,1369
837,28,Male,White,PA,US,4,10,elegant,2582
838,50,Female,White,US,US,4,11,sophisticated,2139
839,31,Male,Asian Indian,us,us,3,9,sophisticated,4454
840,33,Female,White,US,US,5,10,stylish,1079
841,35,Male,White,us,us,6,10,aerodynamic,1897
842,33,Male,White,US,US,7,10,sporty,4210
843,25,Male,White,FORT LEE,FO,3,11,elegant,1163
844,33,Male,White,US,US,7,10,luxurious,3472
845,32,Male,American Indian or Alaska native,AM,AM,6,10,aggressive,2547
846,34,Female,White,CALIFORNIA,CALIFORNIA,5,10,dynamic,554
847,30,Male,Black,us,us,6,10,sleek,4503
848,50,Female,Black,SC,SC,4,11,stylish,367
849,32,Male,White,US,US,4,10,sophisticated,4523
850,32,Female,White,US,US,6,11,aerodynamic,4550
851,27,Male,White,AS,AD,4,11,stylish,639
852,29,Male,White,USA,USA,3,10,sophisticated,3015
853,40,Female,White,US,US,3,11,dynamic,1085
854,35,Male,White,US,US,6,11,aggressive,4523
855,33,Male,White,US,US,7,11,luxurious,375
856,35,Male,White,US,US,6,10,dynamic,1422
857,25,Male,Other race,US,US,6,10,sleek,464
858,42,Male,Black,US,US,4,10,luxurious,4570
859,32,Female,White,US,US,7,10,stylish,1971
860,38,Male,White,US,US,4,11,sporty,2984
861,34,Female,White,US,US,7,10,elegant,2641
862,32,Male,White,US,US,4,10,dynamic,4577
863,33,Male,White,US,US,6,10,luxurious,4524
864,34,Male,Black,us,us,3,5,sophisticated,4564
865,37,Male,White,US,US,7,11,dynamic,1599
866,40,Female,White,US,US,2,10,sporty,1147
867,40,Male,White,US,US,7,10,stylish,623
868,35,Male,White,US,US,5,10,modern,3857
869,50,Female,White,US,US,7,10,aerodynamic,473
870,36,Male,Black,US,US,3,10,luxurious,3490
871,30,Male,White,NJ,NJ,6,11,aggressive,2312
872,32,Male,White,US,US,4,10,luxurious,4634
873,49,Female,White,US,US,2,11,sporty,1157
874,33,Female,White,CA,CA,4,4,sleek,1516
875,34,Male,White,NZ,NZ,6,10,stylish,693
876,28,Female,White,US,US,2,6,luxurious,4725
877,46,Male,White,US,US,2,13,elegant,1019
878,30,Male,White,us,us,6,10,sophisticated,4645
879,33,Female,White,CM,NZ,5,10,sporty,698
880,41,Male,White,NZ,NZ,6,1,sleek,2267
881,29,Male,White,USA,USA,3,10,elegant,3115
882,33,Male,White,us,us,5,10,dynamic,2725
883,35,Male,White,US,US,6,11,sleek,4648
884,37,Male,White,US,US,8,11,modern,1561
885,32,Male,White,US,US,4,10,elegant,4651
886,30,Female,White,CALIFORNIA,CALIFORNIA,4,10,modern,2715
887,27,Female,White,usa,usa,6,11,sporty,987
888,33,Female,White,US,US,5,10,elegant,1282
889,63,Female,White,USA,USA,6,11,modern,2532
890,32,Male,White,US,US,4,10,elegant,4719
891,32,Male,White,us,us,5,4,luxurious,2858
892,61,Female,White,US,US,6,11,aerodynamic,4790
893,32,Male,White,US,US,6,10,modern,2917
894,41,Female,White,US,US,6,10,luxurious,1315
895,30,Male,White,US,US,5,7,sleek,1050
896,30,Male,Black,us,us,6,10,sleek,4756
897,22,Female,Black,US,US,7,10,luxurious,551
898,40,Female,Prefer not to answer,US,US,4,10,sophisticated,717
899,56,Female,White,US,US,6,11,elegant,2814
900,66,Male,White,US,US,6,11,elegant,1008
901,23,Female,White,US,US,4,10,stylish,3280
902,35,Male,White,US,US,6,11,stylish,4813
903,32,Male,White,US,US,3,10,stylish,405
904,35,Male,White,TX,TX,6,11,luxurious,3197
905,32,Male,White,US,US,4,10,sporty,1767
906,28,Male,White,US,US,2,8,stylish,4933
907,30,Male,Black,us,us,6,10,stylish,4846
908,52,Male,White,US,US,6,8,sporty,2141
909,30,Male,White,USA,USA,3,10,dynamic,3318
910,26,Male,White,KH,AX,3,11,dynamic,1424
911,33,Male,White,US,US,5,10,sporty,2922
912,32,Female,White,US,US,2,7,modern,426
913,68,Female,White,US,US,4,11,modern,2537
914,27,Male,White,AS,AS,4,11,modern,1698
915,64,Female,White,US,US,3,8,dynamic,838
916,41,Male,White,AS,AS,5,10,elegant,4898
917,48,Male,White,US,US,3,10,sleek,3870
918,38,Female,White,US,US,7,10,luxurious,2557
919,33,Female,White,US,US,5,10,sporty,1537
920,35,Female,White,US,US,4,10,sleek,2669
921,28,Female,White,US,US,5,10,sophisticated,1980
922,37,Male,White,US,US,7,11,modern,2147
923,30,Male,White,us,us,6,10,sophisticated,4964
924,63,Female,White,AL,AL,4,10,aggressive,2150
925,35,Male,White,US,US,6,10,aggressive,1354
926,38,Male,White,US,US,3,11,stylish,3370
927,35,Male,White,US,US,4,11,aerodynamic,4329
928,34,Female,White,US,US,6,8,dynamic,353
929,35,Male,White,US,US,6,10,dynamic,1428
930,25,Female,White,US,US,6,10,modern,2386
931,35,Male,White,US,US,5,10,luxurious,1475
932,29,Male,White,US,US,5,11,aggressive,648
933,30,Male,White,US,US,2,8,sophisticated,5061
934,35,Male,White,US,US,6,11,sophisticated,5036
935,35,Female,White,CALIFORNIA,CALIFORNIA,5,10,sleek,319
936,65,Female,White,US,US,6,11,aggressive,3292
937,30,Male,Black,us,us,6,10,luxurious,5084
938,35,Male,White,US,US,4,10,aerodynamic,3158
939,38,Female,White,CA,CA,2,10,sporty,642
940,33,Male,White,US,US,5,10,sleek,3090
941,33,Male,White,US,US,5,10,modern,1330
942,50,Male,White,USA,USA,6,11,stylish,2929
943,36,Female,White,US,US,4,10,luxurious,530
944,36,Female,White,US,US,5,10,luxurious,2591
945,56,Male,White,US,US,6,10,aggressive,490
946,38,Male,White,AX,AX,5,11,sleek,2381
947,36,Male,White,US,US,4,11,luxurious,2089
948,30,Male,White,US,US,3,11,elegant,1301
949,35,Female,White,US,US,4,10,luxurious,2865
950,45,Female,White,AL,AL,6,11,luxurious,228
951,32,Female,White,US,US,6,10,aggressive,3307
952,32,Female,White,US,US,4,10,stylish,4684
953,30,Male,White,us,us,6,10,aggressive,5162
954,70,Female,White,US,US,5,8,elegant,617
955,25,Male,White,CA,CA,7,10,modern,2136
956,28,Male,White,US,US,5,10,stylish,3284
957,29,Male,White,US,US,5,11,aggressive,639
958,30,Female,White,USA,USA,3,10,sporty,5257
959,48,Female,White,US,US,5,10,sleek,4010
960,35,Male,White,US,US,2,10,sleek,5235
961,63,Male,White,US,US,3,10,sporty,4103
962,38,Male,White,US,US,7,10,aerodynamic,2250
963,30,Female,White,usa,usa,3,10,aerodynamic,5257
964,33,Female,White,CALIFORNIA,CALIFORNIA,4,10,stylish,3202
965,30,Female,White,usa,usa,3,10,modern,5309
966,50,Female,White,US,US,5,11,stylish,483
967,41,Male,White,US,US,5,10,modern,2429
968,30,Female,White,usa,usa,3,10,elegant,5270
969,52,Female,Asian Indian,US,US,2,10,modern,548
970,36,Female,White,US,US,5,10,modern,5217
971,35,Male,White,us,us,6,10,elegant,2295
972,35,Male,Asian Indian,us,us,4,6,sophisticated,5281
973,62,Male,White,US,US,6,11,sophisticated,3067
974,35,Male,White,US,US,4,10,modern,2030
975,30,Male,Black,us,us,8,10,luxurious,5283
976,52,Female,White,AX,AS,5,11,sophisticated,456
977,30,Male,White,US,US,3,11,sophisticated,346
978,47,Female,White,US,US,4,10,sophisticated,538
979,30,Male,White,USA,USA,2,10,dynamic,3725
980,50,Male,White,US,US,6,10,luxurious,2467
981,49,Female,White,CA,CA,6,11,luxurious,3022
982,52,Female,White,US,US,6,11,aerodynamic,3692
983,35,Male,White,US,US,3,10,sleek,416
984,29,Male,White,US,US,5,11,sporty,801
985,38,Female,White,US,US,7,10,stylish,5363
986,35,Male,White,US,US,6,11,sleek,5329
987,37,Female,White,US,US,3,9,sporty,690
988,42,Male,White,fl,fl,5,11,dynamic,420
989,30,Male,White,us,us,6,10,sleek,5346
990,32,Male,White,AX,AX,5,11,sophisticated,2692
991,34,Male,White,US,US,4,10,stylish,4611
992,26,Male,White,AS,AS,3,11,aggressive,2167
993,58,Female,White,US,US,6,11,luxurious,5408
994,28,Male,White,US,US,6,10,elegant,3153
995,45,Male,White,AL,AD,5,11,modern,507
996,32,Female,White,US,US,7,10,modern,2998
997,30,Male,White,US,US,3,11,modern,1474
998,37,Male,White,US,US,4,10,luxurious,3315
999,34,Male,White,US,US,2,9,aerodynamic,562
1000,35,Male,White,US,US,6,11,elegant,5453
1001,54,Male,White,US,US,4,10,luxurious,4265
1002,47,Female,White,USA,USA,6,11,aggressive,3201
1003,30,Male,Black,us,us,6,10,aggressive,5431
1004,34,Male,White,US,US,5,10,stylish,260
1005,29,Female,White,US,US,2,8,sporty,5461
1006,35,Male,White,US,US,4,10,luxurious,3607
1007,37,Female,White,US,US,3,6,sporty,401
1008,33,Male,White,US,US,7,10,luxurious,5421
1009,46,Female,White,AL,DZ,7,11,sophisticated,600
1010,41,Male,White,US,US,8,10,sleek,1444
1011,33,Female,White,33,33,5,10,stylish,2168
1012,52,Female,White,US,US,5,10,stylish,3060
1013,30,Male,White,US,US,5,10,aerodynamic,5069
1014,37,Female,White,US,US,5,10,modern,1460
1015,28,Male,White,US,US,6,11,aggressive,2958
1016,30,Male,Black,us,us,5,10,sleek,5555
1017,38,Female,White,US,US,7,10,luxurious,5481
1018,30,Male,White,US,US,3,11,luxurious,99
1019,28,Male,White,AL,AR,4,11,dynamic,1026
1020,36,Female,White,US,US,4,11,sophisticated,4913
1021,38,Male,White,US,US,5,11,aerodynamic,3941
1022,32,Female,White,US,US,7,10,sporty,2555
1023,39,Female,White,US,US,4,10,aggressive,1495
1024,33,Male,White,US,US,7,11,aggressive,5507
1025,37,Female,White,US,US,3,10,sleek,185
1026,49,Male,White,US,US,6,11,sporty,3180
1027,54,Female,White,US,US,6,11,elegant,3912
1028,36,Male,White,US,US,6,10,sleek,5607
1029,58,Male,White,US,US,6,6,elegant,2752
1030,33,Female,Other Pacific Islander,US,US,7,10,aggressive,254
1031,30,Male,Black,us,us,6,10,sleek,5654
1032,20,Male,White,US,US,2,7,sophisticated,692
1033,30,Male,White,US,US,3,11,stylish,767
1034,65,Male,White,US,US,7,10,modern,933
1035,50,Male,White,US,US,6,11,dynamic,3653
1036,37,Male,White,US,US,4,10,elegant,3617
1037,31,Male,White,US,US,5,10,modern,480
1038,32,Female,White,US,US,7,10,stylish,2677
1039,33,Male,White,US,US,5,11,aggressive,5616
1040,34,Male,White,US,US,3,10,luxurious,364
1041,25,Male,White,US,US,6,10,sleek,5796
1042,53,Female,White,US,US,4,10,aggressive,499
1043,57,Female,White,US,US,6,10,dynamic,5766
1044,34,Female,White,COLIFORNIA,COLIFORNIA,4,10,sporty,3717
1045,30,Male,White,us,us,6,10,luxurious,5797
1046,30,Male,White,US,US,3,11,stylish,907
1047,32,Female,White,US,US,7,10,dynamic,2766
1048,25,Male,American Indian or Alaska native,AS,AS,5,11,modern,3349
1049,59,Female,White,US,US,4,10,sporty,957
1050,25,Female,White,US,US,5,10,dynamic,1837
1051,26,Male,White,US,US,8,13,sporty,568
1052,33,Male,White,US,US,3,10,aggressive,584
1053,33,Female,White,US,US,5,10,sophisticated,2687
1054,26,Male,White,US,US,5,10,sporty,224
1055,33,Male,White,US,US,4,10,stylish,5748
1056,28,Female,White,US,US,5,10,aggressive,3524
1057,35,Male,White,US,US,4,10,aggressive,3943
1058,30,Male,White,US,US,3,11,elegant,1016
1059,39,Female,White,US,US,6,11,modern,4510
1060,36,Male,White,US,US,4,10,luxurious,3808
1061,31,Male,White,US,US,2,10,luxurious,5907
1062,27,Male,Other race,US,US,4,8,elegant,455
1063,64,Female,White,US,US,6,11,sophisticated,4052
1064,30,Male,Black,us,us,6,10,aerodynamic,5930
1065,38,Female,White,US,RU,2,11,aggressive,916
1066,32,Female,White,US,US,7,10,sophisticated,2604
1067,33,Male,White,US,US,5,11,stylish,2483
1068,41,Male,White,US,US,6,10,sleek,2972
1069,38,Female,White,US,US,4,10,sporty,618
1070,30,Male,White,US,US,6,11,aggressive,6040
1071,27,Male,White,ASHBURN,AS,3,11,sophisticated,2805
1072,30,Male,White,US,US,3,11,dynamic,251
1073,25,Female,White,US,US,4,10,elegant,464
1074,34,Female,White,US,US,3,10,sleek,223
1075,54,Female,White,US,US,5,10,sporty,1210
1076,34,Female,White,CALIFORNIA,CALIFORNIA,4,10,dynamic,4202
1077,35,Male,White,US,US,4,10,luxurious,5205
1078,33,Male,White,CA,CA,5,6,aggressive,5618
1079,33,Female,White,US,US,5,10,aerodynamic,5332
1080,5,Male,White,AL,AD,2,9,sporty,2238
1081,30,Male,White,us,us,6,10,stylish,6019
1082,69,Female,White,US,US,7,10,aggressive,4506
1083,52,Male,White,US,US,6,11,sophisticated,3707
1084,36,Male,White,US,US,6,11,modern,2306
1085,57,Male,White,USA,USA,6,11,sleek,3783
1086,30,Male,White,US,US,3,11,luxurious,377
1087,27,Male,White,US,US,4,8,modern,290
1088,35,Male,White,US,US,4,10,stylish,2786
1089,60,Female,White,US,US,6,11,elegant,6117
1090,33,Male,White,US,US,6,11,dynamic,5969
1091,34,Female,White,US,US,4,10,aggressive,1624
1092,33,Male,White,US,US,4,10,dynamic,1732
1093,30,Male,Black,us,us,6,10,dynamic,6122
1094,34,Male,White,US,US,3,9,luxurious,454
1095,35,Female,White,US,US,5,10,stylish,1305
1096,33,Female,White,US,US,5,10,modern,2981
1097,33,Male,White,US,US,3,10,elegant,2525
1098,32,Male,White,US,US,3,10,modern,349
1099,7,Male,Filipino,DZ,AS,2,1,sleek,2178
1100,34,Male,White,US,US,5,10,sophisticated,6165
1101,43,Female,White,US,US,3,9,sophisticated,2991
1102,44,Male,Black,US,US,5,10,elegant,484
1103,41,Female,White,US,US,2,10,modern,502
1104,38,Female,White,CA,CA,2,10,sleek,602
1105,26,Male,Black,US,US,4,9,aerodynamic,102
1106,38,Male,White,US,US,4,10,luxurious,262
1107,34,Female,White,CALIFORNIA,CALIFORNIA,4,10,sporty,4295
1108,30,Male,Black,us,us,6,10,dynamic,6195
1109,30,Male,White,US,US,3,11,aerodynamic,485
1110,33,Male,White,US,US,6,11,modern,6047
1111,30,Male,White,USA,USA,6,9,dynamic,6240
1112,25,Female,White,US,US,6,10,modern,6247
1113,37,Male,White,US,US,8,10,sporty,2160
1114,24,Female,American Indian or Alaska native,IN,IN,3,10,modern,2248
1115,34,Male,White,US,US,4,11,modern,3718
1116,33,Male,White,US,US,4,10,luxurious,5600
1117,41,Female,White,US,US,6,10,aerodynamic,2719
1118,24,Female,White,US,US,4,10,luxurious,5593
1119,44,Male,White,US,US,4,10,stylish,543
1120,33,Male,White,CA,CA,5,10,elegant,6125
1121,26,Male,White,US,US,5,10,aerodynamic,3619
1122,25,Female,White,US,US,9,8,sleek,1062
1123,40,Male,White,US,AM,7,11,sporty,850
1124,30,Male,White,USA,USA,4,9,sporty,6304
1125,30,Male,White,us,us,6,10,aerodynamic,6306
1126,35,Male,White,US,US,4,10,dynamic,5472
1127,33,Male,White,US,US,5,10,modern,5707
1128,32,Female,White,US,US,4,10,aerodynamic,807
1129,34,Male,White,US,US,6,10,modern,6355
1130,34,Male,Black,US,US,2,10,luxurious,260
1131,30,Male,White,USA,USA,5,9,stylish,6387
1132,42,Male,White,US,US,2,7,sophisticated,2346
1133,33,Female,White,US,US,4,10,sleek,2477
1134,Prefer not to answer,Prefer not to answer,Prefer not to answer,NO-ANSWER,NO-ANSWER,9,14,dynamic,4351
1135,41,Male,White,US,US,7,10,sleek,3153
1136,35,Male,White,US,US,4,11,sophisticated,3840
1137,64,Female,White,US,US,6,11,elegant,4230
1138,35,Male,White,US,US,5,10,sophisticated,5641
1139,33,Female,White,US,US,4,10,elegant,2000
1140,28,Male,White,US,US,2,8,dynamic,6409
1141,25,Female,White,US,US,6,10,sleek,3405
1142,33,Female,White,US,US,7,10,sophisticated,5631
1143,35,Male,White,US,US,5,10,luxurious,5541
1144,30,Male,White,us,us,6,10,sophisticated,6422
1145,30,Male,White,USA,USA,4,9,sporty,6465
1146,33,Male,White,AL,AX,5,11,sporty,533
1147,5,Male,White,AX,DZ,2,1,modern,2262
1148,25,Female,White,us,us,5,11,modern,2723
1149,Prefer not to answer,Prefer not to answer,Prefer not to answer,NO-ANSWER,NO-ANSWER,9,14,elegant,4464
1150,64,Male,White,USA,USA,6,11,dynamic,4064
1151,32,Male,White,US,US,4,10,modern,2632
1152,25,Female,White,US,US,4,10,luxurious,609
1153,35,Male,White,US,US,4,10,sophisticated,3118
1154,30,Male,Black,us,us,6,10,sophisticated,6533
1155,34,Male,White,US,US,4,10,modern,1561
1156,53,Female,White,US,US,6,11,stylish,5742
1157,25,Male,Black,US,US,5,10,dynamic,1444
1158,37,Male,White,US,US,6,11,aggressive,5199
1159,50,Male,White,US,US,6,11,stylish,4546
1160,30,Male,White,usa,usa,4,9,sleek,6610
1161,41,Male,White,US,US,6,10,stylish,2907
1162,54,Female,American Indian or Alaska native,AS,AS,4,13,aggressive,308
1163,30,Female,White,US,US,7,10,sleek,132
1164,35,Male,White,US,US,3,11,sleek,4031
1165,33,Female,White,US,US,5,10,sleek,3403
1166,72,Male,White,US,US,4,8,modern,635
1167,35,Female,White,US,US,4,10,modern,1973
1168,32,Male,White,US,US,6,10,sophisticated,700
1169,51,Male,White,US,US,6,10,stylish,4800
1170,30,Male,White,usa,usa,5,9,stylish,6686
1171,32,Female,White,US,US,4,10,modern,5980
1172,30,Female,White,US,US,6,10,aerodynamic,5233
1173,34,Female,White,CALIFORNIA,CALIFORNIA,4,10,aggressive,4905
1174,40,Male,White,US,US,7,11,dynamic,946
1175,33,Male,White,CO,CO,5,5,sporty,6100
1176,29,Female,White,US,US,6,11,stylish,1935
1177,20,Male,White,AL,DZ,2,2,sophisticated,2231
1178,30,Male,White,AX,DZ,6,11,aerodynamic,4584
1179,30,Male,White,us,us,6,10,luxurious,6676
1180,52,Female,White,US,US,6,11,modern,4639
1181,39,Female,White,US,US,5,10,stylish,905
1182,33,Female,White,CALIFORNIA,CALIFORNIA,4,10,sophisticated,3957
1183,48,Male,White,US,US,5,10,sporty,1002
1184,30,Male,White,AL,AL,7,11,aerodynamic,6808
1185,54,Male,White,US,US,6,11,aerodynamic,6807
1186,Prefer not to answer,Prefer not to answer,Prefer not to answer,NO-ANSWER,NO-ANSWER,9,14,stylish,4775
1187,19,Female,White,US,US,2,13,sophisticated,6786
1188,47,Male,White,AL,AX,2,3,aerodynamic,2108
1189,30,Male,White,US,US,3,10,sleek,6880
1190,35,Male,White,US,US,4,10,luxurious,3468
1191,37,Male,White,US,US,5,10,aggressive,1235
1192,30,Male,White,US,US,5,8,aerodynamic,967
1193,33,Female,White,US,US,5,10,sporty,1196
1194,34,Female,White,US,US,6,10,stylish,1461
1195,34,Male,White,US,US,4,10,luxurious,5951
1196,33,Female,White,US,US,4,10,luxurious,2413
1197,47,Male,White,US,US,7,10,sporty,348
1198,35,Male,Black,US,US,4,10,modern,6201
1199,25,Female,White,US,US,4,10,aerodynamic,622
1200,32,Male,White,US,US,6,10,aggressive,976
1201,41,Male,White,US,US,6,10,stylish,3083
1202,35,Male,White,US,US,5,10,aggressive,6001
1203,34,Male,White,US,US,3,4,sleek,511
1204,29,Male,White,AS,AS,4,6,modern,2889
1205,Prefer not to answer,Prefer not to answer,Prefer not to answer,NO-ANSWER,NO-ANSWER,9,14,dynamic,4891
1206,38,Male,White,US,US,7,10,luxurious,3763
1207,30,Female,Black,US,US,2,11,luxurious,462
1208,54,Female,White,US,US,5,10,aerodynamic,6049
1209,30,Male,White,us,us,5,10,sophisticated,6940
1210,40,Male,White,US,US,7,11,luxurious,450
1211,33,Male,White,AF,AS,1,1,sleek,1699
1212,34,Female,White,CALIFORNIA,CALIFORNIA,4,10,stylish,5205
1213,36,Male,White,US,US,6,11,sporty,3214
1214,55,Male,American Indian or Alaska native,AR,AT,2,10,stylish,7044
1215,21,Female,White,AD,AO,4,5,aerodynamic,2934
1216,33,Male,White,CA,CA,5,6,sleek,6425
1217,55,Male,American Indian or Alaska native,AS,AS,4,10,sporty,235
1218,32,Male,White,USA,USA,4,10,modern,5627
1219,56,Male,White,AM,AS,2,2,luxurious,1747
1220,28,Male,White,US,US,5,11,sophisticated,3809
1221,35,Female,White,AS,AS,5,10,aerodynamic,2282
1222,30,Male,White,usa,USA,5,9,sophisticated,7080
1223,42,Male,White,US,US,6,10,sporty,278
1224,Prefer not to answer,Prefer not to answer,Prefer not to answer,NO-ANSWER,NO-ANSWER,9,14,luxurious,5371
1225,25,Female,White,us,us,5,11,aggressive,3337
1226,32,Male,White,CA,CA,5,10,aerodynamic,6950
1227,34,Male,White,US,US,6,10,aggressive,7151
1228,36,Female,White,US,US,6,11,sophisticated,5729
1229,34,Female,White,CALIFORNIA,CALIFORNIA,4,10,aggressive,5312
1230,32,Male,White,US,US,6,10,aggressive,978
1231,41,Female,White,US,US,5,11,dynamic,1049
1232,34,Male,White,US,US,8,10,sophisticated,3053
1233,46,Male,American Indian or Alaska native,US,US,7,9,aerodynamic,286
1234,54,Female,American Indian or Alaska native,AS,AS,6,12,sleek,454
1235,34,Female,White,US,US,7,10,sleek,272
1236,35,Female,White,CALIFORNIA,CALIFORNIA,4,10,dynamic,5151
1237,45,Female,White,US,US,8,10,aggressive,7216
1238,Prefer not to answer,Prefer not to answer,Prefer not to answer,NO-ANSWER,NO-ANSWER,9,14,aggressive,5349
1239,40,Male,White,US,US,7,11,sleek,1441
1240,25,Female,White,US,US,5,10,sporty,3933
1241,42,Female,White,US,US,4,8,aerodynamic,893
1242,32,Male,White,california,CALIFORNIA,4,10,aggressive,4061
1243,38,Male,White,US,US,8,13,aerodynamic,4059
1244,35,Male,White,US,US,6,10,stylish,4101
1245,34,Female,White,US,US,7,10,aggressive,7308
1246,35,Male,White,US,US,4,10,sophisticated,6312
1247,35,Male,Black,US,US,4,8,dynamic,6564
1248,55,Female,White,US,US,6,10,dynamic,3837
1249,32,Female,White,us,us,5,4,aerodynamic,5628
1250,30,Male,White,US,US,7,9,modern,5052
1251,46,Male,White,US,US,6,10,aggressive,4422
1252,34,Female,White,US,US,6,10,modern,4877
1253,25,Female,White,US,US,4,11,modern,321
1254,32,Female,White,us,us,5,4,luxurious,5847
1255,40,Female,White,US,US,6,10,aerodynamic,4631
1256,34,Female,White,US,US,3,10,sleek,1783
1257,38,Male,White,US,US,6,10,luxurious,3522
1258,25,Male,White,US,US,4,10,dynamic,493
1259,33,Female,White,US,US,4,10,dynamic,2819
1260,31,Male,White,US,US,2,10,stylish,884
1261,25,Female,White,US,US,5,10,aggressive,4121
1262,30,Male,White,US,US,3,11,luxurious,1009
1263,Prefer not to answer,Prefer not to answer,Prefer not to answer,NO-ANSWER,NO-ANSWER,9,14,sophisticated,5511
1264,57,Female,White,US,US,6,11,luxurious,7342
1265,36,Male,White,AL,AL,5,10,aerodynamic,4612
1266,37,Male,White,US,US,7,11,sleek,3945
1267,32,Male,White,usa,usa,8,5,dynamic,7344
1268,25,Female,White,US,US,5,10,modern,3275
1269,30,Male,White,US,US,3,11,sporty,1163
1270,30,Male,White,US,US,7,9,luxurious,5176
1271,40,Male,White,US,US,7,11,luxurious,1876
1272,32,Male,Japanese,US,US,6,11,sporty,143
1273,34,Female,White,US,US,5,10,elegant,244
1274,34,Male,White,US,US,6,10,elegant,7356
1275,68,Female,White,US,US,7,11,sophisticated,646
1276,38,Male,White,US,US,8,13,modern,4288
1277,33,Male,White,CA,CA,5,6,sophisticated,7292
1278,18,Male,White,AO,DZ,3,9,sporty,3090
1279,35,Male,White,US,US,4,10,sophisticated,4193
1280,30,Female,White,CALIFORNIA,CALIFORNIA,4,10,stylish,5536
1281,59,Female,White,US,US,6,11,aggressive,5376
1282,33,Male,White,US,US,6,10,luxurious,1424
1283,30,Female,White,US,US,6,9,stylish,5197
1284,47,Male,White,US,US,4,10,sporty,5444
1285,33,Female,White,US,US,4,10,elegant,1830
1286,31,Female,White,US,US,6,11,sophisticated,471
1287,24,Female,American Indian or Alaska native,IN,IN,3,10,stylish,3547
1288,50,Male,American Indian or Alaska native,AM,AS,3,10,luxurious,275
1289,38,Male,White,US,US,4,11,elegant,4297
1290,40,Female,Black,US,US,3,7,luxurious,765
1291,34,Male,White,US,US,6,10,sporty,7495
1292,35,Female,White,US,US,5,10,sleek,2836
1293,Prefer not to answer,Prefer not to answer,Prefer not to answer,US,US,9,14,aerodynamic,5825
1294,47,Male,White,fl,fl,6,10,sophisticated,724
1295,25,Female,White,US,US,4,11,sophisticated,285
1296,30,Female,White,US,US,6,9,dynamic,5274
1297,34,Male,White,US,US,5,10,dynamic,3791
1298,35,Male,White,US,US,3,9,stylish,1259
1299,35,Female,White,US,US,3,10,elegant,392
1300,35,Female,White,US,US,7,11,luxurious,7606
1301,34,Male,White,US,US,6,10,modern,7780
1302,34,Male,White,US,US,4,10,modern,6647
1303,34,Male,White,US,US,7,10,stylish,875
1304,Prefer not to answer,Prefer not to answer,Prefer not to answer,NO-ANSWER,NO-ANSWER,9,14,elegant,5988
1305,25,Female,White,US,US,5,10,aggressive,4184
1306,30,Female,White,US,US,7,9,aerodynamic,5667
1307,34,Male,White,US,US,6,10,aggressive,7728
1308,34,Female,White,US,US,5,10,dynamic,270
1309,44,Male,Other Pacific Islander,US,US,8,13,aerodynamic,1197
1310,33,Female,White,CALIFORNIA,CALIFORNIA,4,10,aggressive,5079
1311,35,Male,White,US,US,5,10,stylish,6734
1312,51,Male,Asian Indian,US,US,7,10,luxurious,564
1313,41,Female,Black,US,US,6,11,aggressive,703
1314,36,Female,White,US,US,2,11,elegant,521
1315,Prefer not to answer,Prefer not to answer,Prefer not to answer,NO-ANSWER,NO-ANSWER,9,14,sporty,6125
1316,53,Male,American Indian or Alaska native,BH,BM,4,10,sleek,549
1317,35,Male,White,USA,USA,6,11,dynamic,3528
1318,47,Male,White,US,US,4,10,modern,3435
1319,35,Male,White,US,US,4,10,aggressive,3173
1320,34,Male,White,US,US,6,10,dynamic,7866
1321,25,Male,White,FL,FL,5,10,sporty,7080
1322,67,Female,White,US,US,6,11,stylish,7949
1323,37,Male,Black,US,US,3,10,modern,848
1324,30,Male,White,US,US,5,9,dynamic,7944
1325,30,Male,White,us,us,5,10,stylish,7925
1326,30,Male,White,us,us,5,10,luxurious,7997
1327,Prefer not to answer,Prefer not to answer,Prefer not to answer,NO-ANSWER,NO-ANSWER,9,14,elegant,6202
1328,38,Male,White,us,us,4,10,aggressive,2007
1329,36,Male,White,US,US,6,11,sophisticated,4256
1330,32,Male,White,US,US,6,10,stylish,1889
1331,32,Female,White,US,US,5,3,aggressive,8013
1332,28,Female,White,US,US,3,11,elegant,7945
1333,49,Female,White,NO-ANSWER,US,5,11,elegant,1341
1334,32,Male,White,untied states,untied states,5,10,sporty,1102
1335,25,Female,White,US,US,4,11,sporty,259
1336,54,Male,White,US,US,4,10,elegant,3548
1337,34,Male,White,US,US,6,10,dynamic,8116
1338,22,Female,American Indian or Alaska native,AS,AS,6,10,sleek,3032
1339,32,Male,White,CALIFORNIA,CALIFORNIA,4,10,stylish,5746
1340,32,Female,White,US,US,7,11,stylish,8030
1341,32,Female,White,us,us,5,4,sporty,8176
1342,34,Male,White,US,US,6,10,stylish,7958
1343,39,Male,White,US,US,7,11,stylish,1775
1344,32,Male,White,USA,USA,8,9,modern,6045
1345,25,Female,White,ca,ca,5,11,sleek,2664
1346,37,Female,White,United States,United States,2,6,dynamic,752
1347,32,Female,White,us,us,5,3,dynamic,8233
1348,34,Male,White,US,US,7,10,modern,1257
1349,48,Male,White,knoxville,tn,6,11,dynamic,6656
1350,63,Male,White,AS,AS,6,11,dynamic,6812
1351,28,Male,White,US,US,4,11,elegant,303
1352,34,Male,White,US,US,6,10,elegant,8300
1353,34,Female,White,US,US,6,10,elegant,238
1354,34,Female,White,US,US,4,10,modern,398
1355,29,Female,White,US,US,3,10,dynamic,412
1356,33,Male,White,US,US,5,10,modern,6468
1357,41,Male,White,US,US,6,10,dynamic,5123
1358,35,Male,White,US,US,3,10,luxurious,3502
1359,32,Female,White,us,us,5,4,aggressive,8346
1360,65,Male,American Indian or Alaska native,MN,MN,3,4,modern,1248
1361,27,Male,White,US,US,4,11,sophisticated,1581
1362,28,Male,White,US,US,6,10,dynamic,4765
1363,60,Male,White,US,US,6,11,luxurious,6101
1364,53,Female,White,US,IL,3,6,elegant,638
1365,29,Female,White,US,US,4,10,dynamic,8228
1366,31,Male,White,US,US,5,11,dynamic,4600
1367,32,Female,White,us,us,5,9,elegant,8409
1368,32,Male,White,AS,AS,6,10,modern,369
1369,34,Female,White,US,US,2,8,elegant,303
1370,67,Female,White,US,US,6,11,aggressive,1450
1371,28,Female,White,US,US,4,10,aerodynamic,112
1372,30,Male,White,US,US,4,10,sophisticated,7794
1373,32,Male,White,USA,USA,4,10,modern,3043
1374,32,Female,White,USA,USA,8,5,sporty,6712
1375,32,Male,White,USA,USA,4,10,stylish,5982
1376,48,Female,White,AX,AX,5,11,luxurious,2924
1377,32,Female,White,us,us,5,4,dynamic,8537
1378,51,Female,White,US,US,4,10,elegant,85
1379,33,Male,White,IL,IL,6,7,elegant,8323
1380,25,Male,White,US,US,8,11,elegant,1404
1381,25,Female,White,US,US,5,10,dynamic,4898
1382,35,Male,White,US,US,3,9,dynamic,768
1383,30,Female,White,US,US,7,9,elegant,7214
1384,47,Male,White,US,US,3,9,dynamic,431
1385,42,Male,White,FI,AT,2,10,modern,413
1386,32,Female,White,us,us,5,4,modern,8568
1387,48,Female,White,AF,AL,5,11,dynamic,3094
1388,30,Male,White,US,US,5,10,elegant,7690
1389,30,Male,White,US,US,5,10,sophisticated,7656
1390,30,Male,White,US,US,5,10,sophisticated,7654
1391,30,Male,White,US,US,5,10,luxurious,7607
1392,30,Male,White,US,US,5,10,luxurious,7581
1393,34,Male,White,US,US,7,10,stylish,1720
1394,30,Male,White,US,US,5,10,luxurious,7558
1395,41,Male,White,US,US,6,10,modern,5406
1396,32,Female,White,US,US,6,10,luxurious,458
1397,30,Male,White,US,US,5,10,elegant,7534
1398,30,Male,White,US,US,5,10,elegant,7525
1399,35,Male,White,US,US,4,10,sporty,3935
1400,39,Male,White,US,US,4,7,dynamic,530
1401,32,Female,White,OKLAHOMA,OKLAHOMA,5,10,sleek,2818
1402,59,Male,White,US,US,4,10,modern,1279
1403,30,Male,White,usa,usa,4,11,modern,8566
1404,32,Male,White,US,US,5,10,sleek,1778
1405,30,Male,White,usa,usa,4,11,sleek,8849
1406,30,Male,White,usa,usa,5,11,elegant,8087
1407,42,Female,White,US,US,7,11,sporty,1785
1408,71,Female,White,US,US,3,10,sophisticated,889
1409,33,Male,White,US,US,6,10,dynamic,8777
1410,36,Male,White,US,US,6,11,sporty,5155
1411,51,Female,White,US,US,5,11,sophisticated,760
1412,32,Male,White,US,US,6,11,stylish,742
1413,58,Female,White,US,US,5,11,elegant,309
1414,38,Male,White,us,us,4,10,luxurious,2017
1415,45,Male,White,US,US,5,10,aerodynamic,6318
1416,67,Male,White,US,US,4,10,aerodynamic,1505
1417,34,Male,White,US,US,7,10,aggressive,2038
1418,30,Male,White,US,US,5,10,sophisticated,8357
1419,32,Female,White,USA,USA,4,10,aerodynamic,6398
1420,45,Male,White,US,US,7,11,sporty,934
1421,49,Male,Filipino,USA,USA,7,11,modern,652
1422,37,Male,White,US,US,5,12,modern,413
1423,33,Male,White,US,US,7,10,aggressive,9004
1424,34,Male,White,US,US,2,10,sophisticated,393
1425,29,Male,Chinese,US,US,4,10,aerodynamic,420
1426,51,Female,White,US,US,5,10,sleek,6307
1427,39,Female,White,us,us,4,10,sporty,2192
1428,34,Male,White,US,US,5,10,sporty,5232
1429,33,Male,White,US,US,4,10,sporty,500
1430,33,Male,White,CA,CA,6,7,dynamic,8708
1431,30,Male,White,US,US,5,9,sporty,4043
1432,30,Male,White,US,US,5,9,aerodynamic,9126
1433,61,Female,Filipino,US,US,4,7,sporty,515
1434,32,Male,American Indian or Alaska native,AM,AM,5,10,modern,7205
1435,25,Female,White,ca,ca,5,11,sophisticated,9073
1436,50,Female,White,US,US,7,11,sleek,2159
1437,32,Male,White,USA,USA,4,10,aerodynamic,7752
1438,33,Female,White,US,US,4,10,sporty,259
1439,34,Female,White,US,US,5,10,dynamic,477
1440,33,Male,White,US,US,6,10,modern,9221
1441,36,Male,White,IN,IN,5,10,aggressive,6470
1442,25,Male,American Indian or Alaska native,AS,AS,7,11,stylish,1092
1443,26,Male,Chinese,US,US,5,10,sophisticated,291
1444,33,Male,White,US,US,4,10,stylish,313
1445,32,Male,White,US,US,5,10,dynamic,2150
1446,30,Male,White,usa,usa,4,11,luxurious,9296
1447,34,Female,White,US,US,5,11,luxurious,842
1448,57,Female,White,US,US,7,11,aerodynamic,2374
1449,51,Female,White,US,US,4,10,sporty,1789
1450,52,Male,Asian Indian,US,US,5,11,luxurious,407
1451,52,Male,White,US,US,4,10,sleek,4811
1452,25,Male,White,US,US,5,10,stylish,5182
1453,35,Male,White,US,US,5,10,luxurious,8310
1454,45,Male,White,US,US,7,11,luxurious,1057
1455,35,Male,White,us,us,4,10,sophisticated,3021
1456,34,Male,White,US,US,6,10,stylish,8491
1457,53,Female,White,US,US,4,10,elegant,2982
1458,30,Female,White,US,US,6,9,aggressive,7647
1459,32,Female,White,US,US,6,9,sophisticated,3064
1460,33,Male,White,US,US,6,10,elegant,800
1461,35,Male,White,US,US,3,10,sporty,4088
1462,25,Female,White,US,US,5,10,luxurious,5777
1463,65,Female,Other race,US,US,3,7,dynamic,377
1464,43,Male,Other Pacific Islander,US,US,6,8,aerodynamic,2240
1465,48,Female,White,US,US,2,10,modern,684
1466,61,Male,American Indian or Alaska native,FI,FI,6,6,dynamic,280
1467,32,Male,American Indian or Alaska native,AM,AM,6,10,aerodynamic,6750
1468,33,Female,White,US,US,5,10,dynamic,6335
1469,51,Male,White,US,US,6,10,dynamic,5882
1470,45,Male,White,us,us,4,10,sporty,2647
1471,35,Female,White,US,US,4,10,dynamic,784
1472,55,Female,White,US,US,7,12,luxurious,2479
1473,41,Male,White,US,US,4,11,aggressive,547
1474,34,Male,White,US,US,2,10,aggressive,402
1475,33,Male,White,CA,CA,5,7,aggressive,9144
1476,57,Male,Asian Indian,US,US,5,13,dynamic,639
1477,34,Male,White,US,US,5,10,sleek,6189
1478,33,Female,White,US,US,4,10,sporty,617
1479,30,Male,White,USA,USA,4,10,aggressive,7160
1480,33,Female,Black,US,US,4,10,aerodynamic,7585
1481,34,Male,White,US,US,6,10,aerodynamic,543
1482,36,Male,White,US,US,6,11,elegant,5946
1483,35,Male,White,US,us,4,10,sophisticated,2784
1484,31,Female,White,US,US,5,10,aerodynamic,2511
1485,57,Male,White,US,US,5,7,elegant,497
1486,27,Female,White,US,US,6,11,aggressive,8443
1487,52,Female,White,US,US,3,10,dynamic,2218
1488,33,Female,White,US,US,5,10,sleek,6526
1489,40,Male,White,us,us,4,10,stylish,3303
1490,32,Male,White,USA,USA,8,9,aerodynamic,9824
1491,56,Male,White,US,US,5,10,sporty,6390
1492,32,Male,White,USA,USA,4,10,stylish,8577
1493,34,Male,White,US,US,6,10,aggressive,9809
1494,34,Male,White,US,US,2,10,elegant,661
1495,33,Male,White,US,US,6,10,sophisticated,1196
1496,35,Female,White,us,us,3,10,sophisticated,3134
1497,40,Female,White,US,US,7,11,sophisticated,2127
1498,40,Male,White,US,US,6,10,sophisticated,6098
1499,37,Male,Chinese,US,US,4,10,sophisticated,2094
1500,30,Male,White,USA,USA,4,10,sleek,7378
1501,33,Male,White,AX,AS,5,10,modern,10030
1502,33,Female,White,US,US,5,10,luxurious,6755
1503,27,Female,White,US,US,6,10,dynamic,7832
1504,40,Female,White,US,US,6,11,sophisticated,757
1505,32,Female,White,US,US,6,10,sleek,917
1506,32,Female,White,US,US,6,10,dynamic,872
1507,33,Male,White,CA,CA,5,8,aggressive,9597
1508,39,Female,White,US,US,2,10,stylish,1029
1509,33,Male,White,PA,usa,6,11,sleek,1093
1510,34,Male,White,US,US,6,10,luxurious,9967
1511,32,Male,White,US,US,5,10,stylish,9009
1512,28,Female,Asian Indian,IN,IN,2,11,sleek,313
1513,38,Male,White,us,us,4,10,sporty,3347
1514,45,Male,White,US,US,5,10,aerodynamic,2436
1515,26,Female,White,US,US,4,9,sleek,528
1516,60,Female,White,US,US,3,10,luxurious,1238
1517,37,Male,American Indian or Alaska native,TX,TX,3,10,sophisticated,7066
1518,34,Male,White,US,US,6,10,luxurious,10114
1519,41,Female,Other Pacific Islander,US,US,6,11,aggressive,5622
1520,30,Male,White,US,US,5,9,luxurious,10254
1521,25,Female,White,US,US,5,10,aerodynamic,5995
1522,33,Female,White,US,US,4,10,aggressive,1239
1523,30,Male,White,US,US,5,9,stylish,10313
1524,55,Female,Black,US,US,4,7,luxurious,437
1525,37,Male,White,us america,us america,5,10,luxurious,3109
1526,45,Female,White,us,us,4,10,elegant,2929
1527,38,Male,White,US,US,4,11,sporty,9314
1528,34,Male,White,US,US,2,10,modern,1071
1529,37,Male,White,US,US,5,10,elegant,5860
1530,33,Male,White,US,US,7,10,aggressive,9291
1531,34,Female,Black,US,US,2,6,sporty,9631
1532,30,Male,White,US,US,5,11,aggressive,1168
1533,37,Male,American Indian or Alaska native,DE,DE,7,10,stylish,7949
1534,31,Male,White,US,US,5,10,aerodynamic,680
1535,26,Female,White,US,US,1,9,dynamic,230
1536,34,Male,White,US,US,6,10,aggressive,10226
1537,32,Male,White,CALIFORNIA,CALIFORNIA,4,10,sleek,3096
1538,36,Male,White,US,US,4,10,aerodynamic,725
1539,52,Female,White,US,US,8,11,modern,9725
1540,32,Male,White,US,US,5,10,aerodynamic,6251
1541,33,Male,White,US,US,6,10,elegant,1735
1542,35,Female,White,us,us,4,10,modern,3080
1543,37,Male,American Indian or Alaska native,IL,IL,7,10,aerodynamic,8110
1544,33,Male,White,US,US,7,10,sophisticated,9461
1545,62,Male,White,United States,US,4,7,luxurious,712
1546,26,Male,White,US,US,6,10,elegant,8586
1547,35,Female,White,US,US,4,10,dynamic,1421
1548,38,Female,White,United States of America,United States of America ,7,7,sophisticated,390
1549,26,Female,Prefer not to answer,US,Illinois,9,14,sporty,725
1550,38,Male,White,US,US,4,11,stylish,9509
1551,32,Male,White,CALIFORNIA,CALIFORNIA,4,10,modern,170
1552,30,Male,White,AS,AX,4,2,luxurious,10607
1553,36,Female,White,US,US,5,10,sleek,700
1554,30,Male,White,US,US,5,9,stylish,10333
1555,30,Male,White,US,US,5,9,sophisticated,10557
1556,32,Male,White,US,US,6,10,dynamic,991
1557,32,Male,White,US,US,6,10,aggressive,975
1558,33,Male,White,US,US,4,10,sophisticated,1287
1559,33,Male,Other race,US,US,4,10,sleek,264
1560,32,Male,White,US,US,6,10,aerodynamic,941
1561,32,Male,White,US,US,6,10,aggressive,945
1562,39,Female,White,US,US,2,10,luxurious,538
1563,33,Male,White,CA,CA,6,8,luxurious,10143
1564,36,Male,White,US,US,6,11,elegant,7010
1565,28,Male,American Indian or Alaska native,US,US,4,10,luxurious,10703
1566,45,Male,White,US,US,3,10,elegant,9865
1567,55,Male,White,AS,AS,6,11,luxurious,9153
1568,39,Male,White,US,US,5,10,dynamic,6194
1569,40,Male,Black,AS,AS,6,10,elegant,1338
1570,33,Male,White,US,US,7,10,modern,9636
1571,25,Male,White,US,US,4,10,aerodynamic,619
1572,27,Female,White,US,US,5,10,sophisticated,1893
1573,60,Female,White,US,US,4,10,dynamic,2744
1574,36,Male,White,AL,DZ,5,4,aerodynamic,7065
1575,34,Male,White,US,US,6,10,elegant,10521
1576,36,Male,White,US,US,4,7,sleek,218
1577,32,Female,White,US,US,7,11,stylish,2997
1578,42,Male,White,US,US,5,11,stylish,794
1579,64,Female,White,AS,AS,5,10,sleek,747
1580,30,Male,White,us,us,4,9,sophisticated,9584
1581,38,Male,White,US,US,4,11,sleek,9709
1582,32,Male,White,USA,USA,4,10,sleek,9644
1583,30,Male,White,DZ,AL,4,5,elegant,7054
1584,33,Male,White,US,US,4,10,elegant,1862
1585,41,Male,White,US,US,6,11,sophisticated,234
1586,33,Male,White,US,US,6,10,sophisticated,1981
1587,30,Male,White,AL,AD,4,2,sporty,10894
1588,52,Male,White,AS,AS,5,10,luxurious,1499
1589,40,Female,White,US,US,2,8,sophisticated,10141
1590,33,Female,White,US,US,5,10,sleek,7663
1591,33,Female,White,US,US,8,11,luxurious,9965
1592,48,Female,White,US,US,6,11,aggressive,1795
1593,34,Male,White,US,US,6,10,sleek,10923
1594,;32,Male,White,CALIFORNIA,CALIFORNIA,4,10,dynamic,3856
1595,52,Female,White,US,US,4,10,stylish,2761
1596,37,Male,White,US,US,5,10,dynamic,511
1597,35,Male,White,US,US,4,10,dynamic,5679
1598,33,Male,White,US,US,7,10,aggressive,9928
1599,55,Male,White,US,US,5,10,dynamic,1016
1600,26,Male,White,US,US,5,10,dynamic,6422
1601,43,Male,White,US,US,4,14,dynamic,1971
1602,CA,Male,White,CA,CA,5,6,modern,10492
1603,33,Female,White,US,US,4,10,aerodynamic,6286
1604,25,Male,White,US,US,4,10,elegant,789
1605,38,Male,White,US,US,4,11,stylish,9924
1606,25,Male,White,US,US,5,10,sleek,11086
1607,32,Male,White,CALIFORNIA,CALIFORNIA,4,10,elegant,3803
1608,32,Female,White,us,us,4,10,dynamic,3902
1609,55,Female,White,AS,AS,6,11,aggressive,911
1610,57,Female,White,US,US,4,10,stylish,2081
1611,30,Male,White,US,US,5,10,elegant,10745
1612,32,Male,White,USA,USA,4,10,aggressive,9747
1613,34,Male,White,US,US,6,10,sporty,11067
1614,28,Female,White,US,US,8,9,modern,5330
1615,49,Female,Black,AS,AS,5,10,elegant,1676
1616,38,Male,White,US,US,5,10,aggressive,6488
1617,28,Male,American Indian or Alaska native,US,US,3,6,aggressive,1419
1618,34,Male,White,US,US,2,10,luxurious,1230
1619,32,Male,White,CALIFORNIA,CALIFORNIA,4,10,aggressive,113
1620,31,Female,White,US,US,6,10,aerodynamic,640
1621,35,Female,White,AX,DZ,4,10,stylish,1255
1622,35,Male,White,us,us,4,10,aggressive,4013
1623,32,Male,White,US,US,6,10,dynamic,2895
1624,32,Male,White,US,US,6,10,sleek,2827
1625,33,Male,White,US,US,4,10,sporty,2246
1626,34,Male,White,US,US,6,10,stylish,3068
1627,35,Male,White,US,US,6,11,dynamic,904
1628,30,Male,White,AS,AF,3,4,stylish,11263
1629,30,Male,White,AX,DZ,4,2,aerodynamic,11271
1630,33,Male,White,CA,CA,6,6,dynamic,10750
1631,42,Male,White,US,US,5,10,modern,7969
1632,32,Male,White,CALIFORNIA,CALIFORNIA,4,10,sporty,4303
1633,25,Male,White,US,US,5,10,elegant,1023
1634,28,Female,American Indian or Alaska native,US,US,4,10,sleek,10578
1635,29,Male,White,AS,AS,5,10,sleek,1896
1636,30,Female,White,US,US,7,9,sleek,5918
1637,48,Female,White,US,US,6,11,aggressive,2069
1638,50,Female,White,US,US,4,10,dynamic,2400
1639,27,Male,White,US,US,5,10,sleek,8127
1640,35,Female,White,US,US,5,10,luxurious,5972
1641,34,Male,White,US,US,6,10,aggressive,3435
1642,30,Male,White,US,US,4,8,stylish,11114
1643,35,Male,White,US,US,5,10,sleek,10358
1644,30,Male,White,usa,usa,6,6,sporty,10269
1645,46,Female,White,US,US,8,11,luxurious,10414
1646,35,Female,White,us,us,4,10,sporty,3858
1647,47,Female,White,US,US,6,10,sleek,448
1648,32,Male,White,US,US,5,10,sophisticated,8275
1649,32,Male,White,USA,USA,4,10,stylish,10197
1650,36,Male,White,NV,NV,5,10,sporty,8760
1651,34,Male,White,US,US,2,10,elegant,1571
1652,40,Male,White,usa,usa,5,11,stylish,374
1653,30,Male,White,usa,usa,5,6,sporty,11554
1654,33,Female,White,US,US,5,10,modern,8334
1655,40,Female,Black,US,US,3,10,sleek,900
1656,32,Male,White,CALIFORNIA,CALIFORNIA,4,10,elegant,326
1657,40,Female,White,AS,AS,5,10,stylish,2161
1658,33,Male,White,US,US,7,10,aggressive,10622
1659,29,Male,White,MX,US,6,11,modern,639
1660,46,Female,Black,US,US,4,11,elegant,1770
1661,25,Male,White,US,US,4,10,sleek,606
1662,48,Female,White,US,US,6,10,aggressive,2330
1663,30,Male,White,DZ,AL,3,9,sleek,8303
1664,30,Male,White,usa,usa,4,6,modern,11716
1665,52,Male,White,US,US,2,10,aerodynamic,906
1666,30,Male,White,AX,DZ,4,5,sporty,7771
1667,26,Male,White,US,US,7,10,aggressive,9723
1668,29,Female,Other race,IN,FR,9,11,sporty,377
1669,30,Male,White,US,US,4,9,sleek,6304
1670,33,Female,White,US,US,5,10,sleek,8532
1671,30,Male,White,US,US,4,10,modern,11230
1672,36,Female,Black,US,US,4,9,sleek,422
1673,40,Male,White,usa,usa,5,11,aerodynamic,189
1674,43,Male,White,US,US,5,10,dynamic,8726
1675,33,Male,White,US,US,4,10,stylish,7162
1676,33,Male,White,US,US,6,10,luxurious,358
1677,34,Male,White,US,US,2,10,aggressive,1955
1678,31,Male,White,AS,AS,6,10,elegant,2403
1679,35,Male,White,US,US,5,10,dynamic,1910
1680,35,Male,White,us,us,4,10,luxurious,4344
1681,32,Male,White,US,US,6,10,modern,957
1682,32,Male,White,US,US,6,10,aggressive,958
1683,32,Male,White,US,US,4,10,sporty,739
1684,33,Female,White,US,US,5,8,dynamic,11421
1685,32,Male,White,US,US,6,10,modern,539
1686,34,Male,White,US,US,6,10,elegant,711
1687,32,Male,White,US,US,6,10,luxurious,507
1688,27,Female,White,US,US,6,8,sleek,4177
1689,35,Female,White,US,US,5,10,aggressive,6831
1690,35,Female,Black,AS,AS,6,11,sporty,2521
1691,39,Female,White,US,US,2,8,sporty,422
1692,32,Male,White,US,US,6,10,aerodynamic,1224
1693,28,Female,American Indian or Alaska native,US,US,4,10,sleek,12121
1694,33,Male,White,US,US,7,10,sleek,9625
1695,34,Male,White,US,US,6,10,elegant,714
1696,34,Male,White,US,US,4,10,sporty,2125
1697,38,Male,White,US,US,8,10,modern,246
1698,53,Male,Japanese,US,US,7,11,aerodynamic,517
1699,25,Female,White,US,US,6,11,luxurious,12259
1700,33,Male,White,US,US,4,10,stylish,7552
1701,25,Male,White,US,US,4,10,sleek,4895
1702,40,Male,White,AU,AS,5,11,sophisticated,311
1703,32,Male,White,US,US,6,10,elegant,1434
1704,33,Male,White,AS,AS,5,10,sleek,2579
1705,41,Male,White,US,US,5,10,dynamic,9240
1706,33,Male,White,US,US,6,10,sporty,10021
1707,26,Female,White,US,US,4,10,stylish,12381
1708,53,Female,White,US,US,7,10,modern,299
1709,29,Female,White,US,US,6,9,sophisticated,7552
1710,33,Male,White,US,US,6,10,aggressive,11369
1711,40,Female,Black,AL,AS,6,10,aggressive,2757
1712,30,Male,White,usa,usa,4,10,sleek,12458
1713,35,Male,White,US,US,4,10,sophisticated,2358
1714,46,Male,White,US,US,8,10,sophisticated,1235
1715,35,Male,White,US,US,3,10,elegant,7321
1716,30,Male,White,usa,usa,4,10,dynamic,12596
1717,56,Male,White,US,US,5,7,aggressive,360
1718,30,Male,White,us,us,3,9,aerodynamic,12646
1719,25,Female,White,US,US,5,10,elegant,8954
1720,36,Male,White,US,US,5,11,sporty,424
1721,32,Male,White,IN,IN,2,10,sophisticated,1226
1722,30,Male,White,us,us,4,9,modern,12640
1723,39,Female,White,US,US,2,10,aerodynamic,435
1724,67,Male,White,US,US,3,7,luxurious,555
1725,35,Male,White,AS,AS,6,10,modern,3135
1726,36,Male,White,SC,SC,5,10,aerodynamic,9853
1727,29,Male,White,MX,US,6,11,elegant,248
1728,25,Male,White,US,US,5,10,sporty,8459
1729,26,Male,American Indian or Alaska native,AX,AX,2,10,sleek,424
1730,56,Male,White,US,US,6,11,sleek,12806
1731,55,Female,Other race,US,US,4,9,dynamic,658
1732,35,Male,White,US,US,6,11,aerodynamic,511
1733,35,Male,White,US,US,4,10,luxurious,2778
1734,38,Male,White,AS,AS,6,10,sleek,3243
1735,32,Male,White,US,US,5,8,sleek,12052
1736,30,Male,White,usa,usa,4,6,stylish,12060
1737,45,Male,White,US,US,3,10,elegant,278
1738,25,Male,White,US,US,4,10,modern,5558
1739,30,Female,White,US,US,4,10,sporty,12988
1740,30,Male,White,US,US,4,10,sleek,12994
1741,32,Male,White,US,US,4,8,aerodynamic,13047
1742,29,Male,White,US,US,5,10,elegant,13017
1743,47,Male,White,US,US,5,10,luxurious,9922
1744,26,Male,Black,AI,AI,2,11,sleek,204
1745,30,Male,White,usa,usa,4,10,aggressive,12132
1746,33,Male,White,US,US,4,8,sleek,12591
1747,38,Female,White,US,TX,1,10,sleek,876
1748,31,Female,White,US,US,5,6,sleek,11641
1749,29,Female,White,US,US,4,8,stylish,11646
1750,31,Male,White,US,US,4,8,elegant,11592
1751,29,Female,White,US,US,4,8,sophisticated,11593
1752,49,Male,White,US,US,4,10,luxurious,9759
1753,33,Male,White,US,US,5,10,aggressive,11595
1754,25,Female,White,US,US,6,11,modern,12694
1755,30,Male,White,IN,AS,6,10,dynamic,2972
1756,25,Female,White,us,us,5,11,modern,6857
1757,34,Male,White,US,US,5,10,aerodynamic,11627
1758,30,Male,White,usa,usa,3,6,luxurious,12266
1759,30,Female,White,US,US,4,8,stylish,11604
1760,36,Male,White,as,as,5,10,sleek,3415
1761,29,Male,White,US,US,4,8,sleek,11595
1762,32,Male,White,US,US,4,8,stylish,11599
1763,26,Female,Black,AS,AS,2,11,luxurious,124
1764,37,Male,White,US,US,5,10,sophisticated,10200
1765,30,Male,White,US,US,5,10,dynamic,11603
1766,26,Male,White,US,US,4,10,sporty,13155
1767,33,Male,White,US,US,5,10,luxurious,10634
1768,30,Male,White,usa,usa,3,6,sleek,12332
1769,48,Male,White,US,US,8,10,luxurious,1841
1770,42,Female,White,US,US,4,10,sleek,10508
1771,52,Male,White,US,US,5,10,sporty,10262
1772,25,Female,White,US,US,6,11,sophisticated,13298
1773,30,Male,White,usa,usa,3,10,sophisticated,12411
1774,30,Male,White,AS,AS,5,10,aerodynamic,3123
1775,25,Prefer not to answer,White,LY,AS,4,10,aerodynamic,11782
1776,48,Female,White,US,US,6,11,dynamic,3864
1777,19,Female,White,US,DELAWARE,4,10,aerodynamic,492
1778,25,Female,White,US,US,6,11,luxurious,13026
1779,25,Female,White,ca,ca,5,11,sporty,6959
1780,39,Female,Black,US,US,6,11,sophisticated,1565
1781,30,Male,White,US,US,4,8,aerodynamic,13446
1782,30,Male,White,usa,usa,3,10,luxurious,12483
1783,31,Male,White,USA,USA,4,10,dynamic,13292
1784,61,Male,White,US,US,3,8,aerodynamic,323
1785,29,Male,White,US,US,4,8,sophisticated,12842
1786,25,Female,White,US,US,5,10,elegant,9118
1787,25,Male,White,US,US,5,10,sophisticated,10473
1788,30,Male,White,US,US,5,9,dynamic,2190
1789,36,Male,White,US,US,5,11,modern,342
1790,30,Male,White,US,US,5,9,sophisticated,1771
1791,54,Male,White,US,US,7,11,aerodynamic,264
1792,36,Male,White,US,US,4,10,sophisticated,10774
1793,30,Male,White,us,us,4,6,aerodynamic,13636
1794,30,Male,White,AS,AS,5,10,sophisticated,3380
1795,25,Female,White,US,US,6,11,luxurious,13275
1796,49,Male,Chinese,US,US,8,11,dynamic,310
1797,48,Female,White,US,US,6,11,sleek,4058
1798,25,Female,White,US,US,6,11,luxurious,13696
1799,30,Male,White,us,us,6,10,stylish,12522
1800,36,Male,White,NY,NY,5,10,aggressive,10765
1801,25,Female,White,US,US,5,10,aggressive,4539
1802,35,Male,White,us,us,5,10,dynamic,12522
1803,61,Male,White,US,US,3,6,sophisticated,504
1804,32,Male,White,US,US,4,9,dynamic,13734
1805,39,Male,White,AS,AS,6,11,stylish,3956
1806,32,Male,White,US,US,4,9,sporty,13776
1807,33,Male,White,US,US,6,11,elegant,3011
1808,32,Male,White,IN,IN,2,10,elegant,2030
1809,25,Female,White,US,US,6,11,dynamic,13387
1810,47,Male,White,US,US,4,10,aggressive,10405
1811,30,Male,White,US,US,5,9,sophisticated,2246
1812,30,Male,White,US,US,5,9,dynamic,1799
1813,32,Male,White,US,US,4,9,stylish,13808
1814,30,Male,White,usa,usa,4,11,aggressive,10457
1815,30,Male,White,usa,usa,4,11,aggressive,10383
1816,30,Male,White,usa,usa,4,10,sophisticated,12801
1817,30,Male,White,AS,AS,5,10,sporty,3570
1818,28,Female,White,US,US,4,10,modern,761
1819,35,Male,White,US,US,5,10,stylish,12878
1820,25,Female,White,US,US,6,11,sporty,13908
1821,36,Female,White,FL,FL,6,10,modern,665
1822,30,Male,White,US,US,4,9,dynamic,1812
1823,38,Female,White,US,US,4,10,sleek,11147
1824,30,Male,White,US,US,4,9,dynamic,2000
1825,25,Female,White,US,US,5,10,sleek,9575
1826,30,Male,White,usa,usa,2,6,sleek,13998
1827,30,Male,White,AS,AS,5,10,sophisticated,3687
1828,27,Female,White,US,US,3,10,sophisticated,13350
1829,32,Male,White,IN,IN,2,10,stylish,2346
1830,30,Male,White,us,us,5,6,modern,14066
1831,30,Male,White,AS,AS,5,10,sophisticated,3822
1832,30,Male,White,us,us,4,7,elegant,11969
1833,27,Male,Prefer not to answer,US,US,6,10,luxurious,2665
1834,33,Female,White,US,US,7,10,modern,1031
1835,32,Female,White,USA,USA,8,9,luxurious,13720
1836,34,Male,White,US,US,6,11,sleek,4592
1837,38,Male,White,US,US,8,10,modern,2869
1838,35,Male,White,US,US,5,10,sleek,13247
1839,42,Male,White,US,US,4,10,dynamic,7708
1840,24,Female,White,US,US,3,10,sophisticated,14423
1841,30,Male,White,us,us,4,10,elegant,11940
1842,25,Female,White,US,US,5,10,sleek,11481
1843,25,Male,White,US,US,5,10,dynamic,9798
1844,32,Male,White,USA,USA,8,2,stylish,13514
1845,30,Male,White,30,us,4,10,dynamic,12112
1846,28,Male,American Indian or Alaska native,US,US,4,10,modern,14459
1847,29,Male,White,US,US,6,11,aerodynamic,14543
1848,52,Female,White,US,US,3,6,dynamic,699
1849,49,Male,Black,US,US,4,11,sleek,785
1850,25,Female,White,US,US,5,10,sleek,11309
1851,56,Female,White,US,US,4,10,sleek,11846
1852,32,Male,White,IN,IN,2,10,sophisticated,2845
1853,49,Male,White,US,US,8,10,sporty,3202
1854,30,Male,White,usa,usa,3,5,stylish,12182
1855,32,Male,White,US,US,7,11,sleek,4659
1856,25,Female,White,US,US,6,11,sophisticated,14123
1857,25,Female,White,US,US,5,10,sporty,11342
1858,30,Male,White,US,US,4,4,dynamic,14696
1859,35,Male,White,US,US,5,10,elegant,13681
1860,30,Male,White,US,US,4,6,sleek,14776
1861,30,Male,White,usa,usa,3,8,elegant,13182
1862,39,Female,White,US,US,4,10,sporty,11315
1863,36,Female,White,US,US,7,10,aerodynamic,1512
1864,25,Female,White,us,us,7,10,aerodynamic,391
1865,25,Female,White,US,US,5,10,aggressive,11296
1866,30,Male,White,AS,AS,5,10,sleek,4351
1867,25,Female,White,USA,USA,6,10,modern,11786
1868,36,Male,White,US,US,7,13,luxurious,4902
1869,51,Female,White,US,US,2,10,elegant,688
1870,54,Female,White,US,US,4,10,modern,12199
1871,30,Male,White,usa,usa,4,10,elegant,13145
1872,25,Female,White,US,US,6,11,luxurious,14361
1873,28,Female,American Indian or Alaska native,US,US,4,10,modern,14834
1874,41,Male,White,US,US,5,10,elegant,469
1875,25,Female,White,US,US,5,10,modern,5413
1876,25,Female,White,US,US,5,10,sporty,11272
1877,25,Female,White,US,US,5,10,dynamic,2907
1878,30,Male,White,DZ,AO,4,5,elegant,13298
1879,30,Male,White,AX,AL,4,3,luxurious,13301
1880,30,Male,White,DZ,AD,4,2,sleek,13343
1881,30,Male,White,AL,AL,4,5,sophisticated,13393
1882,32,Male,White,IN,IN,2,10,dynamic,3396
1883,30,Male,White,us,us,4,9,sporty,14293
1884,30,Male,White,us,us,3,9,luxurious,14286
1885,45,Female,White,US,US,4,10,modern,12427
1886,38,Male,White,us,us,5,10,aerodynamic,14105
1887,36,Male,White,NY,NY,5,10,elegant,12121
1888,29,Male,Black,AS,AS,4,10,aerodynamic,950
1889,24,Female,White,US,US,3,10,modern,14514
1890,30,Male,White,US,US,4,4,dynamic,14117
1891,30,Male,White,US,US,4,4,elegant,14097
1892,50,Male,White,US,US,4,10,luxurious,11801
1893,30,Male,White,US,US,4,4,elegant,14066
1894,30,Male,White,US,US,4,4,stylish,14083
1895,30,Male,White,US,US,4,4,dynamic,14075
1896,30,Male,White,us,us,3,9,dynamic,14401
1897,30,Male,White,US,US,4,4,stylish,14064
1898,30,Male,White,us,us,4,9,aerodynamic,14402
1899,43,Female,White,US,US,3,14,luxurious,5441
1900,30,Male,White,us,us,4,9,sophisticated,14394
1901,30,Male,White,us,us,4,9,sporty,14367
1902,30,Male,White,us,us,4,9,elegant,14330
1903,30,Male,White,us,us,5,9,elegant,14324
1904,40,Female,White,US,US,5,9,aerodynamic,224
1905,41,Male,White,US,US,5,10,sporty,12424
1906,49,Female,White,US,US,4,10,sporty,8668
1907,31,Male,White,US,AL,6,11,elegant,15393
1908,31,Male,White,US,AL,8,13,stylish,13651
1909,23,Female,White,US,US,3,9,aerodynamic,1118
1910,25,Female,White,US,US,5,10,stylish,5357
1911,55,Male,White,US,US,5,10,aerodynamic,12625
1912,32,Male,White,US,US,4,6,stylish,974
1913,56,Male,White,US,US,4,10,sleek,12126
1914,56,Male,White,US,US,6,11,sophisticated,15669
1915,66,Male,White,US,US,2,10,elegant,406
1916,29,Male,Black,AS,AS,4,10,stylish,996
1917,32,Male,White,IN,IN,2,10,sophisticated,4086
1918,55,Male,White,US,US,5,10,aggressive,12774
1919,64,Male,White,TN,TN,3,10,sporty,716
1920,34,Male,White,US,US,7,11,sleek,1135
1921,70,Male,Asian Indian,fl,fl,3,6,sporty,8618
1922,31,Male,White,US,US,3,10,luxurious,15187
1923,33,Female,White,usa,usa,6,10,aggressive,803
1924,25,Female,White,US,US,5,10,aggressive,3982
1925,39,Male,White,US,US,5,10,sleek,13168
1926,30,Female,White,tx,tx,4,11,modern,4808
1927,48,Male,White,FL,FL,7,11,luxurious,454
1928,43,Female,White,US,US,4,11,modern,12499
1929,36,Male,White,NY,NY,5,10,sporty,12990
1930,29,Male,Black,AS,AS,4,10,dynamic,1730
1931,36,Male,White,AL,AL,6,11,sophisticated,16142
1932,36,Female,White,FL,FL,6,10,sophisticated,591
1933,61,Female,Black,US,US,4,6,elegant,1435
1934,28,Male,White,US,US,5,10,modern,11497
1935,46,Male,White,US,US,3,7,luxurious,838
1936,27,Female,White,US,US,4,10,aerodynamic,786
1937,32,Female,Other race,United States of America ,United States of America ,2,7,modern,360
1938,54,Male,Black,FI,FI,4,3,aggressive,10138
1939,29,Male,White,US,US,5,10,elegant,11658
1940,35,Male,White,US,US,7,11,elegant,6417
1941,37,Male,White,US,US,4,9,aggressive,220
1942,26,Female,White,US,US,5,10,modern,4460
1943,36,Male,White,US,US,7,11,sporty,6499
1944,29,Male,Black,AS,AS,4,10,sleek,1930
1945,25,Male,Black,USA,USA,5,10,aerodynamic,15774
1946,54,Male,Filipino,FI,FI,5,9,stylish,10775
1947,58,Male,Asian Indian,FI,FI,7,10,dynamic,10439
1948,30,Female,White,US,US,6,10,aggressive,3420
1949,25,Male,Black,USA,USA,4,10,sleek,16570
1950,31,Male,American Indian or Alaska native,AS,AS,5,10,dynamic,912
1951,34,Male,White,US,US,7,13,modern,6004
1952,33,Male,White,US,US,7,10,aerodynamic,6075
1953,34,Male,White,US,US,5,10,sophisticated,469
1954,25,Female,White,US,US,5,10,sophisticated,5045
1955,33,Male,White,US,US,6,10,sleek,3642
1956,27,Male,White,TX,FL,7,11,sleek,808
1957,29,Male,Black,AS,AS,4,10,aggressive,2443
1958,52,Male,American Indian or Alaska native,ME,ME,6,9,sleek,10950
1959,29,Male,White,US,US,4,10,luxurious,17010
1960,36,Male,White,US,US,7,13,modern,6253
1961,56,Female,White,tx,tx,4,11,dynamic,505
1962,25,Female,White,US,US,6,11,elegant,465
1963,34,Female,White,US,US,7,13,sophisticated,3275
1964,34,Female,White,US,US,6,10,sleek,3883
1965,36,Male,White,US,US,7,10,dynamic,7200
1966,22,Male,White,AS,AS,6,10,dynamic,482
1967,32,Female,White,US,US,7,10,sporty,4070
1968,35,Male,White,US,US,5,10,sleek,16241
1969,25,Female,White,US,US,6,11,aerodynamic,605
1970,26,Female,White,US,US,5,10,luxurious,5275
1971,26,Female,White,us,usa,5,10,luxurious,717
1972,45,Male,White,CT,FL,7,11,elegant,376
1973,37,Male,White,US,US,6,13,dynamic,7345
1974,29,Female,White,US,US,4,10,elegant,17437
1975,49,Male,White,US,US,4,10,aerodynamic,14991
1976,30,Female,White,US,US,6,10,aggressive,4233
1977,36,Male,White,US,US,7,13,aerodynamic,7498
1978,34,Male,White,US,US,6,13,elegant,7506
1979,45,Male,White,US,US,6,11,aerodynamic,17638
1980,31,Male,American Indian or Alaska native,AS,AS,5,11,stylish,1461
1981,39,Female,White,US,US,4,7,sporty,1294
1982,35,Male,White,US,US,6,10,aggressive,4383
1983,30,Male,White,US,US,2,10,aerodynamic,781
1984,37,Female,White,US,US,5,10,modern,2414
1985,31,Male,White,US,US,7,11,modern,7076
1986,25,Female,White,US,US,5,10,aggressive,5549
1987,32,Female,White,US,US,6,10,luxurious,4536
1988,34,Male,White,US,US,6,11,sophisticated,7174
1989,35,Male,White,US,US,7,10,sophisticated,7223
1990,31,Male,American Indian or Alaska native,AS,AS,5,10,aggressive,1571
1991,32,Female,White,US,US,6,10,luxurious,4694
1992,38,Male,White,US,US,7,13,aggressive,7313
1993,35,Male,White,US,US,5,10,aggressive,13357
1994,40,Male,White,TX,FL,7,11,sleek,511
1995,22,Female,White,AS,AS,5,10,modern,397
1996,39,Female,Black,AS,AS,5,12,modern,320
1997,38,Male,White,US,US,7,11,sleek,7385
1998,45,Male,White,United States of America,United States of America,4,10,sophisticated,12549
1999,38,Male,White,NY,NY,6,11,aggressive,12080
2000,29,Female,White,US,US,5,10,sporty,13656
2001,25,Female,White,US,us,5,10,elegant,15381
2002,42,Male,Black,US,US,5,10,stylish,769
2003,40,Male,Black,FI,FI,2,10,modern,359
2004,30,Male,White,US,US,2,10,dynamic,708
2005,25,Female,White,us,usa,6,10,luxurious,1022
2006,25,Female,White,US,US,6,11,sporty,1012
2007,34,Male,American Indian or Alaska native,US,US,6,10,modern,224
2008,35,Male,White,TX,FL,7,11,sophisticated,600
2009,37,Male,White,US,US,6,11,sophisticated,1045
2010,35,Male,American Indian or Alaska native,US,US,6,10,modern,95
2011,42,Male,White,US,US,2,5,stylish,412
2012,25,Female,White,US,US,6,11,dynamic,1274
2013,35,Male,American Indian or Alaska native,US,US,6,10,elegant,98
2014,27,Male,White,US,US,6,10,stylish,14733
2015,27,Male,White,US,US,6,10,aerodynamic,14721
2016,34,Male,American Indian or Alaska native,US,US,7,10,aggressive,203
2017,25,Male,Black,USA,USA,4,10,aerodynamic,19153
2018,56,Male,White,US,US,3,10,dynamic,344
2019,42,Male,White,AS,AS,5,10,aggressive,2088
2020,25,Female,White,United States of America ,United States of America ,8,11,sporty,1082
2021,37,Male,White,US,US,6,11,modern,422
2022,33,Male,American Indian or Alaska native,US,US,7,11,aerodynamic,187
2023,52,Male,White,US,US,6,11,sporty,13251
2024,45,Male,White,us,us,5,10,stylish,18157
2025,45,Female,White,US,US,8,11,sporty,526
2026,33,Male,American Indian or Alaska native,US ,US,6,10,modern,129
2027,36,Male,White,US,US,4,11,modern,452
2028,46,Female,White,US,US,7,8,dynamic,370
2029,35,Male,American Indian or Alaska native,US,US,6,10,luxurious,120
2030,37,Male,White,US,US,6,11,elegant,570
2031,40,Male,American Indian or Alaska native,US,US,2,10,elegant,533
2032,33,Male,American Indian or Alaska native,US,US,6,10,aerodynamic,203
2033,33,Female,White,US,US,6,10,sleek,15121
2034,32,Male,White,US,US,4,10,dynamic,15180
2035,34,Male,American Indian or Alaska native,US,US,6,11,elegant,191
2036,53,Male,White,US,US,4,10,aggressive,15075
2037,50,Male,White,US,US,4,10,modern,669
2038,29,Female,White,US,US,4,10,dynamic,19982
2039,38,Male,White,US,US,3,11,aggressive,19157
2040,24,Male,White,US,US,4,10,sleek,15293
2041,34,Male,American Indian or Alaska native,US ,US,6,10,modern,173
2042,24,Male,White,US,US,5,10,sophisticated,2630
2043,29,Female,Black,US,US,4,10,dynamic,1235
2044,31,Female,White,US,US,5,10,dynamic,15831
2045,41,Female,White,USA,Usa,6,10,stylish,293
2046,43,Male,White,US,US,4,10,dynamic,331
2047,32,Male,American Indian or Alaska native,US,US,6,11,aerodynamic,151
2048,42,Male,White,US,US,7,11,elegant,20367
2049,47,Male,White,US,US,4,10,stylish,382
2050,34,Male,Black,US ,US,6,10,luxurious,112
2051,29,Female,White,US,US,4,10,stylish,1541
2052,64,Female,White,US,US,4,5,luxurious,827
2053,46,Male,White,US,US,4,10,elegant,15644
2054,35,Male,White,US,US,6,11,elegant,708
2055,34,Female,White,CALIFORNIA,CALIFORNIA,4,10,sleek,398
2056,44,Male,White,US,US,4,10,sporty,708
2057,48,Male,White,US,US,4,10,sporty,15857
2058,37,Male,White,US,US,6,11,luxurious,240
2059,29,Female,White,US,US,4,10,sporty,1871
2060,44,Female,Other race,US,US,4,11,sleek,680
2061,44,Male,White,US,US,4,10,aerodynamic,16006
2062,24,Male,White,US,US,6,10,dynamic,2373
2063,35,Male,White,US,US,6,11,dynamic,276
2064,32,Male,White,US,US,4,11,stylish,1134
2065,51,Male,White,US,US,4,10,sporty,16168
2066,35,Female,White,US,US,5,10,stylish,16614
2067,29,Female,White,US,US,4,10,stylish,2480
2068,50,Male,White,US,US,4,10,stylish,16268
2069,48,Male,White,US,US,4,10,aggressive,1140
2070,37,Male,White,US,US,6,11,aggressive,430
2071,29,Female,White,US,US,5,10,sporty,21279
2072,56,Male,White,US,US,4,10,modern,18736
2073,33,Male,White,US,US,4,10,aerodynamic,16418
2074,52,Female,White,US,US,4,10,sporty,340
2075,35,Male,White,US,US,6,11,modern,350
2076,32,Male,White,US,US,4,11,sporty,372
2077,24,Male,White,US,US,6,10,dynamic,3863
2078,43,Male,White,US,US,4,10,elegant,759
2079,43,Male,White,US,US,4,10,sporty,18881
2080,38,Female,White,us,us,5,10,sophisticated,17021
2081,37,Male,White,US,US,6,11,luxurious,223
2082,35,Female,White,US,US,4,11,modern,529
2083,28,Female,Asian Indian,New york,MG,3,11,aerodynamic,511
2084,29,Male,White,US,US,4,10,dynamic,1055
2085,39,Male,White,US,US,5,10,aerodynamic,303
2086,48,Male,White,US,US,4,10,dynamic,19365
2087,45,Male,White,US,US,2,10,elegant,334
2088,23,Female,White,US,US,4,11,sporty,1026
2089,25,Male,White,US,US,6,10,dynamic,1872
2090,29,Female,White,US,US,4,10,aggressive,625
2091,30,Male,Black,US,NO-ANSWER,7,8,aggressive,1999
2092,63,Male,White,AS,AS,5,11,aerodynamic,20908
2093,38,Male,White,US,US,4,11,sleek,21539
2094,32,Male,White,US,CA,5,11,aerodynamic,6006
2095,32,Male,White,US,US,4,10,sleek,17255
2096,40,Male,White,US,US,5,10,aggressive,396
2097,47,Male,White,US,US,4,10,aggressive,19419
2098,35,Male,White,US,US,5,11,elegant,21725
2099,29,Female,White,US,US,4,10,sophisticated,1729
2100,40,Male,Black,IL,IL,2,10,sporty,2858
2101,25,Female,White,US,US,6,10,dynamic,2122
2102,31,Male,White,US,AL,6,11,luxurious,21338
2103,60,Male,White,USA,USA,6,12,modern,368
2104,30,Male,White,us,ca,4,11,modern,6219
2105,54,Male,White,US,CALIFORNIA ,4,11,modern,6374
2106,30,Male,White,US,US,5,10,elegant,22595
2107,44,Male,White,US,US,4,10,elegant,16875
2108,47,Female,White,US,US,4,10,luxurious,19722
2109,60,Male,White,us,ok,4,11,sporty,6335
2110,28,Female,White,US,US,4,11,sleek,1089
2111,38,Male,White,US,US,4,11,elegant,21974
2112,29,Male,White,US,US,4,10,dynamic,1950
2113,32,Female,White,usa,usa,5,10,elegant,2630
2114,35,Male,White,AU,USA,3,10,luxurious,22788
2115,45,Male,White,US,US,4,10,sophisticated,17000
2116,62,Male,White,us,ca,4,11,elegant,6438
2117,44,Female,White,US,US,2,10,sophisticated,2178
2118,25,Female,White,US,US,6,10,luxurious,2397
2119,32,Male,White,usa,usa,5,10,stylish,2717
2120,62,Male,White,us,ca,4,11,sleek,6421
2121,29,Male,White,US,US,4,10,dynamic,2473
2122,35,Male,White,US,US,3,10,elegant,346
2123,54,Male,White,us,TENNESSEE ,5,11,modern,6692
2124,27,Male,White,US,US,6,11,stylish,6644
2125,35,Male,White,US,US,5,10,stylish,22124
2126,32,Male,White,usa,usa,5,10,aggressive,2697
2127,63,Male,White,US,US,7,11,dynamic,575
2128,39,Female,White,US,US,4,10,stylish,8745
2129,63,Male,White,us,va,4,11,sleek,6594
2130,29,Male,White,US,US,4,10,aggressive,2470
2131,42,Female,White,US,us,1,10,stylish,241
2132,62,Male,White,us,TENNESSEE ,5,11,aerodynamic,6762
2133,38,Female,White,US,US,6,11,aerodynamic,743
2134,58,Female,White,US,US,5,10,modern,305
2135,32,Female,White,usa,usa,5,10,stylish,2964
2136,32,Male,White,US,US,4,11,dynamic,1665
2137,53,Male,White,us,tx,4,11,luxurious,6697
2138,29,Female,White,US,US,4,10,elegant,3000
2139,52,Female,White,IA,IA,7,10,luxurious,522
2140,41,Female,White,US,US,4,10,stylish,8985
2141,46,Male,White,US,US,4,10,aerodynamic,17546
2142,33,Male,White,usa,usa,5,10,dynamic,2896
2143,30,Male,White,us,NEW YORK ,5,11,aggressive,6932
2144,38,Female,White,US,US,6,10,dynamic,1001
2145,38,Male,White,US,US,4,11,sleek,22440
2146,52,Male,White,us,va,4,11,aerodynamic,6817
2147,32,Female,White,usa,usa,5,10,dynamic,3118
2148,61,Female,White,US,US,4,6,aggressive,605
2149,33,Male,White,KS,US,5,10,sophisticated,1373
2150,47,Male,White,US,US,4,10,dynamic,17608
2151,37,Male,Vietnamese,US,US,4,10,dynamic,406
2152,30,Male,White,AX,AS,6,6,modern,22797
2153,54,Female,White,US,US,4,11,dynamic,616
2154,30,Male,White,AL,AD,6,6,modern,23532
2155,32,Male,White,US,US,4,11,dynamic,2056
2156,34,Male,White,us,dc,4,11,sophisticated,6850
2157,38,Female,White,US,US,5,11,sporty,1056
2158,48,Male,White,US,US,4,10,dynamic,17729
2159,25,Female,White,US,US,6,10,aerodynamic,3008
2160,21,Male,White,us,TEXAS ,5,11,elegant,7136
2161,34,Female,White,CALIFORNIA,CALIFORNIA,4,10,aggressive,2951
2162,29,Male,White,US,US,4,10,elegant,1082
2163,33,Female,White,usa,usa,5,10,modern,3001
2164,49,Male,White,US,US,4,10,dynamic,17783
2165,54,Male,White,us,md,4,11,sleek,6991
2166,30,Female,White,US,US,5,11,dynamic,3814
2167,38,Female,White,US,US,6,11,sporty,1088
2168,32,Male,White,usa,usa,5,10,aerodynamic,3155
2169,32,Male,White,us,B0B187SJMX ,5,11,sophisticated,7151
2170,61,Male,White,us,va,4,11,dynamic,7055
2171,30.,Male,White,US,US,5,10,dynamic,3832
2172,38,Female,White,US,US,6,10,aerodynamic,1160
2173,32,Female,White,usa,usa,5,10,sporty,2407
2174,35,Male,White,US,US,5,11,luxurious,22193
2175,29,Female,White,US,US,4,10,aerodynamic,400
2176,40,Female,White,US,US,4,10,elegant,23972
2177,39,Male,White,US,US,8,10,dynamic,488
2178,73,Male,White,US,US,8,12,stylish,405
2179,30,Male,White,US,US,4,11,modern,3794
2180,29,Male,White,US,US,4,10,modern,3716
2181,50,Male,White,US,US,4,10,dynamic,18116
2182,45,Female,White,US,US,3,9,aerodynamic,20628
2183,33,Male,White,usa,usa,5,10,dynamic,3334
2184,32,Male,White,US,US,4,11,sleek,2454
2185,52,Male,Japanese,US,US,8,8,elegant,645
2186,64,Male,White,US,US,6,11,modern,979
2187,38,Male,White,US,US,4,11,modern,23193
2188,42,Male,White,us,MARYLAND ,5,11,sophisticated,7463
2189,55,Male,White,US,US,6,11,aerodynamic,14528
2190,30,Male,White,US,US,5,11,sleek,3891
2191,48,Male,White,US,US,6,10,luxurious,326
2192,32,Female,White,usa,usa,5,10,modern,3368
2193,36,Female,White,US,US,6,10,sleek,9734
2194,32,Female,White,US,US,5,10,sleek,244
2195,62,Female,White,LA,LA,8,10,sporty,1385
2196,33,Male,White,TN,US,3,10,elegant,2010
2197,32,Male,White,US,US,4,11,elegant,2686
2198,25,Male,White,US,US,6,10,sporty,3680
2199,51,Male,White,US,US,4,10,sporty,18215
2200,34,Female,White,CALIFORNIA,CALIFORNIA,4,10,dynamic,472
2201,32,Male,White,usa,usa,4,11,modern,2505
2202,32,Male,White,USA,USA,5,10,modern,3374
2203,52,Male,White,US,US,4,10,sophisticated,18344
2204,39,Female,White,US,US,2,8,sporty,493
2205,29,Male,White,US,US,4,10,dynamic,3882
2206,30,Male,White,US,US,5,10,modern,3942
2207,53,Male,White,US,US,4,10,luxurious,18423
2208,32,Male,White,usa,usa,4,11,aggressive,2729
2209,69,Male,White,US,US,4,8,luxurious,443
2210,33,Male,White,US,LOUSIANA ,5,11,luxurious,7326
2211,34,Female,White,CALIFORNIA,CALIFORNIA,4,10,aerodynamic,207
2212,41,Male,White,US,US,7,11,aerodynamic,24490
2213,32,Female,White,usa,usa,4,11,aerodynamic,2634
2214,30,Female,White,US,US,5,10,aerodynamic,3659
2215,32,Male,White,US,US,4,11,stylish,3370
2216,29,Male,White,US,US,4,10,sophisticated,3996
2217,32,Male,White,usa,usa,4,11,aggressive,2530
2218,30,Male,White,US,US,5,11,modern,2501
2219,30,Male,White,USA,USA,4,10,aerodynamic,11989
2220,35,Female,White,TN,TN,6,10,sporty,958
2221,31,Female,White,US,US,4,10,elegant,23163
2222,30,Male,White,US,US,5,11,aerodynamic,2362
2223,35,Male,White,US,US,5,10,modern,22871
2224,46,Male,White,us,LOUSIANA ,5,11,elegant,4059
2225,35,Male,White,AU,USA,4,10,stylish,24590
2226,35,Male,White,USA,USA,4,10,modern,12185
2227,32,Male,White,US,US,4,11,stylish,3159
2228,30,Female,White,US,US,6,10,stylish,3480
2229,24,Female,White,US,US,6,10,dynamic,418
2230,34,Female,White,CALIFORNIA,CALIFORNIA,4,10,sleek,306
2231,36,Female,White,AL,AL,6,10,stylish,1043
2232,35,Male,White,USA,USA,4,10,elegant,12372
2233,57,Female,Black,US,US,5,13,elegant,490
2234,25,Female,White,US,US,5,10,sophisticated,15350
2235,32,Male,White,US,US,4,11,elegant,3632
2236,47,Female,White,MS,MS,7,10,aggressive,1417
2237,35,Male,White,USA,USA,4,10,elegant,12845
2238,47,Male,White,US,US,4,10,elegant,23550
2239,54,Female,White,United States ,United States ,6,10,modern,868
2240,35,Male,White,USA,USA,5,10,luxurious,12684
2241,43,Female,White,US,US,6,10,modern,10585
2242,34,Female,White,CALIFORNIA,CALIFORNIA,4,10,sporty,136
2243,38,Male,White,US,US,3,11,dynamic,21401
2244,48,Female,White,AL,AL,8,10,dynamic,1611
2245,25,Female,White,US,US,6,10,stylish,3834
2246,35,Male,White,USA,USA,5,10,elegant,12894
2247,35,Male,White,AU,USA,4,10,modern,24974
2248,32,Female,White,usa,usa,4,11,elegant,3374
2249,29,Male,White,US,US,4,10,modern,4479
2250,32,Female,White,CALIFORNIA,CALIFORNIA,4,10,sleek,130
2251,45,Female,White,nc,nc,5,11,aggressive,235
2252,60,Female,White,US,US,2,9,stylish,506
2253,29,Male,White,USA,USA,5,10,elegant,13142
2254,56,Male,White,US,US,4,10,modern,23891
2255,54,Male,White,US,US,6,11,stylish,2629
2256,32,Male,White,usa,usa,5,10,modern,4073
2257,34,Female,White,CALIFORNIA,CALIFORNIA,4,10,sophisticated,120
2258,55,Male,White,US,US,4,10,aggressive,4557
2259,25,Male,Black,US,US,5,10,sporty,883
2260,32,Female,White,usa,usa,4,11,sophisticated,3530
2261,50,Female,White,AX,AX,7,11,modern,2009
2262,35,Male,White,USA,USA,6,10,dynamic,13474
2263,48,Female,White,USA,USA,2,7,luxurious,1513
2264,34,Male,White,US,US,2,6,dynamic,792
2265,33,Male,White,usa,usa,5,10,elegant,4158
2266,38,Female,White,US,US,6,10,sleek,4165
2267,32,Female,White,usa,usa,4,11,sporty,2864
2268,38,Male,Prefer not to answer,US,US,3,11,sleek,21799
2269,40,Female,White,US,US,4,11,elegant,942
2270,56,Male,White,US,US,6,11,sophisticated,4193
2271,32,Female,White,usa,usa,5,10,aerodynamic,4442
2272,35,Male,White,AU,USA,4,10,elegant,25544
2273,32,Male,White,usa,usa,4,11,aerodynamic,3464
2274,34,Female,White,CALIFORNIA,CALIFORNIA,4,10,elegant,149
2275,48,Male,White,US,US,4,10,dynamic,4895
2276,32,Male,White,usa,usa,5,10,sleek,4614
2277,43,Male,White,US,US,6,10,sophisticated,4256
2278,36,Male,White,USA,USA,6,10,sporty,13568
2279,34,Female,White,CALIFORNIA,CALIFORNIA,4,10,aggressive,253
2280,34,Female,White,CALIFORNIA,CALIFORNIA,4,10,stylish,204
2281,30,Male,White,US,US,5,11,modern,4527
2282,53,Female,White,US,US,2,10,modern,616
2283,40,Female,White,US,US,5,10,stylish,1809
2284,30,Female,White,US,US,5,11,aggressive,4106
2285,35,Male,White,AU,USA,4,10,dynamic,26075
2286,56,Male,White,US,US,7,10,stylish,305
2287,52,Female,White,US,US,6,10,dynamic,11812
2288,32,Male,White,US,US,4,10,sleek,5157
2289,32,Female,White,US,US,4,10,aerodynamic,4303
2290,50,Female,White,US,US,4,10,aggressive,5387
2291,30,Female,White,US,US,5,11,dynamic,3595
2292,32,Female,White,US,US,4,10,sporty,4788
2293,32,Female,White,US,US,4,10,sleek,4745
2294,30,Male,White,US,US,5,11,aggressive,3961
2295,41,Male,Filipino,US,US,2,10,luxurious,560
2296,32,Male,White,usa,usa,4,11,aerodynamic,773
2297,42,Female,White,AX,AX,8,11,modern,2975
2298,26,Female,White,AD,BE,5,10,modern,2612
2299,32,Male,White,usa,usa,4,11,modern,700
2300,46,Male,White,US,US,4,10,sleek,722
2301,35,Male,White,AU,USA,4,10,modern,26593
2302,29,Male,White,US,US,5,11,aggressive,3572
2303,32,Male,White,usa,usa,4,11,dynamic,660
2304,32,Male,White,usa,usa,4,11,sophisticated,1256
2305,32,Male,White,usa,usa,4,11,dynamic,622
2306,24,Male,Asian Indian,US,US,4,10,modern,814
2307,51,Male,White,United States,United States,8,11,luxurious,324
2308,25,Male,White,US,US,6,10,stylish,6063
2309,42,Male,White,US,US,8,10,luxurious,449
2310,31,Female,Black,US,US,5,10,modern,676
2311,27,Male,White,US,US,5,10,sleek,2551
2312,43,Female,White,USA,USA,6,10,aggressive,168
2313,25,Female,White,US,US,6,10,sporty,6209
2314,30,Female,White,US,US,4,10,modern,1441
2315,35,Male,White,AU,USA,4,10,aggressive,26984
2316,32,Female,White,usa,usa,4,11,dynamic,6724
2317,32,Male,White,usa,usa,4,11,sleek,6823
2318,32,Female,White,usa,usa,4,11,sporty,6679
2319,32,Male,White,usa,usa,4,11,sophisticated,6544
2320,25,Female,White,US,US,6,10,luxurious,6467
2321,38,Female,Other race,US,US,6,10,aggressive,260
2322,38,Female,White,CA,CA,2,10,sleek,619
2323,30,Male,White,US,US,5,10,sophisticated,1815
2324,27,Female,White,US,US,6,10,stylish,6677
2325,55,Male,Black,US,US,2,7,elegant,3196
2326,35,Female,White,Usa,US,8,10,modern,323
2327,51,Female,White,US,US,4,9,modern,654
2328,32,Female,White,US,US,4,10,modern,6543
2329,32,Male,White,US,US,4,10,luxurious,7060
2330,32,Male,White,US,US,4,10,stylish,6027
2331,33,Male,White,US,US,4,10,modern,5923
2332,51,Female,White,US,US,6,11,luxurious,150
2333,70,Female,White,US,US,3,8,dynamic,437
2334,36,Male,White,AL,AL,6,11,aerodynamic,848
2335,36,Female,White,US,US,3,10,sophisticated,1515
2336,38,Male,White,US,US,4,6,sleek,415
2337,65,Female,White,US,US,3,7,elegant,1140
2338,27,Male,White,US,US,5,10,aggressive,3713
2339,40,Male,White,US,US,5,10,dynamic,355
2340,Prefer not to answer,Prefer not to answer,Prefer not to answer,NO-ANSWER,NO-ANSWER,9,14,luxurious,766
2341,39,Male,Black,US,US,3,9,sporty,293
2342,51,Male,White,US,US,4,10,sporty,7594
2343,36,Prefer not to answer,Prefer not to answer,US,US,9,14,sophisticated,633
2344,27,Male,White,US,US,5,10,modern,4547
2345,47,Female,White,US,US,5,10,sophisticated,26988
2346,40,Male,Japanese,US,US,5,10,aggressive,766
2347,32,Male,White,usa,usa,4,11,dynamic,6781
2348,32,Male,White,usa,usa,4,11,elegant,7838
2349,32,Male,White,usa,usa,4,11,sporty,8079
2350,30,Male,White,US,US,5,10,sophisticated,28848
2351,30,Male,White,US,US,4,11,elegant,28887
2352,30,Male,White,US,US,7,10,luxurious,28793
2353,30,Male,White,US,US,6,11,stylish,28908
2354,30,Male,White,US,US,5,11,aerodynamic,28914
2355,25,Female,White,US,US,5,10,aggressive,16525
2356,46,Male,White,US,US,5,10,luxurious,206
2357,60,Male,White,US,US,7,7,elegant,1730
2358,53,Female,White,US,US,4,9,sophisticated,632
2359,42,Male,White,US,US,6,10,aggressive,14782
2360,51,Male,White,US,US,7,11,elegant,292
2361,25,Female,White,US,US,6,10,elegant,16419
2362,53,Female,White,US,US,6,11,stylish,964
2363,45,Male,White,US,US,7,11,aggressive,320
2364,52,Male,Prefer not to answer,US,US,8,11,stylish,498
2365,35,Male,White,US,US,4,10,sleek,29487
2366,61,Female,White,USA,U,5,11,aerodynamic,892
2367,40,Female,White,US,US,6,10,aggressive,1884
2368,39,Prefer not to answer,Prefer not to answer,US,US,9,14,sleek,290
2369,45,Female,White,US,US,6,11,aggressive,240
2370,32,Female,White,US,US,4,10,aerodynamic,7689
2371,23,Male,White,US,US,5,10,sophisticated,2063
2372,32,Female,White,US,US,4,10,luxurious,7314
2373,40,Male,White,US,US,5,8,elegant,1875
2374,35,Male,White,US,US,5,11,luxurious,8697
2375,35,Male,White,MI,MI,3,10,aggressive,29674
2376,32,Female,White,US,US,4,10,elegant,7427
2377,32,Female,White,US,US,4,10,sophisticated,7240
2378,25,Female,White,US,US,6,10,sporty,16873
2379,36,Male,White,TX,TX,3,10,luxurious,29763
2380,65,Female,White,USA,USA,3,7,elegant,374
2381,55,Male,White,US,US,6,12,modern,576
2382,64,Male,White,US,US,6,11,sporty,181
2383,30,Male,Prefer not to answer,US,US,3,10,sporty,1983
2384,38,Male,Prefer not to answer,US,US,4,11,aggressive,26287
2385,37,Male,White,MI,MI,3,10,modern,30044
2386,31,Female,White,TN,TN,3,10,dynamic,993
2387,35,Female,White,US,US,4,10,aerodynamic,278
2388,30,Male,White,US,US,6,10,aerodynamic,30135
2389,30,Male,White,US,US,5,11,sleek,29808
2390,40,Male,White,US,US,7,10,elegant,562
2391,45,Female,Other race,US,US,3,6,dynamic,391
2392,26,Female,White,US,US,6,10,stylish,17195
2393,38,Male,White,US,US,4,11,sporty,26520
2394,55,Male,Black,US,US,4,11,modern,1147
2395,30,Male,White,US,US,4,10,dynamic,29919
2396,30,Male,White,US,US,5,11,sophisticated,30249
2397,30,Male,White,us,us,6,11,sleek,30371
2398,31,Female,Asian Indian,TN,TN,3,10,aggressive,169
2399,44,Male,White,US,US,5,10,aggressive,352
2400,59,Male,White,US,US,7,10,sophisticated,379
2401,33,Male,Black,US,US,6,10,sleek,541
2402,63,Male,White,US,US,4,9,sophisticated,453
2403,38,Male,White,US,US,7,11,luxurious,400
2404,30,Male,White,us,us,4,11,sophisticated,29931
2405,50,Male,White,US,US,4,10,dynamic,278
2406,30,Male,White,US,US,4,4,stylish,29673
2407,30,Male,White,US,US,4,3,luxurious,29504
2408,43,Male,Black,US,US,5,10,elegant,601
2409,30,Male,White,us,us,4,5,sophisticated,28699
2410,30,Male,White,us,us,4,9,sporty,30654
2411,43,Male,White,US,US,5,10,sleek,486
2412,30,Male,White,us,us,4,9,aerodynamic,30667
2413,30,Male,White,US,US,5,13,dynamic,30708
2414,26,Female,White,US,US,5,10,dynamic,17502
2415,30,Male,White,us,us,3,9,sporty,29827
2416,30,Male,White,us,us,3,5,sophisticated,30771
2417,33,Male,White,US,US,3,6,sophisticated,30806
2418,49,Female,White,US,US,2,10,aggressive,388
2419,34,Male,White,US,US,4,6,sporty,381
2420,70,Male,White,US,US,4,10,aerodynamic,430
2421,46,Male,White,US,US,4,10,aerodynamic,9985
2422,47,Female,White,US,US,4,10,aerodynamic,6074
2423,35,Male,Black,US,US,2,7,modern,713
2424,30,Male,Prefer not to answer,US,US,3,10,modern,2893
2425,45,Male,White,US,US,6,5,modern,392
2426,34,Female,White,US,US,8,10,stylish,260
2427,66,Male,White,US,US,4,10,stylish,580
2428,36,Male,White,US,US,5,8,luxurious,355
2429,38,Male,White,US,US,7,10,stylish,487
2430,25,Female,White,US,US,4,10,sleek,17757
2431,30,Male,Prefer not to answer,US,US,3,10,elegant,3021
2432,43,Female,White,US,US,4,10,sleek,6128
2433,53,Male,White,US,US,2,7,sophisticated,557
2434,39,Male,White,US,US,5,10,aggressive,159
2435,25,Female,White,AM,AM,6,10,sophisticated,825
2436,35,Female,White,US,US,6,10,aerodynamic,17020
2437,30,Male,White,US,US,5,10,luxurious,6823
2438,24,Male,White,US,US,5,10,stylish,3900
2439,39,Female,White,US,US,6,10,elegant,251
2440,26,Female,White,US,US,6,10,sophisticated,18245
2441,43,Male,White,US,US,4,10,luxurious,6490
2442,49,Female,White,US,US,3,8,sporty,591
2443,32,Prefer not to answer,Prefer not to answer,AS,AS,9,14,sleek,11549
2444,42,Male,White,US,US,5,10,modern,615
2445,45,Female,White,usa,usa,4,10,sleek,1127
2446,56,Female,White,US,US,4,7,dynamic,340
2447,31,Female,White,US,US,4,11,stylish,307
2448,26,Male,White,US,US,5,10,sporty,4013
2449,46,Female,White,US,US,6,10,luxurious,17316
2450,30,Female,White,US,US,5,10,stylish,429
2451,33,Male,White,US,US,3,8,elegant,31799
2452,32,Male,White,USA,USA,9,7,modern,975
2453,33,Male,White,us,us,5,10,aerodynamic,30775
2454,25,Female,White,US,US,6,10,modern,27153
2455,47,Female,White,US,US,4,10,aggressive,7333
2456,30,Female,White,US,US,4,10,sleek,1491
2457,43,Male,White,US,US,4,9,aerodynamic,590
2458,37,Female,White,US,US,6,13,dynamic,316
2459,51,Female,White,US,US,4,11,aggressive,304
2460,58,Female,White,US,US,2,10,sleek,524
2461,46,Male,White,US,US,4,10,stylish,7568
2462,37,Female,White,US,US,4,10,sleek,849
2463,33,Non-binary,White,US,US,2,10,modern,308
2464,68,Female,White,United States,United States,7,10,sporty,295
2465,41,Female,White,US,US,4,11,sophisticated,368
2466,30,Male,White,US,US,6,11,modern,7482
2467,43,Female,White,AS,AS,4,10,stylish,1432
2468,22,Female,White,US,US,2,7,stylish,287
2469,35,Male,White,US,US,5,10,aerodynamic,2003
2470,33,Male,White,US,US,2,10,aerodynamic,1601
2471,40,Male,White,us,us,5,10,sleek,31304
2472,40,Male,American Indian or Alaska native,usa,usa,5,10,aerodynamic,538
2473,52,Female,White,US,US,5,8,sophisticated,373
2474,49,Female,White,US,US,6,10,aerodynamic,18084
2475,39,Male,White,US,US,7,12,dynamic,385
2476,52,Female,White,US,US,5,10,modern,469
2477,41,Male,White,US,US,4,6,luxurious,383
2478,45,Female,White,US,US,4,10,aggressive,7637
2479,42,Male,White,US,US,4,10,stylish,132
2480,39,Female,White,US,US,4,10,dynamic,653
2481,52,Female,Other race,US,US,6,10,luxurious,329
2482,37,Male,White,US,US,5,10,sophisticated,32779
2483,48,Male,White,US,US,4,10,luxurious,7822
2484,52,Female,White,US,US,6,10,sophisticated,18401
2485,30,Male,White,US,US,5,10,sophisticated,32868
2486,30,Female,White,US,US,4,10,stylish,2201
2487,35,Male,White,US,us,6,9,elegant,2775
2488,30,Male,White,US,US,7,10,aggressive,32854
2489,30,Male,White,US,US,6,10,sleek,32734
2490,30,Male,White,US,US,4,10,sleek,32884
2491,48,Female,White,US,US,4,11,stylish,489
2492,30,Male,White,US,US,6,10,modern,32893
2493,40,Male,White,US,US,4,10,stylish,197
2494,29,Female,White,US,US,7,10,aggressive,775
2495,37,Male,White,us,us,5,10,sporty,31940
2496,32,Male,White,US,US,5,10,modern,33067
2497,58,Female,White,US,US,5,10,modern,453
2498,35,Male,Other race,US,US,5,8,sporty,387
2499,57,Female,White,US,US,5,10,aerodynamic,884
2500,32,Male,White,usa,usa,4,11,sophisticated,1056
2501,30,Male,White,US,US,5,10,sleek,8573
2502,30,Male,White,us,us,5,10,aggressive,32610
2503,32,Male,White,US,US,5,10,aerodynamic,33192
2504,31,Female,White,US,US,4,8,sleek,175
2505,53,Male,White,US,US,6,10,modern,408
2506,41,Male,White,US,US,5,10,sleek,279
2507,35,Male,White,US,US,3,10,aggressive,30254
2508,53,Female,White,US,US,4,10,luxurious,549
2509,25,Female,White,US,US,6,10,sophisticated,178
2510,62,Male,White,US,US,3,10,sporty,522
2511,43,Female,White,US,US,4,10,stylish,752
2512,41,Female,White,US,US,2,10,elegant,344
2513,58,Female,White,US,US,4,6,aggressive,460
2514,25,Female,White,AS,AS,5,10,sporty,638
2515,32,Male,White,US,AS,4,10,stylish,32860
2516,32,Male,White,LK,LK,2,10,stylish,384
2517,52,Male,White,AS,AS,4,10,aerodynamic,2162
2518,47,Female,White,AS,AS,4,10,aggressive,2112
2519,39,Male,White,AS,AS,4,10,dynamic,1896
2520,32,Male,White,US,US,5,10,sleek,33040
2521,30,Female,White,us,us,5,10,modern,32487
2522,25,Male,White,US,US,5,10,aerodynamic,2019
2523,76,Male,White,US,US,6,12,sleek,913
2524,68,Male,White,US,US,5,11,sophisticated,359
2525,30,Male,White,US,US,6,11,sporty,8515
2526,46,Male,White,US,US,4,10,sleek,2786
2527,40,Male,White,US,US,7,10,aggressive,297
2528,25,Female,White,as,as,5,10,sleek,622
2529,64,Male,White,USA,USA,3,9,elegant,667
2530,30,Male,White,us,us,6,9,sophisticated,33601
2531,25,Female,White,AS,AS,5,10,sporty,766
2532,25,Female,White,AS,AS,5,10,aggressive,756
2533,38,Female,White,US,US,4,10,dynamic,850
2534,55,Male,White,US,US,8,10,sporty,436
2535,39,Male,White,US,US,7,10,aggressive,242
2536,70,Female,White,US,US,4,7,luxurious,503
2537,45,Male,White,US,US,4,6,sophisticated,332
2538,32,Female,Black,US,US,4,10,sporty,1301
2539,31,Male,White,US,US,5,10,dynamic,711
2540,30,Male,White,AL,AL,4,6,sophisticated,213
2541,37,Female,White,US,US,4,8,modern,1744
2542,41,Male,White,US,US,5,10,sleek,325
2543,60,Female,White,US,US,4,11,stylish,527
2544,44,Female,White,US,US,4,10,luxurious,693
2545,25,Female,White,us,usa,5,10,sporty,17244
2546,32,Male,White,US,US,5,10,modern,32100
2547,30,Male,White,us,us,4,9,elegant,34142
2548,40,Male,White,US,US,5,10,modern,338
2549,28,Female,Asian Indian,AS,AS,4,11,aggressive,707
2550,30,Male,White,US,US,6,10,luxurious,9813
2551,50,Male,White,Usa,Usa,5,10,modern,537
2552,31,Male,White,us,al,6,11,elegant,33409
2553,30,Male,White,US,US,5,10,aerodynamic,9778
2554,30,Male,White,US,US,5,10,sleek,9773
2555,26,Male,Chinese,DZ,DZ,5,13,sleek,703
2556,50,Female,White,US,US,6,10,aggressive,19848
2557,35,Male,White,US,US,5,10,sleek,297
2558,40,Male,White,US,US,5,10,sporty,131
2559,30,Male,White,us,us,6,5,modern,34372
2560,25,Female,White,us,usa,5,10,aerodynamic,17464
2561,53,Male,White,US,US,2,13,sophisticated,422
2562,48,Female,White,US,US,5,10,aerodynamic,382
2563,33,Male,White,US,US,2,10,luxurious,276
2564,32,Female,Other Asian,US,US,7,13,sophisticated,506
2565,58,Female,White,US,US,7,7,stylish,558
2566,32,Male,White,USA,USA,5,10,dynamic,2659
2567,72,Female,White,US,US,4,9,elegant,1970
2568,32,Male,White,US,US,5,10,sleek,32531
2569,31,Male,White,us,al,6,10,elegant,33665
2570,55,Female,White,US,US,4,10,aggressive,487
2571,49,Male,White,US,US,6,10,sophisticated,20100
2572,24,Male,White,us,usa,5,10,sleek,17774
2573,42,Male,White,US,US,5,10,luxurious,2574
2574,38,Male,White,US,US,4,11,dynamic,30883
2575,31,Male,White,us,al,6,10,modern,33764
2576,38,Female,Black,US,US,5,11,dynamic,323
2577,33,Male,White,US,US,3,6,aggressive,2184
2578,53,Female,White,US,US,6,10,aerodynamic,20345
2579,33,Female,White,US,US,4,11,dynamic,968
2580,36,Female,Asian Indian,USA,AL,7,10,sleek,607
2581,44,Male,White,US,US,3,10,luxurious,2049
2582,31,Female,White,US,US,4,6,modern,334
2583,22,Female,White,US,US,4,10,stylish,499
2584,35,Male,White,US,US,5,10,sophisticated,34190
2585,50,Female,White,IL,Usa,8,9,sleek,473
2586,62,Female,White,US,US,9,10,elegant,362
2587,25,Female,White,US,US,3,10,stylish,6193
2588,48,Female,White,US,US,4,11,modern,880
2589,39,Male,White,US,US,7,11,modern,29222
2590,44,Male,Korean,US,US,4,6,dynamic,1270
2591,38,Male,White,US,US,4,10,stylish,1057
2592,41,Female,White,US,US,3,10,aerodynamic,523
2593,43,Female,White,US,DE,3,10,aerodynamic,1051
2594,54,Female,White,US,US,6,10,aggressive,20727
2595,25,Female,White,us,us,5,10,aggressive,1079
2596,32,Male,White,us,AS,4,10,sophisticated,34699
2597,36,Female,Asian Indian,usa,usa,7,10,sleek,395
2598,35,Female,White,US,US,5,10,sophisticated,229
2599,59,Female,White,US,US,4,10,stylish,853
2600,36,Male,Other Asian,usa,usa,6,8,sleek,428
2601,30,Male,White,US,US,6,11,aerodynamic,10381
2602,47,Female,White,US,US,4,10,dynamic,4598
2603,35,Male,White,US,US,5,10,aerodynamic,34868
2604,38,Male,White,US,US,4,11,sleek,31708
2605,35,Male,Prefer not to answer,USA,USA,4,10,elegant,1368
2606,46,Male,White,US,US,6,6,aerodynamic,311
2607,25,Female,White,US,US,6,10,modern,664
2608,57,Male,White,US,US,4,11,aerodynamic,1995
2609,26,Male,Chinese,US,US,6,11,stylish,374
2610,36,Male,Asian Indian,usa,usa,6,8,sophisticated,433
2611,30,Male,White,US,US,2,6,sporty,426
2612,34,Male,White,US,US,4,10,dynamic,1832
2613,25,Female,Black,US,US,8,11,sophisticated,1552
2614,22,Male,White,US,US,4,10,sporty,291
2615,26,Male,White,US,US,5,10,dynamic,230
2616,43,Female,White,US,US,3,10,luxurious,993
2617,34,Male,White,US,US,6,11,sporty,35833
2618,68,Male,White,US,US,3,7,sleek,389
2619,42,Female,White,US,US,4,11,modern,1914
2620,35,Male,White,US,US,5,10,aerodynamic,955
2621,23,Female,White,US,US,6,10,aggressive,10692
2622,33,Male,White,US,US,6,10,modern,942
2623,66,Female,White,US,US,7,10,dynamic,14326
2624,39,Female,White,US,US,4,10,modern,325
2625,61,Female,White,US,US,4,8,sleek,673
2626,32,Male,White,US,US,5,10,elegant,34357
2627,44,Male,White,US,US,6,8,aggressive,745
2628,43,Female,White,US,US,5,10,sleek,728
2629,25,Female,White,US,US,6,10,sleek,458
2630,35,Male,White,US,US,5,10,dynamic,35318
2631,35,Female,White,US,US,4,10,stylish,194
2632,26,Female,White,US,US,4,6,sporty,3189
2633,36,Male,Asian Indian,usa,usa,6,8,sporty,342
2634,28,Female,White,US,US,3,10,aggressive,696
2635,41,Male,White,US,US,6,7,stylish,319
2636,49,Female,White,US,US,1,7,sporty,363
2637,40,Male,White,US,US,7,10,aerodynamic,865
2638,25,Female,White,US,US,4,10,sleek,33044
2639,25,Female,White,US,US,6,11,sleek,1284
2640,25,Male,Black,US,US,8,11,dynamic,2111
2641,38,Female,White,AS,AS,5,11,sleek,1435
2642,25,Female,White,US,US,6,11,sleek,1156
2643,25,Female,White,US,US,6,11,sporty,1410
2644,25,Female,White,US,US,6,11,sophisticated,1107
2645,28,Male,Chinese,US,US,5,10,aggressive,378
2646,33,Male,White,US,US,7,10,modern,363
2647,30,Male,White,United States,United States,4,9,dynamic,491
2648,53,Female,White,US,US,7,6,sophisticated,402
2649,29,Male,White,US,US,3,9,luxurious,151
2650,46,Male,White,USA,USA,2,6,modern,351
2651,25,Female,White,US,US,5,10,dynamic,293
2652,43,Female,White,US,US,5,10,sporty,947
2653,53,Female,White,US,US,8,13,sleek,244
2654,67,Male,White,US,US,8,11,elegant,601
2655,29,Female,White,US,US,4,10,luxurious,17774
2656,25,Female,White,US,US,4,10,dynamic,33157
2657,54,Prefer not to answer,Prefer not to answer,USA,USA,4,10,aerodynamic,1928
2658,39,Male,White,US,US,5,10,sleek,241
2659,45,Female,White,MO,MO,4,10,sporty,670
2660,42,Male,White,US,US,6,10,sophisticated,11344
2661,54,Female,White,US,US,5,5,sleek,12640
2662,32,Female,White,US,US,5,10,aerodynamic,34626
2663,32,Male,White,US,US,6,10,aggressive,1249
2664,35,Female,White,US,US,4,10,dynamic,330
2665,36,Male,White,US,US,2,10,aggressive,36546
2666,70,Female,White,US,US,5,7,luxurious,366
2667,38,Female,White,US,US,6,11,sporty,175
2668,29,Female,White,US,US,5,10,sporty,465
2669,43,Male,White,US,US,3,10,sleek,1848
2670,39,Female,White,US,US,4,10,modern,503
2671,34,Female,White,US,US,5,10,elegant,305
2672,45,Male,White,US,US,4,11,luxurious,2854
2673,55,Male,White,US,US,5,10,elegant,440
2674,36,Male,Asian Indian,usa,usa,6,8,dynamic,163
2675,29,Female,White,US,US,4,10,aggressive,18054
2676,25,Female,Black,US,US,8,10,sleek,2418
2677,37,Male,White,CA,TX,7,11,sporty,355
2678,35,Male,White,US,US,5,11,aggressive,35659
2679,41,Male,White,US,US,4,10,aerodynamic,863
2680,55,Prefer not to answer,Prefer not to answer,USA,USA,4,10,modern,2371
2681,30,Male,White,US,US,6,10,aggressive,1421
2682,25,Female,White,US,US,6,11,luxurious,1447
2683,25,Male,American Indian or Alaska native,AS,AS,6,10,aerodynamic,1515
2684,36,Male,White,US,US,5,11,sophisticated,15371
2685,40,Male,White,US,US,5,10,dynamic,1433
2686,48,Female,White,AS,AS,6,11,elegant,492
2687,36,Male,Asian Indian,usa,usa,6,8,aggressive,210
2688,36,Male,White,US,US,5,11,sleek,15677
2689,48,Male,White,US,US,7,10,stylish,282
2690,36,Male,White,US,US,5,11,elegant,15681
2691,58,Male,White,US,US,8,10,aerodynamic,702
2692,36,Male,White,US,US,5,11,stylish,15675
2693,26,Female,White,US,US,3,10,sophisticated,8025
2694,54,Male,Prefer not to answer,USA,USA,4,10,stylish,2845
2695,25,Female,White,US,US,6,10,aggressive,526
2696,44,Female,White,US,US,6,10,modern,315
2697,34,Male,White,US,US,5,11,sophisticated,37008
2698,35,Male,Black,AX,DZ,4,11,elegant,2566
2699,37,Female,White,US,US,6,7,luxurious,381
2700,34,Male,White,US,US,6,10,sporty,11891
2701,32,Male,White,US,US,6,10,luxurious,33981
2702,34,Male,White,US,US,6,10,luxurious,2004
2703,28,Male,White,US,US,7,10,aggressive,1032
2704,33,Female,White,US,US,4,8,luxurious,415
2705,38,Female,Black,US,US,6,8,sophisticated,392
2706,35,Male,Black,DZ,DZ,3,10,elegant,2381
2707,32,Male,White,us,us,7,10,dynamic,37135
2708,32,Male,White,us,us,7,10,aggressive,37137
2709,40,Male,White,US,US,5,10,dynamic,1322
2710,32,Male,Black,us,us,6,10,sporty,37150
2711,32,Other,White,us,us,6,10,elegant,37182
2712,25,Male,White,US,US,8,10,aggressive,2626
2713,32,Male,White,us,us,6,6,sleek,37191
2714,32,Male,White,US,US,7,10,sleek,36525
2715,36,Male,White,US,US,3,11,aerodynamic,37170
2716,32,Male,White,us,us,4,10,sporty,88
2717,41,Male,White,FL,CA,7,11,luxurious,266
2718,29,Male,White,US,US,5,10,sophisticated,1214
2719,35,Male,White,US,US,5,10,elegant,36321
2720,35,Male,Black,AL,AF,8,6,dynamic,1703
2721,30,Male,White,US,US,5,10,sleek,37331
2722,53,Male,White,US,FR,8,11,modern,531
2723,39,Prefer not to answer,Prefer not to answer,USA,USA,4,10,stylish,3222
2724,36,Male,White,US,US,5,9,aggressive,195
2725,37,Male,White,US,US,4,5,dynamic,314
2726,34,Female,White,US,US,6,10,stylish,12239
2727,30,Male,White,US,US,5,11,stylish,2315
2728,43,Male,White,US,US,7,11,modern,37494
2729,38,Female,White,US,US,3,7,sleek,280
2730,35,Female,White,US,US,6,11,sporty,215
2731,48,Female,Other race,US,US,5,11,aerodynamic,297
2732,35,Male,White,US,US,5,10,aggressive,36671
2733,60,Male,White,US,US,2,6,stylish,471
2734,45,Female,White,USA,US,7,11,dynamic,300
2735,42,Female,White,US,US,3,10,sleek,281
2736,51,Female,White,AS,AS,5,11,sophisticated,624
2737,23,Female,Black,US,US,2,10,modern,325
2738,32,Male,White,TX,TX,2,10,luxurious,1042
2739,36,Male,White,US,US,3,10,luxurious,37590
2740,32,Female,White,US,US,6,10,aggressive,12518
2741,44,Prefer not to answer,Asian Indian,UM,IN,2,10,dynamic,1041
2742,25,Female,White,US,US,6,10,dynamic,270
2743,32,Male,White,TX,TX,2,10,stylish,1162
2744,35,Male,White,US,US,5,10,aggressive,36987
2745,35,Male,Black,AL,DZ,4,10,aerodynamic,3196
2746,44,Prefer not to answer,Prefer not to answer,USA,USA,9,10,dynamic,3300
2747,25,Female,Black,CY,US,6,10,stylish,2785
2748,47,Male,White,US,US,6,10,stylish,259
2749,46,Female,White,US,US,6,10,elegant,287
2750,69,Female,White,US,US,4,8,aerodynamic,457
2751,46,Male,White,US,US,5,10,elegant,169
2752,35,Male,Black,AL,AX,6,10,sleek,3454
2753,32,Male,White,TX,TX,2,10,elegant,1322
2754,34,Male,White,TX,CA,7,11,sophisticated,19024
2755,36,Male,White,NC,NC,6,10,modern,357
2756,76,Female,White,US,US,3,6,luxurious,807
2757,25,Female,Black,CY,US,7,10,aerodynamic,3267
2758,25,Male,White,US,US,3,6,luxurious,412
2759,28,Male,White,US,US,5,10,sophisticated,1409
2760,28,Female,White,ny,ny,5,10,sporty,18977
2761,35,Male,White,US,US,5,10,aerodynamic,37222
2762,34,Male,White,KY,AL,5,13,sleek,437
2763,27,Male,White,US,US,2,9,aggressive,484
2764,35,Male,White,AS,AS,5,11,elegant,4363
2765,32,Male,White,TX,TX,2,10,sporty,1525
2766,25,Female,White,US,US,6,10,elegant,1815
2767,42,Male,White,US,US,7,11,modern,38118
2768,48,Male,White,US,US,4,9,dynamic,352
2769,25,Male,White,USA,USA,5,10,aerodynamic,36906
2770,34,Male,White,UK,UK,5,10,modern,631
2771,35,Male,White,US,US,5,10,sleek,37261
2772,35,Female,White,US,US,6,10,aggressive,311
2773,41,Female,White,US,US,4,11,dynamic,577
2774,47,Male,American Indian or Alaska native,US,US,3,11,stylish,163
2775,44,Female,White,US,US,5,11,sleek,266
2776,41,Female,White,US,US,4,10,aggressive,651
2777,42,Prefer not to answer,Prefer not to answer,USA,USA,4,10,elegant,3844
2778,34,Male,White,US,US,5,10,aggressive,528
2779,42,Female,White,us,us,3,10,aggressive,538
2780,38,Male,White,United States,United States,3,8,elegant,320
2781,72,Male,White,US,US,4,7,sporty,352
2782,32,Male,White,TX,TX,2,10,aggressive,1773
2783,32,Female,Chinese,US,US,6,8,stylish,2684
2784,42,Female,White,United States,United States,8,9,elegant,495
2785,34,Male,White,US,US,5,10,sophisticated,1148
2786,30,Male,White,US,US,5,10,sophisticated,2497
2787,48,Female,American Indian or Alaska native,US,US,3,11,aerodynamic,183
2788,30,Male,White,US,US,5,11,stylish,1699
2789,32,Male,White,US,US,2,10,luxurious,2941
2790,60,Female,White,MC,MO,4,11,elegant,597
2791,24,Male,White,US,US,3,9,dynamic,866
2792,32,Male,White,US,US,2,10,stylish,3420
2793,38,Male,American Indian or Alaska native,US,US,3,11,modern,460
2794,48,Female,White,us,us,4,10,stylish,912
2795,57,Prefer not to answer,Prefer not to answer,US,US,9,14,sleek,937
2796,25,Female,White,US,US,7,10,sophisticated,3068
2797,30,Female,White,US,US,3,5,modern,402
2798,42,Male,White,US,US,4,10,modern,677
2799,36,Male,White,MI,MI,3,10,sporty,38756
2800,32,Male,White,TX,TX,2,10,stylish,3532
2801,30,Female,White,US,US,5,10,sleek,298
2802,34,Female,White,AS,AS,5,11,aerodynamic,514
2803,35,Male,White,us,us,5,10,aerodynamic,26943
2804,35,Female,White,OH,USA,4,10,luxurious,412
2805,52,Male,White,US,US,5,6,sophisticated,312
2806,45,Female,White,US,US,5,10,elegant,312
2807,29,Male,Black,AS,AS,2,2,dynamic,395
2808,67,Male,White,US,US,4,10,sleek,779
2809,30,Male,White,US,US,7,10,sophisticated,2418
2810,34,Male,White,US,US,5,10,modern,180
2811,47,Male,White,US,US,8,10,elegant,335
2812,56,Female,Asian Indian,US,IN,2,10,stylish,399
2813,32,Male,White,TX,TX,3,10,sophisticated,1471
2814,32,Male,White,TX,TX,2,10,sporty,3545
2815,53,Female,White,US,US,8,11,dynamic,245
2816,40,Male,White,US,US,5,11,sophisticated,462
2817,65,Male,White,US,US,4,10,aerodynamic,601
2818,32,Male,White,US,US,5,10,sporty,826
2819,64,Male,White,USA,USA,8,8,dynamic,502
2820,32,Male,White,TX,TX,2,10,stylish,3620
2821,25,Male,White,USA,USA,5,10,sleek,37488
2822,25,Male,White,USA,USA,5,10,sporty,37363
2823,25,Male,White,USA,USA,5,11,luxurious,37400
2824,25,Female,White,US,US,5,11,stylish,343
2825,32,Female,White,AS,AS,4,10,elegant,929
2826,63,Female,White,US,US,2,9,aggressive,386
2827,58,Male,White,US,US,6,7,elegant,1767
2828,32,Male,White,TX,TX,2,10,aerodynamic,3705
2829,62,Female,White,US,US,2,8,aggressive,381
2830,28,Female,White,US,US,7,10,sleek,2632
2831,32,Male,White,TX,TX,3,10,aggressive,1758
2832,30,Male,White,us,us,8,12,aerodynamic,39174
2833,30,Female,Black,US,US,3,8,modern,283
2834,25,Male,White,US,US,5,10,sleek,3011
2835,30,Male,White,USA,USA,4,10,elegant,707
2836,30,Male,White,USA,USA,4,10,dynamic,725
2837,60,Female,White,MO,US,5,11,luxurious,442
2838,63,Male,White,US,US,6,11,sleek,332
2839,32,Male,White,TX,TX,2,10,dynamic,3557
2840,32,Male,White,TX,TX,3,10,stylish,1916
2841,35,Male,White,US,US,5,10,aggressive,836
2842,32,Male,White,US,US,5,10,luxurious,1301
2843,30,Female,White,US,US,4,11,sophisticated,5306
2844,25,Male,White,USA,USA,5,10,sporty,37651
2845,21,Male,White,US,US,5,9,sophisticated,446
2846,36,Male,White,US,US,5,10,elegant,293
2847,50,Male,Black,usa,usa,4,10,sophisticated,1077
2848,33,Male,White,us,us,4,4,luxurious,1352
2849,36,Male,American Indian or Alaska native,US,US,3,11,sleek,202
2850,36,Male,White,USA,USA,5,10,dynamic,868
2851,70,Male,Japanese,US,US,3,8,aggressive,474
2852,32,Male,White,TX,TX,3,10,modern,2134
2853,60,Female,White,US,US,4,6,sleek,521
2854,25,Female,White,USA,USA,5,10,sporty,37735
2855,53,Female,White,US,US,5,8,stylish,15050
2856,35,Male,White,US,US,5,10,aerodynamic,1843
2857,36,Male,White,USA,USA,5,10,sleek,1074
2858,32,Male,White,TX,TX,3,10,elegant,2331
2859,31,Male,White,United States,United States,6,10,sleek,367
2860,30,Male,Prefer not to answer,US,US,4,6,stylish,424
2861,32,Male,White,US,US,5,10,aggressive,1577
2862,62,Female,White,US,US,4,10,aerodynamic,576
2863,25,Female,White,USA,USA,5,6,sleek,37807
2864,57,Female,White,US,US,3,8,sporty,562
2865,44,Female,Other race,US,US,4,7,luxurious,415
2866,35,Female,White,AX,DZ,6,8,aerodynamic,357
2867,36,Male,White,USA,USA,5,10,sporty,1655
2868,44,Male,White,US,US,6,6,elegant,518
2869,30,Male,White,US,US,5,10,sporty,39740
2870,32,Male,White,TX,TX,3,10,elegant,2532
2871,25,Female,White,US,US,5,10,modern,3550
2872,37,Male,White,US,US,3,6,sporty,2233
2873,35,Female,White,US,US,5,10,aerodynamic,1490
2874,35,Male,White,US,US,5,10,sporty,1673
2875,30,Male,White,US,US,5,10,aerodynamic,39620
2876,56,Female,White,US,US,7,11,modern,39943
2877,25,Female,White,USA,USA,5,10,luxurious,37986
2878,33,Female,White,US,US,4,11,aggressive,1340
2879,38,Female,White,US,US,3,10,luxurious,39910
2880,30,Male,White,US,US,5,10,modern,39922
2881,32,Male,White,TX,TX,3,10,sophisticated,2748
2882,51,Female,White,US,US,5,10,aggressive,1148
2883,30,Male,White,US,US,5,10,aggressive,39993
2884,35,Female,White,US,US,5,10,sophisticated,1724
2885,62,Female,White,US,US,7,10,elegant,1013
2886,53,Male,White,US,US,3,10,dynamic,219
2887,61,Female,White,US,US,6,8,aerodynamic,1166
2888,30,Male,White,US,US,5,10,stylish,40073
2889,32,Male,White,TX,TX,3,10,sleek,2948
2890,38,Male,White,US,US,5,10,sophisticated,4053
2891,25,Female,White,US,US,6,10,luxurious,4209
2892,30,Male,White,US,US,5,10,aggressive,1648
2893,23,Male,Other race,US,US,2,5,aerodynamic,2527
2894,30,Male,White,US,US,5,10,dynamic,40164
2895,35,Female,White,US,US,5,10,stylish,1757
2896,25,Female,White,US,US,6,10,luxurious,3725
2897,41,Male,White,US,US,4,7,sleek,513
2898,33,Male,White,US,US,4,6,aerodynamic,348
2899,66,Male,White,US,US,4,10,luxurious,444
2900,30,Male,White,US,US,5,10,aggressive,38582
2901,64,Female,Black,US,US,4,6,stylish,336
2902,58,Male,White,US,US,6,10,sporty,405
2903,60,Female,White,US,US,4,11,sophisticated,271
2904,30,Male,White,US,US,5,10,luxurious,40330
2905,37,Male,White,US,US,3,10,elegant,39796
2906,32,Male,White,US,US,5,10,elegant,2321
2907,45,Female,White,US,US,7,11,elegant,40390
2908,31,Male,White,US,AR,6,10,aggressive,585
2909,35,Female,White,US,US,5,10,modern,1932
2910,30,Male,White,USA,USA,4,10,dynamic,810
2911,30,Male,White,US,US,5,10,dynamic,40408
2912,22,Female,White,US,US,6,10,aggressive,656
2913,40,Male,White,US,US,5,10,modern,2574
2914,30,Male,White,USA,USA,4,10,stylish,1243
2915,59,Female,White,US,US,4,6,sophisticated,407
2916,30,Male,White,USA,USA,4,10,luxurious,1165
2917,32,Male,White,US,US,6,10,aggressive,15387
2918,33,Male,White,US,US,5,10,sleek,560
2919,44,Male,White,US,US,4,8,sleek,261
2920,45,Female,White,US,US,4,11,sporty,270
2921,64,Male,American Indian or Alaska native,US,US,5,6,luxurious,333
2922,33,Female,White,US,US,4,11,aerodynamic,2360
2923,64,Female,White,US,US,3,7,sophisticated,824
2924,35,Male,White,US,US,5,10,modern,2044
2925,39,Female,White,US,US,7,11,modern,40725
2926,35,Male,White,US,US,5,10,stylish,1925
2927,35,Female,White,US,US,5,10,dynamic,2035
2928,24,Male,Japanese,USA,USA,6,10,modern,419
2929,32,Male,White,US,US,5,10,sleek,2735
2930,55,Male,White,US,US,6,7,sleek,435
2931,49,Female,White,United States,United States,3,10,luxurious,329
2932,48,Female,White,US,US,5,10,dynamic,1991
2933,34,Female,Black,US,US,4,7,luxurious,485
2934,53,Female,White,US,US,6,10,aggressive,26441
2935,55,Male,White,US,US,6,10,sophisticated,565
2936,77,Male,White,USA,USA,5,8,modern,638
2937,44,Female,Black,usa,usa,4,11,aerodynamic,2264
2938,68,Male,Black,usa,usa,4,11,luxurious,2241
2939,41,Male,White,US,US,2,9,sleek,308
2940,37,Female,Japanese,usa,usa,7,11,sleek,989
2941,30,Male,White,US,US,5,10,luxurious,39278
2942,29,Female,White,US,US,3,10,modern,12139
2943,59,Female,White,US,US,7,11,dynamic,41000
2944,30,Male,White,US,US,5,10,aggressive,38679
2945,55,Female,Black,usa,usa,4,11,dynamic,1981
2946,48,Female,Black,USA,USA,7,8,modern,11565
2947,53,Female,Black,usa,usa,4,11,sleek,2201
2948,25,Female,White,US,US,5,10,modern,4762
2949,55,Male,White,US,US,2,10,luxurious,353
2950,30,Male,White,US,US,5,10,elegant,38508
2951,31,Female,White,usa,usa,7,11,elegant,498
2952,55,Female,Korean,US,US,6,10,stylish,533
2953,66,Male,White,US,US,7,8,sleek,516
2954,52,Female,White,US,US,8,7,aerodynamic,186
2955,35,Female,White,US,US,4,11,sleek,3048
2956,32,Female,White,usa,usa,7,11,aggressive,496
2957,39,Female,White,US,US,4,6,stylish,382
2958,38,Male,Black,US,US,3,7,dynamic,291
2959,64,Female,White,US,US,9,8,luxurious,455
2960,62,Male,White,US,US,6,11,luxurious,883
2961,25,Female,White,US,US,7,10,aerodynamic,5119
2962,43,Male,Black,usa,usa,8,8,aerodynamic,1235
2963,61,Female,White,US,US,2,10,sleek,19843
2964,25,Female,White,US,US,6,10,aerodynamic,4990
2965,33,Female,White,US,US,2,6,dynamic,311
2966,25,Female,White,US,US,5,11,modern,5176
2967,40,Female,White,US,US,6,8,stylish,315
2968,44,Male,White,US,US,5,10,modern,219
2969,32,Male,Black,US,US,5,8,modern,977
2970,45,Female,White,US,US,5,10,luxurious,3071
2971,25,Female,White,US,US,6,10,sleek,4085
2972,53,Female,White,US,US,4,10,stylish,297
2973,27,Male,Black,US,US,4,10,stylish,8490
2974,31,Male,White,US,US,5,9,aerodynamic,263
2975,31,Male,White,US,US,5,10,dynamic,366
2976,25,Female,White,US,US,6,10,luxurious,5270
2977,24,Male,White,US,US,6,11,elegant,885
2978,45,Male,Black,usa,usa,8,5,stylish,1312
2979,49,Male,White,US,US,7,10,sporty,478
2980,40,Female,White,United States,United States,5,11,sophisticated,354
2981,30,Male,White,AS,AS,4,8,dynamic,2613
2982,25,Female,White,US,US,5,10,modern,2745
2983,25,Female,White,US,US,5,10,sophisticated,2717
2984,25,Female,White,US,US,5,10,dynamic,2325
2985,25,Female,White,US,US,6,10,modern,5383
2986,40,Female,White,US,US,8,13,dynamic,297
2987,43,Male,White,US,US,8,11,sleek,252
2988,68,Female,White,US,US,3,8,luxurious,512
2989,33,Female,White,US,US,2,9,sleek,487
2990,35,Female,White,AS,AS,2,9,luxurious,2346
2991,27,Female,American Indian or Alaska native,US,US,4,10,modern,8633
2992,25,Female,White,US,US,5,10,luxurious,5587
2993,54,Male,White,US,US,8,10,elegant,511
2994,38,Male,White,US,US,4,10,sophisticated,2074
2995,28,Male,White,US,US,4,7,stylish,371
2996,33,Male,Black,US,US,8,11,sleek,274
2997,25,Female,White,US,US,6,10,stylish,5575
2998,38,Male,White,US,US,3,10,sporty,398
2999,40,Male,White,US,US,7,11,modern,42180
3000,36,Male,White,US,US,7,11,elegant,299
3001,39,Male,Black,US,US,6,6,aggressive,700
3002,25,Female,White,US,US,6,10,dynamic,5644
3003,68,Female,White,US,US,4,6,aggressive,725
3004,56,Male,Black,usa,usa,5,7,stylish,431
3005,48,Female,White,US,US,4,5,aerodynamic,502
3006,25,Female,White,US,US,6,10,aerodynamic,5716
3007,31,Male,White,US,US,5,10,aerodynamic,825
3008,46,Female,White,US,US,6,12,modern,416
3009,27,Male,White,US,US,2,7,aggressive,971
3010,30,Male,White,US,US,8,11,aerodynamic,20136
3011,31,Prefer not to answer,Prefer not to answer,US,US,9,14,sophisticated,567
3012,32,Female,White,US,US,6,10,aerodynamic,504
3013,57,Male,White,US,US,7,10,sporty,576
3014,65,Female,White,US,US,6,10,aerodynamic,1637
3015,50,Female,White,US,US,3,8,sporty,5155
3016,40,Male,Black,usa,usa,4,11,modern,1157
3017,68,Male,White,US,US,3,6,modern,494
3018,37,Female,White,USA,USA,4,11,aggressive,1297
3019,20,Female,White,US,CA,2,11,aerodynamic,568
3020,34,Male,Black,US,US,4,6,dynamic,1009
3021,63,Male,White,usa,usa,3,10,aerodynamic,385
3022,40,Male,White,US,US,4,9,aggressive,2196
3023,43,Male,White,US,US,6,11,aerodynamic,42612
3024,52,Male,White,US,US,5,7,dynamic,639
3025,30,Female,White,US,US,5,11,sophisticated,1268
3026,33,Male,White,US,US,3,10,dynamic,299
3027,49,Male,White,US,US,4,7,sophisticated,400
3028,34,Female,White,AX,AX,6,12,modern,799
3029,56,Male,White,USA,USA,6,10,aggressive,262
3030,31,Female,White,US,FL,5,4,dynamic,40290
3031,34,Male,White,AS,AS,3,10,elegant,540
3032,28,Male,White,US,US,7,10,luxurious,311
3033,25,Female,White,US,US,5,10,sleek,6190
3034,36,Female,White,US,US,4,10,modern,360
3035,40,Female,White,US,US,8,10,stylish,4802
3036,25,Female,White,US,US,5,10,sporty,6378
3037,71,Female,White,United States,United States,5,8,sleek,333
3038,38,Female,White,US,US,2,10,dynamic,394
3039,41,Female,White,US,US,4,10,stylish,716
3040,58,Male,White,US,US,5,7,aerodynamic,615
3041,30,Female,Black,US,US,4,11,aggressive,391
3042,51,Female,White,US,US,4,10,sporty,314
3043,47,Male,Chinese,US,US,2,10,luxurious,346
3044,41,Female,Asian Indian,US,US,5,10,aerodynamic,3745
3045,73,Male,White,US,US,5,11,sporty,697
3046,35,Male,White,US,US,4,10,modern,43075
3047,46,Male,White,US,US,4,10,stylish,643
3048,25,Female,White,us,US,6,10,luxurious,7151
3049,32,Female,Black,US,US,5,8,aggressive,3637
3050,29,Female,White,US,US,5,8,luxurious,280
3051,36,Male,White,AS,AS,5,11,luxurious,876
3052,31,Male,Other race,US,US,7,10,elegant,43123
3053,32,Male,Black,US,US,7,10,sophisticated,706
3054,71,Male,White,US,US,5,11,modern,922
3055,48,Male,Prefer not to answer,US,US,7,10,elegant,376
3056,26,Male,Black,US,US,4,10,aerodynamic,157
3057,26,Female,White,CA,CA,4,4,luxurious,1218
3058,33,Female,White,US,US,4,10,sleek,840
3059,37,Male,White,US,US,5,10,sophisticated,4677
3060,50,Female,White,US,US,5,10,elegant,582
3061,26,Male,White,US,US,8,10,aerodynamic,2224
3062,57,Female,White,US,US,4,10,luxurious,569
3063,35,Male,White,US,US,4,9,sophisticated,612
3064,30,Male,White,US,JO,4,6,modern,1428
3065,65,Female,White,US,US,4,8,elegant,583
3066,35,Male,White,US,US,4,10,aerodynamic,328
3067,32,Male,White,US,GB,3,5,sophisticated,1344
3068,32,Male,White,US,GB,3,9,elegant,1674
3069,40,Male,White,MD,MD,4,10,sporty,1401
3070,57,Female,White,US,US,5,10,modern,196
3071,70,Male,White,US,US,4,10,sporty,379
3072,25,Female,White,US,US,6,11,aerodynamic,6559
3073,25,Female,White,US,US,5,10,elegant,7253
3074,25,Female,Other race,US,US,5,10,stylish,552
3075,52,Male,White,US,US,4,8,sporty,4101
3076,59,Female,White,US,US,2,8,dynamic,570
3077,58,Female,White,US,US,7,8,sleek,262
3078,26,Male,White,US,US,5,10,elegant,9219
3079,31,Male,White,US,GB,3,5,aerodynamic,1756
3080,32,Male,White,US,US,4,10,modern,425
3081,33,Female,Other race,US,US,4,11,sleek,232
3082,31,Female,Black,US,US,9,9,luxurious,275
3083,31,Male,White,US,GB,3,5,luxurious,2075
3084,31,Male,White,US,GB,3,9,aerodynamic,1736
3085,30,Female,White,US,PA,7,7,stylish,525
3086,35,Male,White,US,US,7,11,aerodynamic,394
3087,54,Male,White,PA,PA,5,11,modern,355
3088,27,Female,Black,AL,AS,5,11,modern,22318
3089,25,Male,White,USA,USA,5,10,sophisticated,873
3090,35,Male,White,US,US,4,10,stylish,279
3091,46,Female,White,US,US,4,10,sophisticated,1331
3092,33,Male,White,US,GB,3,9,modern,2285
3093,30,Male,White,US,AE,3,6,dynamic,2004
3094,25,Male,White,USA,USA,5,10,sophisticated,964
3095,33,Male,White,US,GB,3,5,luxurious,1941
3096,27,Male,White,AS,AX,5,11,modern,1386
3097,25,Male,White,usa,usa,5,10,stylish,1063
3098,30,Male,White,US,GB,3,5,elegant,2221
3099,35,Male,White,US,US,4,10,aerodynamic,678
3100,30,Male,White,US,XK,3,3,stylish,2113
3101,40,Male,White,US,US,4,10,aggressive,627
3102,27,Female,White,AS,AS,5,11,aerodynamic,1490
3103,33,Male,White,US,US,3,9,dynamic,1497
3104,34,Male,White,US,GB,3,6,stylish,2329
3105,43,Female,White,US,US,8,11,luxurious,466
3106,25,Male,White,usa,usa,5,10,luxurious,1199
3107,35,Female,White,US,US,4,10,sleek,968
3108,33,Male,White,US,MS,3,7,sporty,2202
3109,25,Female,White,USA,USA,5,11,aerodynamic,1420
3110,25,Female,White,US,US,6,10,aggressive,8548
3111,50,Female,White,US,US,5,10,dynamic,982
3112,31,Male,White,US,GB,3,6,aggressive,2223
3113,25,Female,White,US,US,6,11,modern,7381
3114,25,Male,White,USA,USA,5,10,sleek,854
3115,31,Male,White,US,GB,3,7,luxurious,2396
3116,32,Male,White,us,HR,4,11,aggressive,2292
3117,42,Male,White,US,US,4,10,elegant,278
3118,31,Male,White,AF,AX,3,10,elegant,1493
3119,60,Male,White,US,US,3,10,luxurious,322
3120,27,Male,Black,AI,AS,5,11,modern,1594
3121,43,Male,White,US,US,5,11,sleek,1495
3122,58,Female,White,US,US,6,10,sporty,231
3123,41,Male,White,PM,FJ,5,11,sophisticated,946
3124,41,Male,White,US,US,8,10,aggressive,314
3125,75,Female,White,US,US,7,10,aerodynamic,733
3126,38,Female,White,US,BG,4,11,elegant,1787
3127,38,Male,White,USA,USA,4,10,sporty,7749
3128,32,Male,White,US,GB,3,6,dynamic,2632
3129,36,Male,White,US,US,4,8,luxurious,961
3130,66,Male,White,US,US,3,6,stylish,548
3131,31,Male,White,us,DZ,3,5,elegant,2826
3132,33,Male,White,US,GB,3,9,sporty,2445
3133,25,Female,White,USA,USA,5,11,elegant,1918
3134,44,Male,White,US,US,4,10,sporty,1629
3135,37,Female,White,US,US,3,10,stylish,784
3136,29,Male,White,US,US,4,10,sporty,492
3137,48,Male,White,US,US,4,10,sleek,1115
3138,25,Female,White,US,US,5,10,stylish,1301
3139,27,Female,White,AD,AS,5,11,dynamic,1901
3140,52,Prefer not to answer,Prefer not to answer,US,US,9,11,dynamic,369
3141,55,Male,White,US,US,7,10,sporty,780
3142,73,Male,White,US,US,7,10,sophisticated,606
3143,36,Male,White,US,US,8,10,aerodynamic,360
3144,46,Female,White,US,US,4,10,aerodynamic,4660
3145,65,Male,White,US,US,5,10,sophisticated,2741
3146,38,Female,White,US,US,4,9,stylish,719
3147,34,Male,White,US,US,9,10,modern,2431
3148,25,Female,White,USA,USA,5,11,aggressive,2162
3149,34,Male,White,US,US,5,10,sleek,809
3150,25,Female,White,US,US,6,11,sporty,7271
3151,54,Male,Black,US,US,5,10,sporty,634
3152,68,Female,White,US,US,4,8,aerodynamic,525
3153,27,Male,American Indian or Alaska native,AZ,AD,5,11,luxurious,2826
3154,60,Male,White,US,US,8,7,sophisticated,457
3155,26,Male,White,US,US,6,10,aggressive,135
3156,25,Male,White, USA,USA,5,10,stylish,1419
3157,33,Male,White,US,US,4,8,sophisticated,280
3158,32,Male,White,US,GB,3,5,aerodynamic,3123
3159,25,Female,White,USA,USA,5,11,dynamic,2381
3160,25,Male,White,usa,usa,5,10,sophisticated,1397
3161,61,Female,White,US,US,5,10,sleek,1487
3162,26,Male,White,US,US,6,10,sophisticated,88
3163,25,Female,White,US,US,6,11,luxurious,7507
3164,32,Male,White,US,GB,3,5,sporty,3250
3165,26,Non-binary,Korean,US,US,4,10,luxurious,584
3166,65,Female,White,US,US,4,6,luxurious,760
3167,38,Male,Asian Indian,US,US,5,8,luxurious,5677
3168,42,Female,White,US,US,6,11,dynamic,6104
3169,32,Male,White,us,KY,3,7,dynamic,3358
3170,30,Male,Black,US,US,5,8,sophisticated,591
3171,26,Male,White,US,US,6,10,luxurious,67
3172,32,Female,White,US,US,3,8,dynamic,484
3173,27,Female,White,US,US,6,11,aerodynamic,2455
3174,34,Male,White,US,US,5,10,sleek,929
3175,25,Female,White,USA,USA,5,11,stylish,2776
3176,26,Male,White,US,US,4,10,sleek,77
3177,35,Male,White,US,US,5,10,modern,10750
3178,31,Male,White,US,GB,3,9,stylish,3393
3179,31,Male,White,US,US,5,11,sporty,8674
3180,32,Male,White,US,GB,3,6,stylish,3330
3181,31,Male,White,us,AO,3,7,elegant,3156
3182,43,Male,White,US,US,4,10,sleek,288
3183,44,Female,White,US,US,4,6,sleek,2876
3184,33,Male,White,US,US,3,10,sporty,97
3185,68,Male,Other race,US,US,7,7,stylish,1482
3186,26,Male,White,US,US,5,10,modern,110
3187,41,Male,White,US,US,5,10,sleek,21484
3188,37,Male,White,US,US,3,7,aggressive,514
3189,65,Female,White,US,US,5,10,dynamic,1787
3190,34,Male,White,US,GB,3,5,elegant,3459
3191,31,Male,White,us,GB,3,5,luxurious,3581
3192,30,Male,White,AX,AL,4,10,stylish,6147
3193,25,Female,White,US,US,7,10,luxurious,2055
3194,34,Male,White,US,US,5,10,dynamic,1230
3195,32,Male,White,us,DZ,3,9,dynamic,3395
3196,43,Female,Filipino,US,US,4,8,aerodynamic,2983
3197,32,Male,White,us,AL,3,9,modern,3244
3198,37,Female,White,US,US,6,10,elegant,1027
3199,32,Male,White,US,GB,3,9,sophisticated,3634
3200,59,Female,White,US,US,3,8,elegant,1457
3201,33,Male,White,us,GB,3,6,sophisticated,3701
3202,36,Male,White,US,US,5,10,modern,6587
3203,33,Male,White,US,US,4,11,sophisticated,22230
3204,31,Male,White,us,DK,3,10,sophisticated,3493
3205,38,Female,White,US,US,6,8,dynamic,6527
3206,25,Female,White,US,US,6,11,elegant,301
3207,25,Female,White,us,us,5,10,dynamic,2070
3208,32,Male,White,us,GB,3,5,aerodynamic,3766
3209,35,Male,White,us,AX,3,5,luxurious,3181
3210,32,Male,White,us,BJ,3,8,elegant,3588
3211,27,Female,White,US,US,6,11,elegant,3124
3212,68,Male,White,US,US,3,10,modern,349
3213,41,Female,White,US,US,5,10,sporty,22436
3214,32,Male,White,US,GB,3,8,aerodynamic,3799
3215,39,Male,White,USA,USA,4,11,sporty,322
3216,47,Male,White,US,US,6,7,modern,404
3217,25,Male,American Indian or Alaska native,AS,AS,5,11,sporty,7122
3218,47,Male,White,US,US,4,10,dynamic,2106
3219,25,Female,White,us,us,5,10,modern,2201
3220,56,Female,White,US,US,5,10,aerodynamic,4041
3221,61,Female,Chinese,USA,USA,3,12,aggressive,15868
3222,35,Male,White,us,AS,3,5,sophisticated,3378
3223,41,Female,White,USA,USA,4,10,sporty,5882
3224,56,Female,White,US,US,4,6,aerodynamic,503
3225,32,Male,White,US,GB,3,5,aerodynamic,3869
3226,25,Female,White,us,us,5,10,elegant,10183
3227,30,Male,White,US,US,5,10,sporty,242
3228,40,Male,White,US,US,5,10,sleek,22594
3229,40,Female,Black,US,US,8,7,aerodynamic,246
3230,33,Male,White,US,GB,3,9,sleek,3112
3231,45,Male,White,US,US,5,10,sophisticated,7851
3232,55,Female,White,US,US,4,10,aggressive,4196
3233,58,Female,White,US,US,8,11,dynamic,512
3234,35,Female,Asian Indian,US,US,5,8,modern,7053
3235,41,Female,White,US,US,6,13,aggressive,5895
3236,42,Female,Other race,usa,usa,4,7,modern,446
3237,32,Male,White,us,GB,3,5,luxurious,3957
3238,25,Male,White,US,US,7,10,stylish,3038
3239,41,Female,White,US,US,4,10,aggressive,22816
3240,24,Male,White,AS,AS,6,10,luxurious,2890
3241,33,Male,White,US,AX,3,6,elegant,3780
3242,34,Male,White,US,US,3,11,aerodynamic,1242
3243,71,Female,White,US,US,4,10,sleek,461
3244,25,Female,White,us,us,6,10,sophisticated,10471
3245,33,Male,White,US,GB,3,5,luxurious,4186
3246,34,Male,White,US,US,5,10,sporty,2020
3247,53,Female,Black,US,US,6,10,luxurious,457
3248,31,Male,White,US,US,5,10,stylish,9836
3249,41,Male,White,US,US,5,8,elegant,23089
3250,32,Male,White,us,GB,3,9,modern,3927
3251,38,Male,White,United States,United Stated,3,10,elegant,360
3252,51,Male,White,US,US,6,6,elegant,413
3253,32,Male,White,US,US,4,11,elegant,855
3254,34,Male,White,NY,NY,3,10,dynamic,898
3255,45,Male,White,US,US,4,8,sleek,630
3256,27,Female,American Indian or Alaska native,AL,AL,4,10,dynamic,527
3257,64,Female,White,US,US,4,8,sleek,338
3258,34,Male,White,US,US,5,10,sophisticated,2227
3259,31,Male,White,us,GB,3,5,modern,4056
3260,58,Male,White,US,US,2,10,sophisticated,595
3261,40,Male,White,US,US,5,10,elegant,23186
3262,30,Male,White,US,US,5,9,sophisticated,1166
3263,44,Female,White,US,US,5,7,sleek,472
3264,34,Male,White,US,US,5,10,elegant,281
3265,56,Female,White,United States ,United States ,5,8,aggressive,396
3266,25,Female,White,us,us,6,10,sleek,10810
3267,51,Female,White,US,US,2,10,luxurious,457
3268,61,Male,Japanese,US,US,6,10,aerodynamic,2109
3269,57,Male,White,US,US,6,10,sporty,288
3270,25,Male,White,US,US,5,10,modern,3860
3271,41,Male,Black,US,US,6,10,stylish,23363
3272,56,Female,White,US,US,5,7,sporty,470
3273,30,Male,White,US,US,3,10,sleek,538
3274,25,Female,White,US,US,5,10,aerodynamic,2117
3275,29,Female,White,AS,AS,6,10,sporty,3162
3276,34,Male,White,NY,NY,3,10,luxurious,324
3277,25,Female,White,US,US,5,10,aggressive,2728
3278,23,Male,White,AS,AS,6,10,sporty,3894
3279,25,Female,White,US,US,5,10,dynamic,2168
3280,40,Male,White,US,US,5,10,sophisticated,23536
3281,53,Female,White,US,US,3,10,elegant,439
3282,34,Male,White,US,US,3,11,stylish,1757
3283,64,Female,White,US,US,4,11,stylish,583
3284,22,Female,Black,US,US,2,10,luxurious,636
3285,25,Female,White,us,usa,7,10,sophisticated,11094
3286,39,Female,Asian Indian,US,US,5,8,stylish,3211
3287,70,Female,Black,United States,United States,4,10,luxurious,587
3288,25,Male,White,US,US,5,10,dynamic,3989
3289,37,Male,White,US,US,6,10,elegant,7677
3290,25,Female,White,US,US,5,10,elegant,2735
3291,25,Female,White,US,US,5,10,sleek,2338
3292,34,Male,White,NY,NY,3,10,luxurious,1560
3293,35,Male,White,US,US,4,10,sporty,5072
3294,33,Male,White,us,us,5,10,aerodynamic,5948
3295,27,Female,White,US,US,6,11,sleek,4662
3296,39,Male,White,US,US,5,10,sporty,8534
3297,27,Female,White,US,US,6,13,stylish,3753
3298,33,Male,White,us,us,5,10,luxurious,6056
3299,24,Female,Black,USA,USA,6,10,modern,1849
3300,25,Female,White,US,US,5,10,elegant,2516
3301,36,Male,White,US,US,4,10,luxurious,459
3302,33,Female,Black,US,US,5,10,modern,36108
3303,35,Female,White,US,US,5,8,modern,9192
3304,25,Male,White,US,US,5,10,aerodynamic,4500
3305,25,Female,White,us,us,7,10,sophisticated,11406
3306,25,Female,White,US,US,6,10,dynamic,2826
3307,44,Female,White,US,US,4,11,dynamic,2717
3308,24,Male,White,AS,AS,6,10,sophisticated,3705
3309,34,Female,White,US,US,3,6,modern,576
3310,59,Female,White,US,US,6,10,sporty,454
3311,27,Female,White,US,US,5,10,luxurious,1699
3312,31,Male,White,US,US,4,10,modern,235
3313,30,Female,White,AS,AS,6,10,sophisticated,628
3314,30,Male,White,USA,USA,4,10,stylish,9558
3315,34,Male,White,US,US,4,10,elegant,515
3316,38,Female,Other race,US,US,5,8,sophisticated,331
3317,25,Female,White,US,US,7,10,aggressive,1559
3318,45,Male,White,US,US,2,8,sophisticated,633
3319,40,Male,Black,US,US,5,10,elegant,24087
3320,25,Female,White,US,US,5,10,dynamic,2618
3321,72,Female,White,US,US,4,10,luxurious,728
3322,30,Male,White,US,US,3,10,sleek,325
3323,27,Female,White,US,US,5,10,dynamic,1961
3324,42,Male,White,US,US,7,11,elegant,17365
3325,27,Female,White,US,US,6,11,dynamic,2460
3326,25,Male,White,US,US,5,10,stylish,4823
3327,53,Male,White,US,US,3,11,elegant,1162
3328,25,Female,White,US,US,3,10,modern,19398
3329,41,Female,Black,US,US,4,10,sporty,24211
3330,25,Male,White,usa,usa,6,10,luxurious,11543
3331,27,Female,White,US,US,6,11,sleek,4559
3332,39,Female,White,US,US,2,11,sophisticated,580
3333,26,Female,White,US,US,7,10,sleek,1324
3334,34,Male,White,US,US,3,11,aerodynamic,2770
3335,34,Male,White,US,US,2,10,elegant,2027
3336,39,Male,White,US,US,7,11,aggressive,42833
3337,40,Female,Other race,United States,United States,6,10,elegant,180
3338,34,Male,White,US,US,4,10,aggressive,480
3339,55,Female,Black,USA,LA,5,9,aerodynamic,508
3340,25,Male,White,US,US,5,10,stylish,5112
3341,36,Male,White,US,US,5,10,modern,5828
3342,55,Female,White,US,US,3,8,stylish,463
3343,25,Female,White,US,US,5,10,dynamic,1057
3344,25,Female,White,US,US,5,10,sleek,3114
3345,47,Male,White,US,US,4,10,aggressive,8605
3346,25,Male,White,US,US,7,10,sporty,1336
3347,30,Female,Black,US,US,5,10,sophisticated,359
3348,52,Male,White,US,US,4,10,elegant,443
3349,27,Female,White,US,US,5,10,sophisticated,2091
3350,40,Male,White,US,US,4,6,elegant,240
3351,48,Male,White,US,US,4,9,stylish,433
3352,40,Male,Asian Indian,US,US,4,10,aerodynamic,24649
3353,69,Female,White,US,US,4,8,sleek,3308
3354,70,Male,White,US,US,6,11,sporty,707
3355,25,Female,White,US,US,5,10,luxurious,4346
3356,25,Female,White,us,us,5,10,stylish,1234
3357,34,Male,Black,US,US,5,10,sporty,627
3358,25,Female,White,US,US,5,10,sleek,3330
3359,25,Female,White,US,US,7,10,elegant,1076
3360,41,Male,White,US,US,6,10,elegant,24820
3361,25,Female,White,25,25,7,10,stylish,12079
3362,25,Female,White,US,US,5,10,sporty,3396
3363,41,Male,White,US,US,7,11,sporty,267
3364,35,Female,White,US,US,3,10,sleek,3567
3365,28,Female,White,US,US,4,10,elegant,985
3366,36,Female,White,US,US,6,8,dynamic,171
3367,70,Female,White,US,US,4,6,luxurious,643
3368,45,Male,White,US,US,5,10,sporty,470
3369,40,Female,Black,US,US,4,10,aggressive,24963
3370,25,Female,White,US,US,5,10,dynamic,3475
3371,25,Male,White,US,US,7,10,dynamic,2645
3372,27,Female,White,US,US,5,10,sophisticated,2579
3373,24,Male,White,US,US,3,10,stylish,2205
3374,25,Female,White,US,US,6,10,luxurious,1231
3375,25,Female,White,US,US,5,10,aggressive,3576
3376,41,Female,Other race,US,US,4,8,dynamic,661
3377,40,Female,White,US,US,5,11,sporty,25131
3378,45,Male,White,US,US,5,10,sleek,602
3379,30,Male,White,USA,USA,5,10,modern,1560
3380,38,Female,White,usa,usa,6,6,aggressive,1763
3381,27,Female,White,US,US,5,10,stylish,2701
3382,68,Male,White,US,US,3,9,luxurious,982
3383,25,Female,American Indian or Alaska native,CO,CO,3,10,sophisticated,482
3384,23,Female,White,US,US,6,10,sophisticated,4618
3385,25,Female,White,usa,usa,6,10,sophisticated,12456
3386,30,Male,White,USA,USA,4,10,dynamic,11031
3387,25,Female,White,US,US,5,10,elegant,3758
3388,25,Female,White,US,US,7,10,sophisticated,3203
3389,30,Male,White,US,US,6,10,sporty,4151
3390,41,Male,Japanese,US,US,5,11,dynamic,25317
3391,41,Male,Asian Indian,US,US,3,5,stylish,310
3392,23,Male,White,AS,AS,6,10,luxurious,4705
3393,25,Female,White,US,US,5,10,aerodynamic,2689
3394,24,Male,White,US,US,3,10,sophisticated,2716
3395,25,Female,White,US,US,5,10,stylish,2636
3396,35,Male,White,US,US,4,10,dynamic,234
3397,42,Female,White,US,US,8,11,dynamic,440
3398,25,Male,White,US,US,5,10,aggressive,5028
3399,40,Female,Black,US,US,5,10,dynamic,25471
3400,30,Male,White,USA,USA,4,10,sporty,11637
3401,27,Female,White,US,US,6,11,sophisticated,4915
3402,49,Female,White,USA,USA,7,11,modern,553
3403,37,Male,Black,US,US,4,10,aerodynamic,626
3404,27,Female,White,US,US,5,10,modern,2959
3405,35,Female,Black,US,US,5,11,dynamic,133
3406,24,Male,White,US,US,3,10,stylish,2542
3407,33,Male,White,USA,USA,5,10,aggressive,2092
3408,44,Male,Black,US,US,3,10,sleek,273
3409,25,Female,White,US,US,5,10,sleek,2132
3410,27,Female,White,US,US,5,10,stylish,3073
3411,25,Female,White,US,US,5,10,stylish,4155
3412,25,Female,White,US,US,7,10,sporty,3095
3413,25,Female,White,US,US,5,10,dynamic,2353
3414,25,Female,American Indian or Alaska native,CO,CO,3,10,sporty,448
3415,45,Male,White,US,US,4,11,luxurious,25922
3416,30,Female,White,AX,AS,7,10,luxurious,10150
3417,41,Male,Black,US,US,5,10,aerodynamic,25582
3418,30,Female,White,US,US,6,7,modern,257
3419,25,Female,White,US,US,5,10,sporty,3952
3420,57,Female,White,US,US,3,7,luxurious,1097
3421,25,Female,White,US,US,5,10,luxurious,2853
3422,25,Male,White,US,US,5,10,dynamic,5243
3423,45,Male,White,US,US,5,5,aerodynamic,327
3424,30,Male,White,GE,GE,6,10,elegant,1031
3425,25,Female,White,US,US,6,10,sporty,2111
3426,25,Female,White,US,US,5,10,sophisticated,4004
3427,24,Male,White,US,US,3,10,dynamic,2804
3428,53,Female,White,US,US,2,7,modern,439
3429,40,Male,White,US,US,5,10,elegant,25882
3430,30,Male,White,AX,AS,5,10,sleek,10366
3431,26,Male,White,US,US,7,10,aerodynamic,3149
3432,44,Female,White,US,US,4,10,aerodynamic,893
3433,25,Female,White,US,US,6,10,elegant,2235
3434,25,Female,White,US,US,5,10,stylish,3260
3435,33,Female,White,US,AS,5,10,aggressive,14160
3436,25,Female,White,US,US,5,10,aerodynamic,4079
3437,30,Male,White,AL,AF,4,10,sleek,10510
3438,30,Male,White,AL,AF,5,2,sophisticated,10477
3439,30,Male,White,AL,DZ,7,10,modern,10325
3440,32,Male,White,USA,USA,5,8,modern,2653
3441,25,Female,White,US,US,6,11,sleek,2498
3442,31,Male,White,US,US,7,11,sporty,1399
3443,38,Male,White,US,US,4,11,aggressive,7102
3444,40,Male,Black,US,US,6,10,stylish,26109
3445,30,Male,White,AX,AL,4,2,modern,10445
3446,30,Male,White,DZ,AO,5,10,dynamic,10270
3447,49,Male,White,US,United States,7,11,sophisticated,409
3448,27,Female,White,US,US,5,10,luxurious,3421
3449,30,Male,White,AX,AX,3,10,sophisticated,10656
3450,25,Female,White,US,US,6,10,dynamic,2873
3451,25,Female,White,US,US,5,10,luxurious,2522
3452,30,Male,White,AL,AL,6,10,modern,10277
3453,30,Male,White,DZ,AL,5,2,stylish,10518
3454,25,Male,White,US,US,7,10,aggressive,3312
3455,25,Male,White,US,US,5,10,modern,5439
3456,30,Male,White,AX,AF,6,10,aerodynamic,10800
3457,41,Female,White,US,US,5,8,sophisticated,10880
3458,25,Female,White,US,US,5,10,elegant,4170
3459,25,Female,White,US,US,8,10,dynamic,7221
3460,42,Male,Black,SM,MX,5,10,stylish,5228
3461,30,Male,White,US,US,7,10,dynamic,37269
3462,31,Male,White,US,US,4,11,sophisticated,5278
3463,68,Female,White,US,US,5,10,sleek,468
3464,52,Female,White,US,US,4,10,sleek,317
3465,42,Female,Other Asian,US,US,2,13,aerodynamic,234
3466,23,Male,White,AS,AS,6,10,aggressive,4526
3467,38,Female,White,US,US,6,10,sporty,633
3468,26,Female,White,US,US,5,11,dynamic,184
3469,27,Female,White,US,US,5,10,sophisticated,3600
3470,25,Female,White,US,US,8,10,sporty,7231
3471,41,Female,White,US,US,6,13,stylish,395
3472,35,Female,White,US,US,5,10,luxurious,12046
3473,25,Male,White,US,US,5,10,stylish,7181
3474,25,Female,White,US,US,7,10,luxurious,3517
3475,34,Male,White,US,US,4,9,sleek,712
3476,25,Female,White,US,US,7,10,sleek,7448
3477,30,Male,White,US,US,3,10,aerodynamic,844
3478,27,Female,White,US,US,5,10,stylish,3743
3479,42,Male,White,US,US,4,10,sleek,931
3480,25,Female,White,US,US,7,10,modern,7289
3481,25,Male,White,US,US,5,10,dynamic,5708
3482,34,Male,White,US,US,6,11,luxurious,14759
3483,39,Male,White,US,US,2,1,stylish,513
3484,28,Male,White,USA,California,3,10,sporty,4022
3485,25,Female,White,US,US,8,10,aerodynamic,7866
3486,25,Female,White,US,US,7,10,modern,3676
3487,24,Male,White,AS,AS,6,10,elegant,5162
3488,24,Female,White,US,US,6,10,stylish,2002
3489,47,Female,White,USA,usa,2,10,sleek,448
3490,25,Female,White,US,US,5,10,dynamic,3928
3491,57,Female,White,USA,USA,4,9,stylish,316
3492,33,Male,White,US,US,4,7,stylish,319
3493,64,Female,White,US,US,3,10,dynamic,7334
3494,33,Male,White,us,us,5,10,aggressive,9400
3495,37,Male,White,US,US,8,11,luxurious,1442
3496,30,Male,White,US,US,5,10,stylish,12441
3497,35,Female,White,US,US,5,10,aerodynamic,12264
3498,25,Male,White,US,US,5,10,modern,5784
3499,25,Male,White,US,US,7,10,aggressive,3803
3500,46,Male,White,US,US,2,10,stylish,420
3501,25,Male,American Indian or Alaska native,AS,AS,5,11,luxurious,11938
3502,27,Female,White,US,US,5,10,sophisticated,4131
3503,30,Male,White,DZ,DZ,7,10,stylish,11152
3504,25,Female,White,US,US,6,10,sleek,2311
3505,35,Female,Filipino,US,US,5,10,sporty,513
3506,28,Male,White,USA,CALIFORNIA,3,10,aggressive,1844
3507,30,Male,White,DZ,AS,4,2,sophisticated,11024
3508,30,Male,White,AL,DZ,8,10,sleek,11172
3509,36,Male,White,US,US,8,11,elegant,270
3510,25,Female,White,US,US,5,10,luxurious,389
3511,33,Male,White,us,us,7,10,dynamic,9622
3512,30,Male,White,US,US,5,11,aerodynamic,12675
3513,63,Female,White,US,US,3,6,aerodynamic,377
3514,30,Male,White,DZ,AO,7,10,aggressive,11132
3515,30,Male,White,AL,AL,4,2,modern,11103
3516,20,Male,White,US,US,5,10,sophisticated,4939
3517,48,Female,White,US,US,6,10,dynamic,8599
3518,25,Female,White,US,US,7,10,aggressive,4040
3519,25,Female,White,US,US,5,10,sophisticated,4290
3520,34,Female,White,US,US,5,10,sporty,14829
3521,24,Female,White,US,US,6,10,sophisticated,2307
3522,35,Female,White,US,US,5,10,sporty,12563
3523,33,Male,White,us,us,6,10,dynamic,9802
3524,25,Male,White,USA,USA,4,8,sporty,4399
3525,25,Male,White,US,US,7,10,sleek,4207
3526,29,Male,White,US,US,5,11,aggressive,423
3527,33,Male,White,us,us,5,10,stylish,9809
3528,42,Female,White,US,US,6,10,sophisticated,2552
3529,42,Male,White,US,US,4,10,sophisticated,552
3530,25,Female,White,US,US,5,10,sophisticated,5488
3531,34,Female,White,US,US,6,11,aggressive,204
3532,40,Male,White,US,US,5,10,sleek,27675
3533,33,Male,White,us,us,6,10,aggressive,6134
3534,24,Female,White,US,US,6,10,modern,2852
3535,30,Male,White,DZ,DZ,4,2,aerodynamic,11764
3536,30,Male,White,AX,AX,5,10,sophisticated,12518
3537,27,Female,White,USA,USA,5,11,sophisticated,4727
3538,40,Male,Asian Indian,US,US,5,8,aerodynamic,27821
3539,27,Female,White,US,US,5,10,aggressive,4569
3540,20,Male,White,US,US,5,10,aggressive,6159
3541,35,Male,White,US,US,5,10,sophisticated,12961
3542,40,Female,White,US,US,4,10,dynamic,27774
3543,54,Male,White,US,US,4,6,elegant,282
3544,25,Female,White,US,US,7,10,luxurious,2276
3545,42,Female,White,US,US,5,10,sleek,2597
3546,37,Female,White,US,US,5,10,sophisticated,3001
3547,26,Female,White,US,US,5,10,sleek,4692
3548,24,Female,White,US,US,6,10,elegant,2932
3549,69,Female,White,US,US,8,11,sophisticated,2600
3550,40,Male,White,US,US,5,10,sophisticated,27943
3551,45,Male,White,US,US,7,11,dynamic,4171
3552,29,Female,White,USA,USA,4,9,sophisticated,444
3553,25,Female,White,US,US,7,10,aggressive,9135
3554,25,Female,White,US,US,8,10,aerodynamic,8999
3555,45,Male,Prefer not to answer,USA,USA,4,10,sporty,17986
3556,54,Male,White,US,US,4,10,sleek,203
3557,65,Male,Black,US,US,6,10,sleek,467
3558,73,Male,White,US,US,3,6,sleek,549
3559,40,Female,White,US,US,5,10,dynamic,28123
3560,23,Female,White,US,US,2,6,modern,308
3561,48,Female,White,US,US,2,9,stylish,378
3562,62,Female,White,US,US,6,10,aggressive,646
3563,28,Male,White,BQ,california,3,10,luxurious,364
3564,25,Female,White,US,US,7,10,modern,2648
3565,38,Male,White,US,US,5,10,elegant,351
3566,25,Female,White,US,US,6,10,aggressive,3334
3567,41,Female,Asian Indian,US,US,5,10,sophisticated,28441
3568,30,Male,White,US,US,5,10,aerodynamic,3500
3569,27,Female,White,US,US,5,10,sporty,4753
3570,40,Male,Black,US,US,5,10,sleek,28550
3571,25,Female,White,US,US,8,10,sporty,9423
3572,39,Male,Black,US,US,5,10,aerodynamic,566
3573,35,Male,White,US,US,5,10,elegant,3099
3574,25,Male,White,US,US,5,10,sophisticated,613
3575,25,Female,White,US,US,8,10,elegant,8826
3576,72,Male,White,US,US,5,8,modern,634
3577,28,Female,White,USA,USA,4,10,dynamic,5680
3578,53,Male,White,US,US,9,12,aggressive,7507
3579,55,Female,White,US,US,8,11,modern,3010
3580,25,Male,White,US,US,7,8,elegant,2424
3581,25,Female,White,US,US,6,10,luxurious,9316
3582,25,Female,White,US,US,6,10,elegant,5530
3583,25,Male,White,US,US,7,10,aerodynamic,2909
3584,39,Male,White,US,US,8,11,modern,289
3585,40,Female,Black,US,US,5,10,aerodynamic,28750
3586,25,Female,White,US,US,6,10,sophisticated,3384
3587,36,Female,Black,US,US,5,10,sporty,745
3588,51,Male,White,US,US,5,10,aggressive,3873
3589,25,Female,White,US,US,4,10,stylish,5809
3590,25,Female,White,US,US,7,10,sophisticated,9745
3591,25,Female,White,US,US,5,10,elegant,4978
3592,54,Female,White,US,US,5,10,luxurious,565
3593,25,Female,White,US,US,8,10,aerodynamic,9191
3594,42,Male,White,US,US,5,10,sporty,773
3595,25,Female,White,US,US,7,10,stylish,9695
3596,40,Female,Asian Indian,US,US,4,10,stylish,28668
3597,25,Female,White,US,US,7,10,stylish,9745
3598,64,Female,White,US,US,4,9,sporty,300
3599,36,Female,Black,US,US,2,9,elegant,862
3600,54,Male,White,US,US,5,10,aerodynamic,3511
3601,30,Male,White,United States,United States,3,6,elegant,605
3602,25,Female,White,US,US,8,10,dynamic,8547
3603,40,Female,White,US,US,4,7,luxurious,367
3604,25,Female,White,US,US,6,10,sporty,5640
3605,25,Female,White,US,US,7,10,stylish,3172
3606,53,Male,White,US,US,4,10,modern,6076
3607,25,Female,White,US,US,6,10,elegant,3864
3608,27,Female,White,US,US,5,10,dynamic,5172
3609,44,Female,White,US,US,4,10,stylish,1914
3610,40,Male,Japanese,US,US,5,11,dynamic,28626
3611,50,Male,White,US,US,6,10,luxurious,4329
3612,25,Female,White,US,US,7,10,sophisticated,8621
3613,56,Male,White,US,US,3,7,elegant,937
3614,25,Female,White,US,US,7,10,sophisticated,10282
3615,37,Female,White,US,US,8,11,aerodynamic,3661
3616,58,Male,White,US,US,4,8,aggressive,391
3617,33,Male,Black,US,US,5,7,dynamic,786
3618,40,Female,White,US,US,5,8,aggressive,28854
3619,25,Female,White,US,US,7,10,dynamic,3333
3620,25,Female,White,US,US,5,10,aerodynamic,5212
3621,64,Male,White,US,US,4,10,dynamic,6373
3622,50,Female,White,US,US,5,10,modern,3022
3623,25,Female,White,US,US,6,10,sleek,4055
3624,45,Female,White,USA,USA,4,7,aerodynamic,1011
3625,48,Female,Other race,US,US,4,7,elegant,2045
3626,41,Female,White,US,US,5,10,stylish,29196
3627,32,Male,White,US,US,8,11,sophisticated,3975
3628,22,Female,White,US,US,7,10,sophisticated,1294
3629,26,Female,White,US,US,5,10,sophisticated,6890
3630,43,Male,White,US,US,6,10,luxurious,4806
3631,29,Female,White,US,US,4,10,aerodynamic,16737
3632,41,Female,White,US,US,6,10,elegant,29320
3633,25,Female,White,US,US,7,10,sophisticated,3667
3634,45,Male,White,US,US,5,10,modern,3458
3635,40,Male,Black,US,US,4,10,modern,29471
3636,24,Female,White,US,US,6,10,dynamic,4463
3637,32,Female,White,LAS VEGAS,LAS VEGAS,4,11,stylish,1525
3638,41,Male,White,US,US,2,7,modern,616
3639,25,Female,Black,US,US,3,10,aerodynamic,324
3640,41,Male,Black,US,US,5,10,sporty,29562
3641,50,Male,White,US,US,5,10,sleek,308
3642,41,Female,White,US,US,5,10,elegant,29944
3643,29,Male,Asian Indian,USA ,USA ,9,8,elegant,371
3644,50,Female,White,US,US,8,11,stylish,4199
3645,25,Female,White,US,US,7,10,stylish,4011
3646,25,Female,White,US,US,6,10,aggressive,4542
3647,41,Male,Asian Indian,US,US,4,10,aggressive,29983
3648,29,Male,White,US,US,8,10,elegant,966
3649,38,Male,White,US,US,6,10,elegant,5335
3650,41,Female,Asian Indian,US,US,5,10,sophisticated,30032
3651,41,Male,White,US,US,5,11,sleek,30130
3652,40,Male,Black,US,US,4,10,sporty,30131
3653,41,Female,White,US,US,5,8,stylish,30171
3654,25,Female,White,US,US,6,10,stylish,4921
3655,40,Female,White,US,US,3,10,sophisticated,428
3656,39,Male,White,US,US,5,9,sophisticated,364
3657,40,Female,Black,US,US,5,11,stylish,30198
3658,37,Female,White,US,US,5,10,luxurious,5865
3659,30,Male,White,us,us,6,10,aggressive,2122
3660,40,Female,White,US,US,4,11,elegant,30311
3661,51,Male,White,US,US,4,10,sleek,1057
3662,57,Male,White,US,US,5,9,aerodynamic,595
3663,41,Female,White,US,US,4,11,aerodynamic,30334
3664,34,Female,White,US,US,7,11,aerodynamic,417
3665,30,Male,White,us,us,6,11,luxurious,2250
3666,45,Female,White,US,US ,6,8,dynamic,517
3667,25,Female,White,US,US,7,10,sporty,4466
3668,35,Male,White,US,US,5,10,luxurious,3314
3669,55,Male,White,US,US,6,10,sophisticated,412
3670,25,Female,White,US,US,6,10,dynamic,5003
3671,42,Male,White,US,US,3,10,modern,2889
3672,49,Female,White,US,US,5,11,sophisticated,661
3673,30,Male,White,us,us,6,11,modern,2363
3674,26,Female,White,US,US,6,11,sporty,413
3675,38,Male,White,US,US,5,10,aerodynamic,1285
3676,30,Male,White,us,us,6,11,modern,2533
3677,50,Female,White,US,US,6,10,dynamic,6112
3678,36,Male,White,US,US,5,10,aerodynamic,6270
3679,30,Male,White,us,us,6,10,sporty,2649
3680,33,Female,American Indian or Alaska native,US,US,9,14,stylish,328
3681,30,Male,White,us,us,6,11,aggressive,2755
3682,24,Female,White,US,US,6,10,modern,5505
3683,35,Male,White,US,US,4,9,sleek,235
3684,30,Male,White,us,us,6,11,elegant,2884
3685,40,Female,Asian Indian,NC,NJ,5,11,aerodynamic,424
3686,36,Male,American Indian or Alaska native,CO,CO,3,10,modern,7798
3687,33,Male,White,US,US,4,10,dynamic,187
3688,35,Male,Chinese,US,US,8,11,modern,325
3689,47,Male,White,US,US,6,10,sophisticated,311
3690,55,Male,White,US,US,6,10,sporty,256
3691,50,Female,White,US,US,2,13,elegant,1061
3692,36,Male,American Indian or Alaska native,USA,USA,5,10,stylish,327
3693,35,Male,White,US,US,3,10,sporty,240
3694,24,Female,White,US,US,6,10,modern,5617
3695,30,Male,White,us,us,6,11,aerodynamic,3134
3696,29,Male,Chinese,US,US,3,10,aggressive,630
3697,30,Male,White,US,US,2,9,stylish,485
3698,39,Male,White,US,US,4,10,sporty,2638
3699,30,Male,White,us,us,6,11,sleek,3269
3700,33,Male,White,US,US,5,10,luxurious,6913
3701,38,Male,White,united states,united states,5,10,sporty,2357
3702,35,Male,White,US,US,3,10,aggressive,228
3703,51,Male,White,US,US,6,10,aerodynamic,7027
3704,35,Male,Chinese,US,US,7,11,sleek,627
3705,35,Male,Filipino,US,US,3,10,sophisticated,776
3706,30,Male,White,us ,us,6,11,sporty,3527
3707,25,Female,White,usa,usa,6,10,dynamic,14542
3708,24,Female,White,US,US,6,10,luxurious,7407
3709,28,Male,White,US,US,3,6,stylish,2729
3710,33,Male,White,US,US,9,10,dynamic,371
3711,30,Male,White,us,us,6,11,stylish,3616
3712,39,Female,American Indian or Alaska native,US,US,4,11,stylish,427
3713,23,Prefer not to answer,Prefer not to answer,US,US,9,14,modern,22163
3714,1196,Female,Asian Indian,AL,AL,6,10,modern,140
3715,61,Female,White,US,US,6,9,aerodynamic,485
3716,36,Male,White,US,US,3,10,aerodynamic,180
3717,35,Male,White,US,US,8,8,modern,159
3718,30,Male,White,us,us,6,11,stylish,3736
3719,35,Female,White,US,US,5,10,sophisticated,417
3720,45,Male,White,US,US,5,10,luxurious,7416
3721,25,Female,White,usa,usa,6,10,luxurious,14712
3722,44,Prefer not to answer,Prefer not to answer,USA,USA,9,14,sleek,22388
3723,30,Male,White,US,US,7,10,luxurious,16318
3724,23,Male,Black,US,US,4,11,stylish,551
3725,25,Female,White,usa,usa,6,10,sporty,14674
3726,30,Male,White,US,US,7,10,modern,16438
3727,30,Male,White,us,us,6,11,dynamic,3879
3728,39,Female,White,US,US,4,11,stylish,2387
3729,30,Male,White,US,US,7,10,elegant,16554
3730,50,Female,White,US,US,6,10,modern,660
3731,30,Male,White,us,us,6,11,elegant,4014
3732,47,Male,Vietnamese,United States,United States,5,10,sporty,674
3733,27,Prefer not to answer,Prefer not to answer,US,US,9,14,modern,22596
3734,39,Male,White,US,US,4,7,sophisticated,384
3735,24,Female,White,US,US,6,10,aerodynamic,8243
3736,56,Female,Other race,US,US,3,10,sleek,10800
3737,30,Male,White,us,us,6,11,aggressive,4160
3738,62,Female,Other race,US,US,6,10,sporty,277
3739,31,Male,White,US,US,7,10,stylish,683
3740,30,Male,White,us,us,6,11,modern,4262
3741,36,Male,White,US,US,6,10,elegant,7803
3742,61,Prefer not to answer,Prefer not to answer,US,US,9,14,aerodynamic,22638
3743,30,Male,White,us,us,6,11,aggressive,4355
3744,30,Female,White,US,US,6,10,stylish,333
3745,34,Female,White,US,US,4,13,aerodynamic,3138
3746,26,Prefer not to answer,Prefer not to answer,US,US,9,14,dynamic,23136
3747,30,Male,White,us,us,6,11,aggressive,4489
3748,59,Female,White,US,US,7,8,aggressive,788
3749,30,Male,White,us,us,6,11,luxurious,4558
3750,62,Female,White,US,US,6,9,aggressive,1745
3751,60,Female,White,US,US,6,10,aggressive,319
3752,47,Female,White,US,US,5,10,luxurious,6342
3753,48,Prefer not to answer,Prefer not to answer,US,US,9,14,sporty,23350
3754,29,Male,White,US,US,4,10,sporty,11893
3755,29,Male,White,US,US,4,10,aggressive,11633
3756,30,Male,White,US,US,4,10,sophisticated,11733
3757,30,Male,White,us,us,6,11,modern,4821
3758,36,Male,White,US,US,5,10,luxurious,240
3759,29,Male,White,US,US,4,10,sporty,12239
3760,34,Male,White,US,US,7,10,sleek,303
3761,46,Male,White,US,US,2,10,aerodynamic,398
3762,25,Female,White,US,US,6,10,luxurious,8940
3763,30,Male,White,us,us,6,11,aggressive,4928
3764,34,Female,Black,US,US,5,10,aerodynamic,1439
3765,30,Male,White,us,us,6,10,aerodynamic,5023
3766,37,Female,White,US,US,3,10,sophisticated,279
3767,33,Male,Black,US,US,5,10,aerodynamic,4231
3768,39,Female,White,US,US,4,8,sleek,297
3769,27,Female,White,AS,AI,5,11,luxurious,14393
3770,30,Male,White,us,us,6,11,dynamic,5188
3771,24,Female,White,US,US,6,10,elegant,9106
3772,46,Male,White,US,US,9,11,aggressive,181
3773,41,Female,White,US,US,6,10,sleek,8829
3774,67,Female,White,USA,USA,7,11,elegant,341
3775,30,Male,White,us,us,6,11,luxurious,5336
3776,27,Male,White,AM,AS,4,11,dynamic,14580
3777,49,Female,White,US,US,4,11,stylish,870
3778,30,Male,White,us,us,6,10,sophisticated,5447
3779,37,Male,White,US,US,5,13,sleek,873
3780,30,Male,White,us,us,6,10,stylish,5500
3781,39,Female,White,US,US,6,8,aerodynamic,247
3782,30,Male,White,us,us,6,10,modern,5579
3783,30,Male,White,us,us,8,10,stylish,5557
3784,27,Male,Black,AT,BM,5,11,sophisticated,15943
3785,24,Female,White,US,US,6,10,stylish,9179
3786,24,Male,Korean,US,US,2,10,sporty,304
3787,30,Male,Black,us,us,6,10,modern,5680
3788,30,Male,White,us,us,6,10,modern,5678
3789,30,Male,Black,us,us,6,10,aerodynamic,5759
3790,27,Male,White,DZ,AO,5,11,sporty,16095
3791,30,Male,White,us,us,6,11,luxurious,5813
3792,60,Male,White,US,US,8,10,sporty,277
3793,54,Female,White,US,us,5,11,modern,561
3794,30,Male,Black,us,us,5,11,aggressive,5841
3795,36,Male,White,US,US,5,10,sleek,7539
3796,30,Male,Black,us,us,6,11,stylish,5898
3797,30,Male,Black,us,us,6,10,luxurious,5939
3798,36,Male,White,US,US,7,10,sleek,320
3799,37,Female,White,US,US,5,9,sporty,300
3800,44,Female,White,US,US,4,11,luxurious,272
3801,24,Female,White,US,US,6,10,sophisticated,9275
3802,30,Male,White,us,us,6,11,modern,6003
3803,35,Female,White,US,US,5,10,sophisticated,19664
3804,30,Male,White,us,us,6,11,sporty,6134
3805,27,Female,White,AL,AS,5,11,sleek,16468
3806,30,Male,White,us,us,6,11,sporty,6190
3807,37,Male,White,US,US,5,10,modern,9717
3808,53,Male,White,US,us,7,8,sophisticated,520
3809,32,Male,White,US,US,4,10,aggressive,6220
3810,30,Male,Black,us,us,7,10,elegant,6258
3811,30,Male,White,us,us,6,11,aggressive,6305
3812,27,Male,Black,AS,AD,5,11,dynamic,16643
3813,36,Male,Black,USA,USA,4,7,dynamic,619
3814,30,Male,Black,us,us,6,10,sophisticated,6398
3815,30,Male,White,us,us,6,10,elegant,6425
3816,45,Male,White,US,US,5,10,dynamic,8063
3817,42,Female,White,US,US,5,10,modern,414
3818,27,Male,White,AL,AD,5,11,sleek,16808
3819,33,Female,White,US,US,3,10,sleek,6442
3820,30,Male,White,us,us,6,10,modern,6460
3821,30,Male,White,us,us,6,11,stylish,6538
3822,30,Male,White,us,us,6,10,sleek,6540
3823,30,Male,White,us,us,6,10,sleek,6627
3824,33,Male,White,US,US,2,10,elegant,6637
3825,53,Male,White,US,US,4,10,sleek,247
3826,30,Male,White,us,us,6,11,sleek,6682
3827,41,Male,White,USA,USA,5,7,aerodynamic,279
3828,42,Female,White,US,US,6,9,dynamic,228
3829,66,Female,Chinese,NO-ANSWER,US,5,10,dynamic,419
3830,30,Male,Black,us,us,5,10,modern,6737
3831,60,Female,White,US,US,4,13,modern,1265
3832,40,Male,White,US,US,6,10,luxurious,10304
3833,30,Male,White,us,us,6,11,dynamic,6819
3834,37,Female,White,US,US,5,10,sporty,794
3835,70,Female,White,US,US,4,6,stylish,462
3836,37,Male,White,US,US,7,11,sophisticated,398
3837,30,Male,American Indian or Alaska native,us,us,6,11,elegant,6922
3838,62,Female,White,US,US,4,10,dynamic,1506
3839,61,Male,White,US,US,7,11,aggressive,551
3840,36,Male,White,US,US,5,10,modern,423
3841,51,Male,White,US,US,2,10,modern,42083
3842,27,Male,White,AL,GT,5,11,aggressive,16260
3843,50,Female,White,US,US,5,10,modern,1094
3844,28,Male,Black,US,US,6,9,sporty,432
3845,40,Male,White,US,US,5,10,stylish,487
3846,32,Female,Black,US,US,4,10,sleek,282
3847,40,Male,White,US,US,5,10,sleek,22556
3848,45,Male,White,US,US,8,11,sleek,546
3849,27,Male,White,AM,AL,5,11,elegant,16396
3850,33,Female,White,US,US,6,11,elegant,2240
3851,61,Female,White,US,US,5,10,sophisticated,645
3852,57,Female,White,US,US,4,8,sporty,515
3853,27,Male,White,AR,AT,5,11,aggressive,16561
3854,30,Male,Black,us,us,5,10,elegant,7490
3855,63,Male,White,US,US,6,10,luxurious,10995
3856,48,Male,Chinese,US,US,5,10,sophisticated,5316
3857,42,Male,White,US,US,5,10,dynamic,9149
3858,27,Male,White,AR,AS,4,11,dynamic,16643
3859,29,Male,White,us,ca,6,11,stylish,13744
3860,56,Male,White,US,us,4,10,luxurious,379
3861,30,Male,Black,us,us,6,10,elegant,7598
3862,60,Female,White,US,US,6,11,sleek,1085
3863,30,Male,White,us,us,5,10,dynamic,7671
3864,49,Male,White,US,US,6,10,sleek,660
3865,30,Male,Black,us,us,5,10,sporty,7795
3866,49,Male,White,US,US,3,10,aerodynamic,430
3867,29,Male,White,US,TX,6,11,stylish,14271
3868,45,Male,Black,US,US,6,8,sophisticated,387
3869,30,Male,Black,us,us,4,10,sleek,7862
3870,30,Male,Black,us,us,7,10,luxurious,7975
3871,44,Male,White,US,US,5,6,modern,19008
3872,30,Male,White,us,us,6,11,luxurious,7982
3873,30,Male,White,US,US,6,10,aerodynamic,11509
3874,51,Female,Black,US,US,4,8,sophisticated,423
3875,35,Female,White,US,US,4,11,dynamic,906
3876,48,Male,White,US,US,5,10,dynamic,9775
3877,49,Female,White,US,US,3,10,luxurious,514
3878,33,Female,White,US,US,5,10,modern,412
3879,70,Female,White,US,US,4,10,aggressive,626
3880,38,Male,White,US,US,7,11,modern,283
3881,30,Male,White,us,us,6,11,sporty,8361
3882,30,Male,White,us,us,5,10,stylish,8347
3883,44,Male,White,US,US,3,7,dynamic,354
3884,56,Male,White,USA,USA,4,7,modern,376
3885,44,Female,White,US,US,4,11,sleek,6870
3886,34,Female,White,USA,USA,5,10,luxurious,430
3887,42,Male,White,US,US,4,10,dynamic,636
3888,31,Female,Other race,United States,United States,4,10,sophisticated,611
3889,30,Male,White,us,us,6,11,stylish,8413
3890,58,Female,Chinese,US,US,3,10,stylish,471
3891,62,Female,White,US,US,6,7,aerodynamic,624
3892,48,Female,Asian Indian,US,IN,4,11,sophisticated,337
3893,46,Female,Asian Indian,United States ,United States,6,10,modern,1416
3894,55,Female,Korean,US,US,6,12,dynamic,589
3895,41,Female,Black,US,US,5,8,sleek,305
3896,31,Female,White,US,US,3,9,sophisticated,596
3897,46,Female,White,US,US,7,11,stylish,364
3898,63,Female,White,US,US,5,11,luxurious,1008
3899,30,Male,White,us,us,6,11,dynamic,8865
3900,30,Male,White,us,us,6,10,sporty,8853
3901,45,Female,White,US,US,4,12,sporty,431
3902,30,Male,Black,us,us,6,10,aerodynamic,8952
3903,30,Male,White,us,us,6,11,aggressive,8959
3904,30,Male,White,us,us,6,11,stylish,9029
3905,55,Female,White,US,US,8,11,modern,387
3906,30,Male,White,us,us,6,11,modern,9358
3907,57,Male,White,US,US,5,11,sophisticated,425
3908,44,Male,White,US,US,4,10,luxurious,358
3909,30,Male,White,us,us,6,11,modern,9463
3910,55,Male,White,US,US,6,10,sophisticated,278
3911,65,Female,White,US,US,3,10,dynamic,374
3912,60,Male,White,US,US,3,10,aerodynamic,525
3913,29,Male,White,US,US,4,10,aerodynamic,16139
3914,41,Female,White,US,fl,3,9,elegant,758
3915,30,Male,White,us,us,6,11,stylish,9566
3916,33,Male,White,US,US,5,10,aggressive,2141
3917,41,Female,White,US,US,5,9,aerodynamic,326
3918,30,Male,Black,us,us,6,11,elegant,9671
3919,32,Female,White,US,US,2,8,dynamic,745
3920,51,Male,White,US,US,4,11,elegant,316
3921,30,Male,White,us,us,6,10,aerodynamic,9836
3922,70,Male,White,US,US,7,11,dynamic,590
3923,47,Male,Other Asian,US,US,3,6,aggressive,350
3924,30,Male,Black,us,us,5,10,sophisticated,9920
3925,25,Male,White,US,US,5,10,sophisticated,3503
3926,44,Female,White,US,US,9,10,aggressive,316
3927,30,Male,White,us,us,6,10,stylish,10001
3928,30,Male,White,us,us,5,10,aggressive,10081
3929,30,Male,Prefer not to answer,us,us,5,10,luxurious,10159
3930,28,Male,Chinese,US,US,6,11,sporty,266
3931,38,Prefer not to answer,Prefer not to answer,US,US,1,14,stylish,1648
3932,30,Male,Other Pacific Islander,us,us,6,10,modern,10240
3933,38,Male,Black,US,US,3,7,sophisticated,416
3934,27,Female,Black,US,US,4,10,sleek,343
3935,56,Male,White,US,US,4,8,dynamic,393
3936,46,Female,White,United States ,United States ,3,6,luxurious,879
3937,36,Female,White,US,US,3,8,luxurious,485
3938,25,Male,White,US,US,5,11,aggressive,4129
3939,49,Male,White,US,US,7,10,aerodynamic,607
3940,43,Male,Filipino,US,US,6,11,dynamic,565
3941,33,Male,White,usa,usa,4,10,aerodynamic,17110
3942,32,Male,Filipino,US,US,9,10,modern,354
3943,28,Male,White,usa,usa,4,11,modern,17227
3944,72,Male,White,US,US,3,9,aggressive,1014
3945,33,Male,White,usa,usa,5,11,sophisticated,17312
3946,27,Female,White,IN,IN,4,13,elegant,609
3947,54,Male,White,US,US,8,11,aerodynamic,420
3948,58,Male,White,US,US,7,8,sophisticated,543
3949,34,Female,White,usa,usa,5,13,aerodynamic,17348
3950,63,Male,White,US,US,3,4,modern,876
3951,31,Male,White,usa,usa,5,11,sophisticated,17340
3952,35,Female,White,US,US,5,11,aerodynamic,325
3953,33,Female,Asian Indian,US,IN,5,11,elegant,570
3954,25,Male,White,US,US,5,10,sleek,2760
3955,28,Male,White,US,US,6,11,aggressive,305
3956,31,Male,White,usa,usa,4,10,luxurious,17417
3957,35,Male,White,US,US,6,10,modern,335
3958,31,Male,White,usa,usa,5,10,stylish,17474
3959,29,Female,American Indian or Alaska native,US,US,4,11,elegant,321
3960,31,Male,Japanese,US,US,7,12,stylish,731
3961,24,Male,White,US,US,4,7,sporty,378
3962,32,Male,White,usa,usa,4,11,stylish,17553
3963,25,Male,White,US,US,5,11,sleek,2423
3964,78,Female,White,US,US,4,11,modern,700
3965,59,Male,White,US,US,4,10,aerodynamic,20901
3966,53,Male,White,US,US,4,7,sporty,398
3967,47,Female,Black,US,US,4,10,stylish,421
3968,30,Male,White,US,US,7,10,stylish,416
3969,45,Prefer not to answer,White,US,US,2,5,stylish,317
3970,37,Female,White,US,US,3,11,luxurious,674
3971,27,Male,White,US,US,6,11,sporty,662
3972,36,Male,White,US,US,4,9,sleek,519
3973,32,Male,White,US,US,5,10,dynamic,770
3974,26,Male,White,US,US,6,8,aggressive,200
3975,40,Female,White,US,US,5,6,aggressive,479
3976,32,Male,Japanese,US,US,4,9,sporty,980
3977,57,Female,White,US,US,3,6,sophisticated,483
3978,31,Male,White,US,US,4,10,aerodynamic,740
3979,28,Male,White,US,US,3,10,dynamic,1103
3980,41,Female,White,US,US,5,11,modern,738
3981,53,Female,White,US,US,1,7,stylish,408
3982,54,Female,White,US,US,4,11,sophisticated,470
3983,68,Female,White,US,US,3,9,aggressive,362
3984,53,Male,White,US,US,8,10,sophisticated,254
3985,45,Female,White,US,US,6,11,stylish,675
3986,52,Female,White,US,US,4,8,luxurious,1047
3987,34,Female,White,US,US,4,10,luxurious,369
3988,71,Male,White,US,US,4,10,luxurious,750
3989,31,Male,White,US,US,6,10,aggressive,295
3990,41,Female,White,US,US,4,9,sporty,538
3991,50,Male,White,US,US,5,10,aerodynamic,4709
3992,38,Female,Black,US,US,5,10,elegant,1091
3993,37,Female,White,US,US,3,6,sophisticated,424
3994,76,Female,White,US,US,3,10,sleek,393
3995,61,Female,White,US,US,3,7,sophisticated,552
3996,69,Male,White,US,US,5,10,elegant,3502
3997,47,Male,American Indian or Alaska native,US,US,5,11,sophisticated,10141
3998,18,Female,White,US,US,4,7,aerodynamic,2116
3999,48,Female,White,US,US,6,11,elegant,486
4000,49,Male,White,US,US,6,10,sporty,338
4001,41,Female,White,US,US,3,10,stylish,241
4002,22,Female,Japanese,US,US,4,10,sleek,164
4003,55,Male,White,US,US,6,6,elegant,764
4004,56,Male,White,US,US,5,10,elegant,388
4005,34,Female,White,US,US,4,10,sporty,554
4006,62,Female,White,United States,US,5,9,sporty,304
4007,40,Female,White,US,US,7,11,sophisticated,306
4008,31,Female,White,usa,usa,2,9,stylish,625
4009,33,Female,Black,US,US,6,12,dynamic,512
4010,43,Female,Filipino,USA,USA,3,10,aggressive,4761
4011,47,Female,Black,USA ,US,3,5,aerodynamic,582
4012,45,Male,White,US,US,5,8,aerodynamic,322
4013,27,Male,Chinese,US,US,5,9,dynamic,5923
4014,42,Female,White,US,US,5,10,aerodynamic,11308
4015,24,Female,Prefer not to answer,US,US,3,6,sophisticated,723
4016,41,Male,Filipino,US,US,6,10,dynamic,793
4017,62,Female,White,US,US,5,11,aerodynamic,460
4018,26,Male,White,US,US,4,8,sophisticated,291
4019,35,Female,White,US,US,4,6,luxurious,550
4020,38,Prefer not to answer,Prefer not to answer,US,US,6,6,sleek,36286
4021,23,Female,Asian Indian,MD,US,6,11,dynamic,348
4022,36,Female,White,US,US,5,10,dynamic,419
4023,60,Male,White,US,US,6,10,elegant,421
4024,28,Male,White,US,US,4,10,modern,318
4025,40,Male,White,US,US,7,10,elegant,247
4026,31,Female,White,US,US,4,7,luxurious,709
4027,58,Female,White,US,US,4,7,sleek,292
4028,35,Male,Filipino,US,PH,4,7,aggressive,717
4029,43,Male,White,US,US,3,6,dynamic,353
4030,61,Male,Prefer not to answer,United States,United States,3,10,elegant,418
4031,39,Male,White,US,US,5,10,stylish,33172
4032,29,Male,White,US,US,5,10,sophisticated,773
4033,48,Female,White,US,US,5,11,dynamic,450
4034,40,Female,White,US,US,7,11,stylish,1219
4035,58,Female,White,US,US,4,6,sophisticated,559
4036,58,Female,White,US,US,8,11,aggressive,407
4037,61,Female,White,US,US,4,9,sleek,449
4038,39,Female,White,US,US,5,10,luxurious,6913
4039,54,Female,White,US,US,2,11,aggressive,405
4040,39,Female,White,US,US,4,9,stylish,443
4041,50,Male,White,US,US,1,10,aggressive,320
4042,47,Male,White,US,US,2,8,modern,468
4043,39,Male,White,US,US,5,10,elegant,33943
4044,37,Female,Native Hawaiian,US,US,7,8,sleek,251
4045,37,Male,White,USA,USA,2,9,aerodynamic,612
4046,69,Male,White,US,US,8,11,sporty,2243
4047,36,Female,White,US,US,2,8,stylish,335
4048,70,Male,White,US,US,4,9,sophisticated,496
4049,34,Female,White,US,US,6,10,dynamic,1004
4050,31,Male,White,US,US,6,10,modern,314
4051,21,Female,White,US,US,3,7,dynamic,301
4052,31,Male,White,US,US,6,10,elegant,172
4053,46,Male,White,US,US,8,11,sophisticated,227
4054,57,Male,White,US,US,5,8,sophisticated,426
4055,50,Male,White,USA,USA,9,6,aerodynamic,347
4056,24,Female,White,US,US,5,8,modern,311
4057,25,Female,White,US,US,6,11,sporty,26515
4058,69,Female,White,US,US,4,10,aggressive,26434
4059,27,Female,White,US,US,6,11,aerodynamic,26571
4060,24,Male,White,US,US,7,11,sleek,1276
4061,59,Female,White,US,US,3,7,luxurious,807
4062,30,Male,American Indian or Alaska native,US,US,5,8,sleek,286
4063,30,Male,White,US,US,3,10,sophisticated,294
4064,23,Male,White,US,US,9,10,elegant,408
4065,35,Female,White,US,US,2,7,sleek,416
4066,22,Female,Black,US,US,5,10,elegant,174
4067,30,Male,White,US,US,3,10,modern,426
4068,57,Female,White,USA,USA,4,7,dynamic,558
4069,86,Female,White,US,US,4,8,stylish,230
4070,40,Female,White,US,US,5,6,stylish,377
4071,42,Male,White,US,us,4,8,modern,389
4072,24,Female,White,US,US,5,9,elegant,1604
4073,31,Female,Black,US,US,4,10,sophisticated,538
4074,33,Male,White,US,US,4,10,modern,475
4075,30,Female,White,US,US,3,10,dynamic,229
4076,28,Female,White,US,US,4,10,elegant,246
4077,35,Female,White,US,US,9,7,sophisticated,438
4078,46,Male,White,US,US,3,7,sophisticated,685
4079,60,Female,White,US,US,4,10,dynamic,330
4080,37,Male,White,US,US,6,11,sleek,452
4081,34,Male,White,US,DE,5,10,sporty,383
4082,34,Male,White,US,US,6,11,stylish,254
4083,27,Female,White,US,US,2,10,sporty,224
4084,25,Male,White,USA,USA,5,10,aerodynamic,3524
4085,41,Female,White,US,US,7,10,stylish,472
4086,27,Female,Chinese,US,US,6,10,aggressive,259
4087,43,Female,White,US,US,7,6,elegant,216
4088,31,Female,White,US,US,4,11,aerodynamic,308
4089,40,Male,Black,US,US,9,10,sleek,502
4090,62,Female,White,US,US,4,7,aerodynamic,385
4091,30,Male,White,USA,USA,4,10,elegant,37221
4092,42,Male,White,US,US,5,11,sleek,205
4093,25,Female,White,US,US,9,14,sleek,270
4094,35,Male,White,USA,USA,5,10,dynamic,4304
4095,30,Male,White,USA,USA,4,10,sporty,37301
4096,30,Male,White,USA,USA,4,10,luxurious,37457
4097,29,Male,White,USA,USA,5,10,modern,4546
4098,46,Non-binary,White,United States,United States,4,7,aerodynamic,244
4099,58,Male,White,US,US,8,12,stylish,389
4100,40,Female,White,US,US,4,11,sophisticated,287
4101,39,Male,White,US,US,4,10,sleek,769
4102,29,Female,White,US,US,5,10,aerodynamic,483
4103,59,Female,White,US,US,4,7,sleek,757
4104,33,Female,White,USA,USA,5,11,elegant,4965
4105,46,Male,White,US,US,8,10,dynamic,487
4106,28,Male,Vietnamese,US,US,4,10,aerodynamic,11171
4107,30,Male,Black,US,US,3,8,aggressive,707
4108,22,Male,White,US,US,4,8,elegant,277
4109,53,Female,White,United States ,United States ,7,9,aggressive,593
4110,21,Male,White,US,US,2,7,modern,246
4111,43,Female,White,US,US,6,6,luxurious,310
4112,47,Male,White,US,US,6,10,luxurious,1010
4113,37,Female,Other Pacific Islander,usa,usa,8,11,dynamic,448
4114,47,Female,White,US,US,4,10,dynamic,623
4115,28,Male,White,US,US,4,10,modern,749
4116,39,Female,White,US,US,5,11,modern,289
4117,32,Female,White,AR,AR,4,6,dynamic,456
4118,36,Male,White,US,US,2,8,sporty,1563
4119,60,Female,Black,US,US,5,10,sleek,2823
4120,35,Male,White,USA,USA,6,10,luxurious,168
4121,47,Male,Other race,US,US,3,5,aggressive,321
4122,53,Female,Black,US,US,2,10,sophisticated,487
4123,63,Male,White,US,US,8,10,modern,526
4124,37,Male,White,US,US,4,10,modern,39455
4125,32,Male,White,US,EG,5,10,sporty,279
4126,30,Male,White,US,US,4,10,dynamic,576
4127,53,Male,White,US,US,7,9,luxurious,594
4128,59,Female,White,US,US,5,10,modern,275
4129,58,Male,White,US,US,3,8,elegant,494
4130,34,Male,White,USA,USA,5,12,sleek,274
4131,41,Female,White,USA,USA,2,7,stylish,455
4132,62,Female,White,US,US,5,9,modern,424
4133,25,Female,White,US,US,6,10,sleek,1187
4134,36,Female,White,United States,United States,4,11,dynamic,448
4135,35,Male,White,US,US,4,10,aggressive,38498
4136,65,Female,Prefer not to answer,US,US,9,10,modern,430
4137,40,Male,Black,US,US,7,11,luxurious,490
4138,25,Female,White,US,US,4,10,sleek,428
4139,46,Female,White,US,US,5,8,dynamic,348
4140,39,Female,White,US,US,5,11,sporty,835
4141,35,Male,White,US,US,3,10,sophisticated,213
4142,28,Male,White,JP,JP,8,10,sporty,37422
4143,27,Male,White,United States ,New York ,6,13,sporty,1213
4144,26,Female,White,US,US,3,11,elegant,905
4145,44,Female,White,US,US,3,8,sophisticated,441
4146,63,Male,White,US,US,6,10,sophisticated,474
4147,47,Female,White,US,US,4,8,dynamic,434
4148,72,Male,White,US,US,4,8,aggressive,555
4149,45,Female,White,US,US,5,8,aggressive,405
4150,37,Male,American Indian or Alaska native,co,co,3,10,stylish,31405
4151,50,Male,White,US,US,5,7,sporty,288
4152,27,Female,White,US,US,3,5,aggressive,770
4153,28,Male,White,JP,JP,8,10,stylish,158
4154,39,Male,White,US,US,4,10,modern,406
4155,40,Female,White,US,US,2,7,sleek,385
4156,42,Male,White,US,US,4,6,sleek,307
4157,38,Male,Asian Indian,US,US,8,10,sophisticated,168
4158,41,Female,White,United States,United States,3,11,luxurious,1082
4159,35,Male,White,US,US,3,10,elegant,406
4160,28,Male,White,JP,JP,8,10,dynamic,102
4161,35,Male,White,US,US,3,10,stylish,308
4162,25,Female,White,US,US,4,11,sophisticated,868
4163,37,Male,Other race,US,US,5,12,sleek,256
4164,34,Male,White,US,US,5,8,aerodynamic,458
4165,43,Male,White,US,US,3,8,luxurious,450
4166,28,Male,White,JP,JP,8,10,luxurious,103
4167,55,Female,White,US,US,4,10,sophisticated,1409
4168,35,Male,White,US,US,3,10,dynamic,282
4169,40,Male,White,US,US,6,10,elegant,359
4170,40,Male,White,US,US,5,7,sleek,16243
4171,53,Female,White,US,US,5,10,elegant,485
4172,28,Male,White,JP,JP,8,10,elegant,97
4173,25,Female,White,US,US,4,10,dynamic,216
4174,36,Male,White,US,US,3,10,stylish,245
4175,36,Male,White,US,US,4,10,modern,34611
4176,50,Male,White,US,US,3,7,elegant,620
4177,72,Female,White,US,US,7,10,sophisticated,601
4178,67,Female,White,US,US,3,8,sophisticated,588
4179,41,Female,White,US,US,4,10,stylish,981
4180,37,Male,American Indian or Alaska native,co,co,3,10,modern,33880
4181,42,Female,White,US,US,2,10,sophisticated,2066
4182,40,Male,White,US,US,5,10,sleek,31163
4183,36,Male,Chinese,US,US,9,7,dynamic,448
4184,35,Female,White,US,US,3,8,luxurious,40571
4185,28,Male,White,JP,JP,8,10,elegant,181
4186,24,Female,White,US,US,3,8,sleek,289
4187,33,Male,White,US,US,5,10,elegant,3227
4188,72,Female,White,US,US,3,11,sleek,552
4189,45,Male,Black,US,US,4,10,sporty,309
4190,33,Male,White,US,US,4,10,stylish,4292
4191,36,Male,White,NM,NM,3,10,aggressive,737
4192,46,Male,White,US,US,5,10,aggressive,458
4193,30,Male,White,AL,AL,4,11,sophisticated,34177
4194,56,Male,White,US,US,6,11,elegant,416
4195,28,Male,White,jp,JP,8,10,sporty,114
4196,42,Female,White,US,US,4,3,modern,440
4197,36,Male,White,US,US,2,7,dynamic,1207
4198,20,Female,American Indian or Alaska native,US,US,2,10,aggressive,1512
4199,37,Female,White,US,US,7,11,aggressive,505
4200,42,Male,White,US,US,8,10,dynamic,531
4201,30,Female,White,US,US,4,11,sporty,1849
4202,28,Female,White,US,US,4,7,stylish,8805
4203,34,Male,White,US,US,3,11,dynamic,37822
4204,36,Female,White,US,US,5,7,aggressive,678
4205,39,Male,White,US,US,6,7,elegant,358
4206,29,Male,White,US,US,4,10,stylish,247
4207,45,Female,Other race,US,US,4,6,elegant,930
4208,35,Female,White,US,US,4,10,aerodynamic,561
4209,34,Male,Black,US,US,2,5,modern,1707
4210,34,Male,White,US,US,3,11,stylish,38185
4211,55,Male,White,US,US,7,10,aerodynamic,285
4212,71,Female,White,US,US,5,9,aerodynamic,15874
4213,37,Male,White,CA,CA,4,10,modern,1238
4214,37,Male,American Indian or Alaska native,co,co,3,10,dynamic,37049
4215,35,Male,White,US,US,6,10,aggressive,394
4216,44,Female,White,US,US,6,10,sophisticated,613
4217,60,Male,White,US,US,4,7,sporty,374
4218,27,Female,Black,US,US,5,10,dynamic,1678
4219,57,Male,Black,US,US,7,10,dynamic,1723
4220,29,Male,White,usa,usa,2,5,sporty,468
4221,35,Male,White,AZ,AZ,3,10,sporty,492
4222,52,Male,Black,US,US,4,9,aggressive,347
4223,54,Male,Black,USA,USA,3,7,sleek,372
4224,66,Female,White,US,US,8,7,sophisticated,329
4225,27,Female,White,USA,USA ,6,10,luxurious,360
4226,32,Male,White,US,US,3,10,dynamic,33028
4227,46,Male,White,US,US,5,6,sophisticated,473
4228,39,Female,Asian Indian,USA,USA,3,10,dynamic,433
4229,43,Female,Black,US,US,6,11,sporty,544
4230,55,Female,White,United States,United States ,5,10,aerodynamic,34660
4231,40,Male,Black,US,US,2,8,aerodynamic,407
4232,57,Female,White,US,US,3,8,dynamic,375
4233,26,Male,White,CA,US,6,10,sporty,657
4234,39,Male,White, KENSINGTON DR,KENSINGTON,3,9,luxurious,751
4235,35,Female,White,US,US,3,10,aerodynamic,508
4236,47,Male,Prefer not to answer,US,US,9,9,aggressive,565
4237,33,Female,Black,US,US,4,11,aerodynamic,398
4238,33,Female,White,US,US,3,10,aggressive,1056
4239,43,Female,White,US,US,5,13,luxurious,1171
4240,48,Male,White,US,US,7,10,dynamic,787
4241,34,Female,Black,US,US,4,11,aerodynamic,1221
4242,36,Male,American Indian or Alaska native,co,co,3,10,aerodynamic,41242
4243,40,Male,White,US,US,3,10,elegant,1492
4244,33,Male,Black,US,US,6,12,modern,1613
4245,34,Female,Black,US,US,4,11,elegant,1838
4246,45,Male,Black,US,US,6,12,sporty,1842
4247,48,Male,Black,US,US,4,11,luxurious,1882
4248,46,Female,White,US,US,5,13,stylish,1942
4249,47,Male,White,US,US,5,13,aggressive,1985
4250,46,Male,White,US,US,5,13,dynamic,1888
4251,35,Male,Black,US,US,4,11,aggressive,2078
4252,30,Male,White,AS,AS,4,13,sleek,22543
4253,37,Male,Black,US,US,4,11,elegant,2151
4254,31,Male,Black,US,US,4,11,sleek,2139
4255,39,Male,Chinese,US,US,6,10,dynamic,232
4256,48,Female,Black,US,US,6,12,sleek,2121
4257,46,Male,Black,US,US,4,11,dynamic,1779
4258,35,Female,Black,US,US,4,11,modern,2145
4259,38,Female,White,US,US,5,8,aggressive,281
4260,46,Male,Black,US,US,6,12,luxurious,2282
4261,42,Female,White,US,US,5,13,aggressive,2370
4262,37,Female,White,US,US,3,10,modern,1964
4263,44,Male,White,US,US,3,10,sporty,523
4264,38,Female,White,US,US,3,10,modern,1952
4265,36,Male,White,US,US,3,10,aerodynamic,2062
4266,31,Female,Black,US,US,4,11,stylish,2465
4267,35,Female,White,US,US,3,10,sleek,2417
4268,48,Female,Black,US,US,6,12,stylish,2248
4269,40,Male,White,US,US,5,13,aggressive,2489
4270,37,Female,Black,US,US,4,11,stylish,2558
4271,31,Female,White,US,US,3,10,sporty,2259
4272,41,Female,Black,US,US,4,11,luxurious,2547
4273,30,Male,White,us,us,7,10,dynamic,36801
4274,38,Female,Black,US,US,6,12,sophisticated,2684
4275,33,Male,White,US,US,5,13,aerodynamic,2568
4276,38,Female,White,US,US,5,13,sporty,2725
4277,70,Male,White,US,US,5,8,modern,633
4278,44,Male,White,US,US,3,10,sporty,2473
4279,33,Male,Black,US,US,7,10,sophisticated,308
4280,42,Male,White,US,US,5,13,dynamic,2760
4281,44,Female,Black,US,US,6,12,stylish,2770
4282,28,Male,Black,US,US,4,11,dynamic,2418
4283,35,Female,Black,US,US,4,11,sleek,2768
4284,30,Male,White,us,us,6,10,sophisticated,36926
4285,42,Male,Black,US,US,6,12,aerodynamic,2639
4286,33,Female,Black,US,US,6,12,elegant,2636
4287,29,Male,White,US,US,5,13,modern,2257
4288,28,Female,Black,US,US,6,12,aggressive,2443
4289,36,Female,Black,US,US,6,12,sporty,2738
4290,30,Male,White,USA,USA,5,9,sporty,1201
4291,74,Male,White,CU,CU,3,10,modern,471
4292,32,Female,White,US,US,3,10,sporty,2870
4293,37,Male,White,US,US,5,13,aggressive,2751
4294,28,Male,White,US,US,3,10,aerodynamic,2542
4295,41,Male,White,US,US,5,13,aerodynamic,2699
4296,42,Female,White,US,US,3,10,luxurious,2617
4297,40,Female,Black,US,US,6,12,sleek,2545
4298,38,Female,Black,US,US,4,11,aerodynamic,2937
4299,28,Female,White,US,US,5,13,aggressive,2531
4300,30,Male,White,usa,usa,4,9,aerodynamic,2079
4301,46,Female,Black,US,US,6,12,sporty,2604
4302,44,Female,White,US,US,5,13,luxurious,3001
4303,37,Male,White,US,US,3,10,stylish,2579
4304,40,Female,Black,US,US,4,11,dynamic,3043
4305,47,Male,White,US,US,5,13,dynamic,2620
4306,34,Female,White,US,US,3,10,sophisticated,2894
4307,31,Female,Black,US,US,4,11,stylish,3113
4308,38,Female,White,US,US,5,13,dynamic,3180
4309,42,Female,White,US,US,3,10,luxurious,2630
4310,35,Male,White,US,US,3,10,sleek,3202
4311,33,Male,Black,US,US,6,12,sporty,2914
4312,28,Female,White,US,US,3,10,sophisticated,2772
4313,21,Male,White,NO-ANSWER,NO-ANSWER,4,9,sophisticated,395
4314,30,Female,Japanese,US,US,6,10,stylish,608
4315,45,Male,Black,US,US,6,12,aerodynamic,2830
4316,36,Male,White,US,US,5,13,sleek,2869
4317,41,Female,Black,US,US,4,11,sophisticated,3386
4318,49,Male,White,United States ,United States ,3,9,aerodynamic,420
4319,47,Female,White,US,US,3,10,elegant,3380
4320,46,Female,White,US,US,3,10,sleek,3229
4321,47,Male,Black,US,US,6,12,sporty,3481
4322,44,Female,White,US,US,5,13,modern,3231
4323,48,Female,White,US,US,5,13,stylish,3588
4324,21,Male,White,NO-ANSWER,NO-ANSWER,4,9,luxurious,312
4325,45,Male,Black,US,US,5,10,stylish,1538
4326,27,Female,Prefer not to answer,HI,HI,2,10,sophisticated,1015
4327,28,Female,Black,US,US,4,11,dynamic,3313
4328,40,Male,White,US,US,3,10,aggressive,3673
4329,34,Female,White,US,US,2,9,aggressive,605
4330,37,Female,Black,US,US,4,11,sophisticated,3284
4331,47,Male,White,US,US,3,10,dynamic,3738
4332,34,Male,Black,US,US,6,12,modern,3307
4333,36,Female,White,US,US,3,10,aerodynamic,3551
4334,30,Male,White,US,US,5,13,modern,3457
4335,29,Male,White,US,US,3,10,aerodynamic,3140
4336,37,Female,Black,US,US,4,11,aerodynamic,3451
4337,20,Female,White,US,US,5,7,stylish,8493
4338,30,Male,Black,US,US,6,12,sporty,3642
4339,40,Female,White,US,US,5,13,aerodynamic,3789
4340,37,Male,White,US,US,3,10,elegant,3586
4341,29,Male,Black,US,US,4,11,sleek,4012
4342,32,Female,White,US,US,3,10,modern,3675
4343,39,Male,Black,US,US,6,12,stylish,4065
4344,34,Male,White,US,US,3,10,luxurious,3708
4345,41,Male,White,US,US,3,10,dynamic,3548
4346,47,Male,White,US,US,5,13,sleek,3755
4347,46,Female,White,US,US,3,10,aggressive,4129
4348,33,Male,Black,US,US,6,12,luxurious,3822
4349,30,Female,American Indian or Alaska native,US,US,5,10,aggressive,711
4350,41,Female,White,US,US,5,13,sophisticated,3858
4351,36,Female,Black,US,US,6,12,modern,4180
4352,40,Male,Black,US,US,6,12,aggressive,4217
4353,34,Male,White,US,US,3,11,luxurious,7073
4354,33,Female,White,US,US,5,13,sleek,4108
4355,31,Female,Black,US,US,6,12,sophisticated,4118
4356,53,Male,White,US,US,3,10,elegant,25408
4357,38,Male,Black,US,US,6,12,sleek,4123
4358,37,Female,White,US,US,5,13,aggressive,4007
4359,39,Female,White,US,US,3,10,luxurious,4023
4360,42,Male,Black,US,US,4,11,aerodynamic,4115
4361,48,Female,White,US,US,5,13,dynamic,4414
4362,33,Male,White,US,US,3,10,sporty,4041
4363,32,Female,Black,US,US,6,12,sophisticated,4428
4364,47,Male,Black,US,US,4,11,luxurious,4423
4365,37,Female,Black,US,US,6,12,dynamic,4409
4366,30,Female,American Indian or Alaska native,US,US,4,6,aerodynamic,1086
4367,28,Female,White,US,US,3,10,aerodynamic,4453
4368,37,Male,Black,US,US,4,11,sporty,4377
4369,30,Female,White,US,US,5,13,sophisticated,4293
4370,34,Male,White,US,US,3,10,sophisticated,4496
4371,35,Male,White,US,US,5,13,aerodynamic,4558
4372,40,Female,White,US,US,7,11,luxurious,21497
4373,33,Female,Black,US,US,4,11,dynamic,4261
4374,41,Female,White,US,US,3,10,luxurious,4260
4375,48,Male,Black,US,US,6,12,aggressive,4610
4376,36,Male,White,US,US,5,13,elegant,4566
4377,45,Male,White,US,US,5,13,aerodynamic,4544
4378,29,Female,Black,US,US,4,11,stylish,4645
4379,44,Male,White,FI,FI,4,10,luxurious,18679
4380,31,Male,White,US,US,5,13,sporty,4652
4381,34,Female,White,US,US,3,10,sophisticated,4677
4382,63,Male,American Indian or Alaska native,US,US,5,10,sleek,1098
4383,60,Male,White,US,US,4,10,sleek,39524
4384,38,Female,Black,US,US,4,11,elegant,4332
4385,30,Male,White,AS,AS,4,11,elegant,337
4386,39,Female,White,US,US,3,10,elegant,4283
4387,35,Male,Black,US,US,6,12,dynamic,4539
4388,38,Female,Black,US,US,4,11,dynamic,4401
4389,45,Female,White,US,US,5,13,modern,4715
4390,35,Female,White,US,US,5,13,stylish,4772
4391,39,Male,White,US,US,3,10,dynamic,4811
4392,24,Male,White,US,US,2,6,luxurious,356
4393,38,Male,Black,US,US,4,11,luxurious,4841
4394,48,Female,White,US,US,3,10,sporty,4491
4395,37,Male,Black,US,US,6,12,elegant,4510
4396,36,Female,White,US,US,5,13,aggressive,4709
4397,43,Male,White,US,US,5,13,aerodynamic,4272
4398,39,Male,Black,US,US,6,12,elegant,4874
4399,40,Female,White,US,US,5,13,elegant,4536
4400,35,Female,Black,US,US,6,12,dynamic,4679
4401,45,Female,Black,US,US,4,11,luxurious,4560
4402,27,Female,White,US,NO-ANSWER,2,6,aerodynamic,395
4403,48,Female,White,US,US,3,10,sporty,4623
4404,41,Female,Black,US,US,6,12,sophisticated,4610
4405,33,Female,White,US,US,5,13,dynamic,4945
4406,35,Female,White,US,US,5,13,aggressive,4669
4407,40,Male,Filipino,US,US,7,10,modern,407
4408,30,Male,White,US,US,3,10,stylish,4977
4409,45,Male,White,US,US,3,10,aggressive,4978
4410,35,Female,White,US,US,5,13,sporty,4842
4411,31,Male,White,US,US,3,10,sophisticated,4598
4412,43,Male,Chinese,US,US,5,10,luxurious,3353
4413,30,Male,Black,US,US,4,11,luxurious,4993
4414,43,Male,Black,US,US,6,12,stylish,5031
4415,47,Female,White,US,US,3,10,modern,4916
4416,37,Male,Black,US,US,6,12,sleek,4785
4417,38,Male,Black,US,US,4,11,modern,4719
4418,30,Male,Black,US,US,4,11,elegant,5080
4419,32,Male,Black,US,US,6,12,luxurious,5099
4420,37,Female,White,US,US,3,10,aggressive,4748
4421,46,Female,Black,US,US,4,11,sophisticated,4996
4422,30,Male,White,AR,AR,5,12,stylish,736
4423,44,Female,White,US,US,3,10,dynamic,5048
4424,64,Male,White,US,US,4,10,sleek,1636
4425,46,Female,Black,US,US,4,11,sleek,5090
4426,43,Female,Black,US,US,6,12,elegant,5071
4427,38,Female,White,US,US,3,10,sleek,5052
4428,36,Female,White,US,US,5,13,aggressive,4741
4429,47,Female,Black,US,US,6,12,luxurious,5225
4430,36,Female,White,US,US,2,7,aggressive,315
4431,35,Male,White,US,US,5,13,aerodynamic,5081
4432,35,Female,Black,US,US,4,11,aerodynamic,5102
4433,42,Male,White,US,US,3,10,modern,4873
4434,39,Female,White,US,US,5,13,elegant,5036
4435,39,Male,Black,US,US,4,11,aggressive,4933
4436,47,Female,Black,US,US,6,12,aggressive,5300
4437,40,Male,White,US,US,3,10,modern,4949
4438,45,Female,Black,US,US,4,11,elegant,5284
4439,29,Male,Black,US,US,6,12,modern,5316
4440,40,Male,Black,US,US,6,12,luxurious,5312
4441,48,Female,Black,US,US,4,11,dynamic,5206
4442,34,Female,White,US,US,5,13,modern,5225
4443,44,Male,White,US,US,3,10,stylish,5365
4444,46,Female,Black,US,US,6,12,luxurious,5375
4445,40,Female,White,US,US,4,6,sophisticated,740
4446,32,Female,White,US,US,5,13,sophisticated,5229
4447,25,Female,Black,Georgia,Georgia,6,13,sporty,979
4448,29,Female,Black,US,US,4,11,dynamic,5394
4449,32,Male,Black,US,US,6,12,aerodynamic,5333
4450,35,Female,White,US,US,5,13,dynamic,4980
4451,41,Male,Black,US,US,4,11,aerodynamic,4996
4452,43,Male,White,US,US,3,10,sporty,5467
4453,33,Male,Black,US,US,4,11,sporty,5480
4454,35,Female,White,USA,USA,6,8,aggressive,3011
4455,44,Male,White,US,US,5,13,dynamic,5043
4456,43,Male,White,US,US,3,10,aerodynamic,4800
4457,63,Male,American Indian or Alaska native,US,US,2,10,stylish,10126
4458,35,Female,White,US,US,5,13,aggressive,5311
4459,59,Female,Black,US,US,3,8,dynamic,729
4460,29,Female,White,US,US,3,10,luxurious,5382
4461,47,Male,Black,US,US,6,12,elegant,5553
4462,35,Male,Black,US,US,6,12,sporty,5403
4463,29,Female,White,US,US,5,13,aerodynamic,5186
4464,31,Female,Black,US,US,4,11,sophisticated,5561
4465,48,Female,White,US,US,3,10,stylish,5431
4466,42,Female,White,United States,United States,4,6,sleek,429
4467,44,Female,White,US,US,5,13,aerodynamic,5608
4468,51,Female,Other race,US,US,3,10,sleek,2083
4469,41,Male,Black,US,US,6,12,sporty,5308
4470,44,Female,Black,US,US,4,11,sophisticated,5253
4471,41,Female,Black,US,US,6,12,stylish,5008
4472,47,Female,White,US,US,5,13,luxurious,5442
4473,44,Male,White,US,US,3,10,modern,5316
4474,46,Male,White,US,US,3,10,dynamic,5332
4475,48,Male,White,US,US,3,10,luxurious,5696
4476,29,Female,White,US,US,5,13,sophisticated,5392
4477,33,Male,White,US,US,4,6,sophisticated,3792
4478,44,Female,White,US,US,5,13,dynamic,5660
4479,40,Female,White,US,US,7,11,modern,22639
4480,35,Female,Black,US,US,4,11,luxurious,5678
4481,48,Female,Black,US,US,4,11,sleek,5668
4482,46,Female,Black,US,US,4,11,sophisticated,5762
4483,37,Male,White,US,US,3,10,dynamic,5251
4484,31,Male,White,US,US,3,10,sophisticated,5457
4485,42,Male,Black,US,US,4,11,dynamic,5497
4486,36,Female,White,US,US,5,13,stylish,5852
4487,41,Male,Black,US,US,6,12,sporty,5839
4488,48,Male,White,US,US,5,13,sophisticated,5884
4489,47,Male,Black,US,US,6,12,dynamic,5474
4490,33,Female,White,US,US,3,10,luxurious,5529
4491,38,Male,Black,US,US,6,12,aerodynamic,5842
4492,38,Male,Black,US,US,4,11,elegant,5804
4493,42,Male,White,US,US,5,13,sleek,5797
4494,45,Female,White,US,US,5,13,luxurious,5489
4495,33,Male,White,United States,United States,6,10,elegant,539
4496,45,Female,American Indian or Alaska native,US,US,4,7,sporty,310
4497,46,Male,White,US,US,5,13,sporty,5921
4498,37,Male,Black,US,US,4,11,sophisticated,5638
4499,36,Male,Black,US,US,4,11,aggressive,5875
4500,28,Male,White,US,US,3,10,sophisticated,5846
4501,34,Male,Black,US,US,6,12,aggressive,5713
4502,54,Male,White,US,US,5,11,sporty,444
4503,32,Male,White,US,US,5,13,modern,6058
4504,60,Female,White,US,US,6,11,aerodynamic,590
4505,48,Male,Black,US,US,4,11,luxurious,6022
4506,33,Male,White,US,US,5,13,sleek,5773
4507,42,Male,Black,US,US,6,12,dynamic,6137
4508,55,Male,American Indian or Alaska native,US,US,5,8,sporty,2584
4509,45,Female,White,US,US,3,10,sporty,6013
4510,25,Female,American Indian or Alaska native,US,US,2,10,dynamic,10684
4511,45,Male,Black,US,US,6,12,aggressive,6029
4512,28,Male,Black,US,US,4,11,aggressive,6118
4513,37,Male,Black,US,US,6,12,dynamic,6192
4514,37,Male,Black,US,US,4,11,elegant,5938
4515,33,Female,Black,US,US,6,12,sporty,5461
4516,48,Female,White,US,US,3,10,sleek,6285
4517,47,Male,White,US,US,5,13,aggressive,5956
4518,45,Female,Black,US,US,6,12,sporty,6293
4519,39,Male,Black,US,US,6,12,aggressive,6319
4520,39,Female,White,US,US,5,13,sleek,5913
4521,41,Female,White,US,US,5,13,luxurious,6339
4522,42,Male,White,US,US,5,13,aggressive,6238
4523,41,Female,White,US,US,3,10,stylish,6201
4524,46,Female,White,US,US,5,13,aggressive,6067
4525,35,Female,Black,US,US,6,12,luxurious,6415
4526,52,Male,American Indian or Alaska native,US,US,5,10,sophisticated,2029
4527,38,Male,Black,US,US,4,11,aerodynamic,6439
4528,48,Female,Black,US,US,6,12,sophisticated,6457
4529,31,Female,White,US,US,3,10,elegant,6075
4530,41,Female,Black,US,US,6,12,aerodynamic,6433
4531,29,Female,Black,US,US,4,11,elegant,6503
4532,30,Male,White,US,US,3,10,sporty,6251
4533,33,Female,White,US,US,3,10,stylish,6064
4534,28,Female,White,US,US,3,10,stylish,6409
4535,36,Male,Black,US,US,6,12,stylish,6565
4536,41,Female,Black,US,US,6,12,elegant,6575
4537,40,Male,White,US,US,7,11,stylish,23443
4538,39,Male,White,US,US,3,10,aerodynamic,6157
4539,31,Female,Black,US,US,6,12,aerodynamic,6640
4540,29,Male,Black,US,US,4,11,elegant,6425
4541,45,Male,Black,US,US,6,12,aggressive,6664
4542,46,Male,American Indian or Alaska native,US,US,5,10,sleek,2394
4543,30,Male,White,US,US,5,13,sleek,6542
4544,28,Male,White,US,US,3,10,aerodynamic,6015
4545,38,Female,White,US,US,3,10,sophisticated,5917
4546,38,Male,White,US,US,7,10,sleek,4690
4547,46,Male,Black,US,US,6,12,dynamic,6703
4548,44,Female,White,US,US,3,10,sophisticated,6391
4549,40,Female,Black,US,US,6,12,aerodynamic,6269
4550,44,Male,White,US,US,5,13,stylish,6775
4551,46,Male,White,US,US,5,13,modern,6775
4552,37,Male,White,US,US,5,13,stylish,6635
4553,35,Female,White,US,US,3,10,aggressive,6733
4554,44,Male,White,US,US,5,13,elegant,6839
4555,30,Male,American Indian or Alaska native,US,US,5,6,luxurious,3167
4556,38,Male,White,United States,United States,6,10,modern,713
4557,44,Female,Black,US,US,6,12,aggressive,6823
4558,31,Female,White,US,US,3,10,elegant,6474
4559,40,Female,Black,US,US,6,12,aggressive,6882
4560,33,Male,White,US,US,3,10,dynamic,6528
4561,35,Male,White,US,US,5,13,aggressive,6886
4562,36,Female,Black,US,US,6,12,luxurious,6578
4563,33,Male,Filipino,US,US,6,10,sporty,310
4564,30,Male,Black,US,US,6,12,sophisticated,6945
4565,28,Female,Black,US,US,4,11,aggressive,6895
4566,32,Male,Black,US,US,6,12,aggressive,6748
4567,47,Male,Black,US,US,6,12,dynamic,6974
4568,47,Male,Black,US,US,4,11,sophisticated,6948
4569,43,Male,American Indian or Alaska native,US,US,5,8,elegant,2414
4570,42,Female,Black,US,US,4,11,elegant,6952
4571,44,Male,Black,US,US,6,12,aggressive,6648
4572,32,Male,Black,US,US,4,11,aggressive,6950
4573,37,Male,Black,US,US,6,12,elegant,6639
4574,35,Male,White,US,US,3,10,aerodynamic,6577
4575,30,Male,White,US,US,3,10,dynamic,6626
4576,44,Female,Black,US,US,4,11,aggressive,6993
4577,37,Female,White,US,US,3,10,dynamic,7047
4578,29,Female,Black,US,US,6,12,modern,7075
4579,42,Male,Black,US,US,6,12,sleek,6672
4580,29,Female,White,US,US,3,10,aerodynamic,6749
4581,31,Female,White,US,US,5,13,dynamic,6892
4582,37,Male,White,US,US,3,10,sophisticated,6909
4583,48,Male,Black,US,US,6,12,luxurious,7125
4584,41,Female,Black,US,US,6,12,sleek,6730
4585,35,Female,White,US,US,5,13,elegant,6980
4586,48,Female,Black,US,US,6,12,aggressive,6762
4587,30,Male,American Indian or Alaska native,US,US,5,10,aerodynamic,2857
4588,42,Female,Black,US,US,6,12,sporty,7098
4589,38,Female,Black,US,US,4,11,aggressive,6844
4590,40,Male,White,US,US,7,11,modern,24028
4591,43,Female,Black,US,US,4,11,stylish,6792
4592,39,Male,White,US,US,5,13,aggressive,7226
4593,32,Non-binary,White,United States ,United States ,4,10,sophisticated,210
4594,28,Male,White,US,US,3,10,elegant,6871
4595,47,Female,White,US,US,3,10,sleek,6821
4596,28,Male,White,US,US,5,13,dynamic,7264
4597,36,Male,White,US,US,6,11,luxurious,315
4598,35,Female,White,US,US,5,13,sporty,7270
4599,47,Male,White,US,US,5,13,sporty,6909
4600,39,Male,White,US,US,3,10,sophisticated,7283
4601,68,Female,White,US,US,3,8,aggressive,710
4602,31,Male,American Indian or Alaska native,US,US,5,10,elegant,3656
4603,41,Male,Black,US,US,6,12,sleek,6972
4604,32,Male,Black,US,US,6,12,dynamic,7304
4605,56,Female,White,US,US,2,11,sleek,345
4606,34,Male,White,US,US,5,13,dynamic,7353
4607,39,Male,Black,US,US,6,12,aerodynamic,7356
4608,46,Female,Black,US,US,4,11,elegant,7350
4609,33,Male,Black,US,US,6,12,sleek,7018
4610,I'm 36,Female,White,CHICAGO,US,6,10,elegant,621
4611,46,Male,Black,US,US,4,11,modern,7043
4612,41,Male,American Indian or Alaska native,US,US,5,8,sophisticated,3729
4613,28,Male,White,US,US,3,10,aggressive,7344
4614,30,Male,White,US,US,3,10,aggressive,7398
4615,42,Male,White,US,US,7,11,stylish,381
4616,31,Male,White,US,US,5,13,sophisticated,7277
4617,47,Female,Black,US,US,6,12,aerodynamic,7425
4618,40,Male,White,US,US,5,10,aggressive,474
4619,40,Male,Black,US,US,6,12,luxurious,7256
4620,45,Female,White,US,US,3,10,stylish,7150
4621,34,Female,Black,US,US,6,12,sophisticated,6915
4622,28,Male,Black,US,US,6,12,modern,7370
4623,48,Male,White,US,US,3,10,stylish,7487
4624,41,Female,White,US,US,3,10,aerodynamic,7181
4625,37,Female,Black,US,US,6,12,aerodynamic,7358
4626,34,Female,White,US,US,5,13,sophisticated,7366
4627,29,Male,American Indian or Alaska native,US,US,5,10,stylish,3862
4628,44,Female,White,US,US,5,13,stylish,7245
4629,39,Male,White,US,US,5,13,sleek,7127
4630,32,Male,Black,US,US,6,12,sporty,7591
4631,37,Female,White,US,US,3,10,elegant,7434
4632,40,Female,White,US,US,3,10,aggressive,7372
4633,48,Female,Black,US,US,6,12,stylish,7615
4634,42,Male,White,US,US,3,10,sporty,7616
4635,47,Female,Black,US,US,4,11,sleek,7350
4636,48,Female,White,US,US,5,13,sophisticated,7358
4637,43,Female,Black,US,US,4,11,stylish,7625
4638,45,Male,White,US,US,5,13,dynamic,7284
4639,39,Male,Black,US,US,6,12,aerodynamic,7543
4640,49,Male,White,US,US,8,10,aerodynamic,488
4641,41,Male,Black,US,US,6,12,stylish,7590
4642,32,Female,Black,US,US,4,11,aggressive,7370
4643,47,Female,Black,US,US,4,11,sleek,7563
4644,34,Male,White,US,US,3,10,modern,7493
4645,38,Male,White,US,US,5,13,aggressive,7180
4646,31,Female,Black,US,US,6,12,sporty,7408
4647,40,Female,Black,US,US,6,12,sophisticated,7711
4648,31,Male,Black,US,US,4,11,aggressive,7524
4649,34,Male,Black,US,US,6,12,sophisticated,7733
4650,33,Female,White,US,US,5,13,stylish,7477
4651,28,Female,Black,US,US,4,11,aggressive,7613
4652,45,Female,White,US,US,5,13,luxurious,7758
4653,31,Female,White,US,US,3,10,luxurious,7320
4654,42,Female,White,US,US,5,13,sophisticated,7412
4655,28,Male,Black,US,US,4,11,aerodynamic,7781
4656,34,Female,Black,US,US,6,12,luxurious,7454
4657,33,Male,Black,US,US,4,11,luxurious,7731
4658,39,Male,Black,US,US,4,11,stylish,7487
4659,33,Female,Black,US,US,4,11,sophisticated,7342
4660,33,Female,Black,US,US,6,12,aerodynamic,7475
4661,34,Male,White,US,US,5,13,sleek,7795
4662,41,Male,White,US,US,3,10,dynamic,7732
4663,38,Male,Black,US,US,6,12,sporty,7522
4664,40,Male,White,US,US,5,13,modern,7892
4665,43,Male,White,US,US,3,10,elegant,7615
4666,38,Female,White,US,US,3,10,modern,7636
4667,36,Non-binary,White,US,US,3,3,luxurious,666
4668,34,Male,Black,US,US,6,12,aerodynamic,7611
4669,38,Female,Black,US,US,4,11,sleek,7971
4670,36,Female,White,US,US,5,13,sophisticated,7649
4671,45,Male,White,US,US,3,10,modern,7987
4672,39,Male,Black,US,US,6,12,sleek,8033
4673,42,Female,Black,US,US,4,11,sleek,8035
4674,33,Female,Black,US,US,6,12,modern,8040
4675,39,Male,White,US,US,3,10,luxurious,7921
4676,35,Female,Black,US,US,6,12,aggressive,7490
4677,39,Female,White,US,US,3,10,stylish,7724
4678,38,Male,White,US,US,3,10,sleek,8100
4679,37,Male,Black,US,US,6,12,modern,7722
4680,34,Male,Black,US,US,6,12,modern,7667
4681,36,Female,White,US,US,5,13,dynamic,7638
4682,43,Female,White,US,US,5,13,stylish,8106
4683,45,Female,Black,US,US,6,12,sporty,7644
4684,46,Female,White,US,US,3,10,aggressive,7787
4685,43,Female,White,US,US,5,13,modern,7752
4686,44,Female,Black,US,US,4,11,aerodynamic,8142
4687,37,Male,Black,US,US,4,11,sophisticated,7861
4688,36,Male,Black,US,US,6,12,sophisticated,7941
4689,43,Male,Black,US,US,6,12,dynamic,7782
4690,48,Female,White,US,US,3,10,sleek,8171
4691,29,Female,Black,US,US,4,11,luxurious,8217
4692,45,Male,White,US,US,3,10,sleek,8222
4693,55,Male,White,US,US,7,10,sporty,712
4694,35,Male,White,US,US,5,13,aerodynamic,7739
4695,28,Male,White,US,US,5,13,sleek,7804
4696,34,Male,White,US,US,5,13,luxurious,8247
4697,28,Female,White,US,US,5,13,elegant,8099
4698,36,Female,Black,US,US,6,12,sophisticated,7918
4699,48,Female,Black,US,US,4,11,sleek,8177
4700,33,Female,Black,US,US,4,11,elegant,7782
4701,48,Male,White,US,US,3,10,modern,8168
4702,42,Male,White,US,US,5,13,aerodynamic,8196
4703,47,Male,Black,US,US,6,12,sophisticated,7899
4704,48,Female,Black,US,US,6,12,elegant,7855
4705,33,Female,White,US,US,5,13,dynamic,8160
4706,32,Male,Black,US,US,6,12,aggressive,8064
4707,35,Male,Black,US,US,4,11,luxurious,8354
4708,47,Female,Black,US,US,4,11,luxurious,8368
4709,28,Female,Black,US,US,4,11,elegant,8337
4710,29,Male,White,US,US,5,13,luxurious,8043
4711,40,Male,White,US,US,8,11,luxurious,567
4712,30,Male,White,US,US,5,13,aggressive,7965
4713,33,Male,White,US,US,7,10,sleek,5797
4714,45,Female,Black,US,US,4,11,elegant,7971
4715,28,Male,White,US,US,5,13,sophisticated,8106
4716,30,Male,White,US,US,5,13,stylish,8065
4717,32,Male,White,US,US,3,10,sporty,8053
4718,48,Female,White,US,US,5,13,aggressive,8215
4719,30,Male,White,US,US,5,13,sleek,8509
4720,43,Male,Black,US,US,4,11,aerodynamic,8400
4721,47,Female,Black,US,US,4,11,sleek,8373
4722,42,Female,White,US,US,3,10,dynamic,8323
4723,33,Male,Black,US,US,6,12,sleek,8094
4724,41,Female,White,US,US,5,13,aerodynamic,8194
4725,29,Female,White,US,US,5,13,elegant,8379
4726,48,Female,White,US,US,5,13,sporty,8284
4727,28,Female,White,US,US,3,10,sporty,8264
4728,48,Male,Black,US,US,6,12,sporty,8656
4729,44,Male,Black,US,US,6,12,luxurious,8443
4730,42,Male,White,US,US,5,13,stylish,8369
4731,40,Male,White,US,US,5,13,sleek,8688
4732,36,Female,White,US,US,3,10,dynamic,8712
4733,46,Female,White,US,US,3,10,stylish,8590
4734,41,Female,Black,US,US,6,12,elegant,8202
4735,37,Male,Black,US,US,4,11,dynamic,7911
4736,44,Female,White,US,US,3,10,sporty,8580
4737,39,Female,Black,US,US,4,11,sophisticated,8425
4738,45,Female,White,US,US,3,10,stylish,8768
4739,48,Male,Black,US,US,6,12,sophisticated,8800
4740,34,Female,White,US,US,5,13,luxurious,8712
4741,47,Male,Black,US,US,4,11,elegant,8699
4742,33,Female,Black,US,US,6,12,aerodynamic,8752
4743,31,Male,White,US,US,5,13,sleek,8301
4744,32,Female,White,US,US,5,13,sophisticated,8878
4745,43,Male,Black,US,US,4,11,dynamic,8872
4746,41,Female,Black,US,US,6,12,aggressive,8886
4747,36,Female,White,US,US,3,10,sleek,8945
4748,42,Male,Black,US,US,6,12,sleek,8847
4749,42,Male,White,US,US,3,10,stylish,8542
4750,47,Male,White,US,US,5,13,aggressive,8867
4751,48,Male,Black,US,US,4,11,sophisticated,8650
4752,32,Male,White,US,US,3,10,aerodynamic,8808
4753,41,Female,Black,US,US,6,12,modern,8711
4754,37,Male,Black,US,US,4,11,stylish,9047
4755,31,Male,White,US,US,3,10,sleek,9064
4756,32,Male,Black,US,US,6,12,modern,8670
4757,36,Male,White,US,US,7,10,sporty,300
4758,43,Male,White,US,US,5,13,sleek,9107
4759,30,Female,White,US,US,5,13,sophisticated,8843
4760,38,Male,White,US,US,5,13,elegant,9124
4761,36,Male,Black,US,US,6,12,sleek,8891
4762,44,Female,Black,US,US,6,12,modern,9156
4763,31,Male,White,US,US,5,13,aggressive,9154
4764,47,Female,Black,US,US,4,11,sleek,9160
4765,43,Female,White,US,US,5,13,dynamic,8854
4766,29,Male,White,US,US,5,13,aggressive,9205
4767,42,Male,White,US,US,3,10,luxurious,9047
4768,40,Male,White,US,US,5,13,stylish,9081
4769,39,Male,Black,US,US,6,12,aerodynamic,9199
4770,30,Female,Black,US,US,4,11,luxurious,8926
4771,44,Female,White,US,US,5,13,luxurious,9193
4772,38,Male,White,US,US,5,13,sophisticated,9249
4773,43,Female,Black,US,US,4,11,sleek,8895
4774,35,Female,White,US,US,3,10,aerodynamic,9137
4775,45,Female,Black,US,US,6,12,stylish,9117
4776,33,Female,Black,US,US,4,11,sleek,9176
4777,44,Male,White,US,US,3,10,sleek,9058
4778,42,Female,Black,US,US,6,12,luxurious,9172
4779,31,Female,Black,US,US,6,12,dynamic,8831
4780,46,Male,White,US,US,5,13,luxurious,9203
4781,29,Male,Black,US,US,6,12,sporty,8956
4782,45,Female,Black,US,US,6,12,dynamic,9174
4783,43,Female,White,US,US,3,10,sleek,9144
4784,33,Male,Black,US,US,4,11,aggressive,9090
4785,39,Female,White,US,US,3,10,sporty,8951
4786,37,Male,White,US,US,5,13,stylish,9282
4787,28,Female,Black,US,US,4,11,sleek,9066
4788,38,Male,White,US,US,3,10,elegant,9114
4789,30,Male,White,US,US,3,10,aerodynamic,8876
4790,36,Female,American Indian or Alaska native,US,US,4,10,sporty,564
4791,35,Male,White,US,US,5,13,luxurious,9060
4792,28,Female,White,US,US,5,13,aggressive,9305
4793,31,Female,Black,US,US,6,12,sleek,9141
4794,44,Male,Black,US,US,4,11,luxurious,9158
4795,42,Female,White,US,US,3,10,luxurious,9351
4796,28,Female,White,US,US,5,13,dynamic,9153
4797,35,Male,Black,US,US,4,11,aggressive,8903
4798,33,Male,White,US,US,3,10,sophisticated,9087
4799,33,Male,Black,US,US,6,12,aerodynamic,9530
4800,44,Male,Black,US,US,6,12,aggressive,9289
4801,32,Female,Black,US,US,6,12,aerodynamic,9476
4802,45,Male,Black,US,US,6,12,stylish,9323
4803,32,Male,White,US,US,5,13,stylish,9424
4804,33,Male,Black,US,US,4,11,sporty,9475
4805,36,Male,White,US,US,5,13,aerodynamic,9567
4806,46,Female,White,US,US,3,10,aerodynamic,8813
4807,28,Female,Black,US,US,4,11,sporty,9038
4808,31,Male,White,US,US,5,13,elegant,9269
4809,39,Male,Black,US,US,6,12,aerodynamic,9042
4810,36,Male,White,US,US,5,13,stylish,9278
4811,32,Female,White,US,US,5,13,aerodynamic,9451
4812,44,Male,White,US,US,5,13,elegant,9503
4813,36,Female,White,US,US,3,10,aggressive,9634
4814,48,Female,Black,US,US,6,12,modern,9675
4815,30,Male,Black,US,US,4,11,sleek,9203
4816,45,Female,Black,US,US,6,12,aerodynamic,9375
4817,31,Male,White,US,US,6,10,aerodynamic,388
4818,46,Male,Black,US,US,6,12,dynamic,9465
4819,37,Male,Black,US,US,4,11,sleek,9580
4820,41,Female,White,US,US,3,10,aerodynamic,9370
4821,44,Female,White,US,US,5,13,sporty,9587
4822,43,Male,White,US,US,3,10,elegant,9760
4823,38,Male,White,US,US,5,13,aggressive,9282
4824,29,Male,Black,US,US,6,12,dynamic,9825
4825,34,Male,Black,US,US,6,12,aerodynamic,9352
4826,32,Female,Black,US,US,4,11,aggressive,9811
4827,29,Male,Black,US,US,6,12,elegant,9490
4828,42,Male,White,US,US,3,10,sophisticated,9832
4829,41,Male,White,US,US,3,10,sophisticated,9620
4830,41,Female,White,US,US,5,13,elegant,9515
4831,45,Female,White,US,US,5,13,aerodynamic,9540
4832,40,Male,White,US,US,5,13,dynamic,9691
4833,32,Male,White,US,US,5,13,elegant,9379
4834,29,Male,White,US,US,3,10,sleek,9853
4835,35,Male,White,US,US,3,10,sporty,151
4836,28,Female,White,US,US,3,10,aerodynamic,9895
4837,37,Female,Black,US,US,6,12,aerodynamic,9765
4838,28,Female,White,US,US,3,10,aerodynamic,9803
4839,28,Male,Black,US,US,4,11,aerodynamic,9613
4840,43,Male,White,US,US,5,13,aerodynamic,9683
4841,46,Male,White,US,US,5,13,modern,9465
4842,45,Male,White,US,US,5,13,sporty,9759
4843,32,Female,Black,US,US,4,11,modern,9643
4844,31,Male,White,US,US,5,13,aggressive,9379
4845,31,Female,Black,US,US,6,12,sophisticated,9583
4846,33,Male,Black,US,US,4,11,stylish,10047
4847,30,Female,White,US,US,5,13,stylish,9652
4848,28,Male,Black,US,US,4,11,dynamic,9926
4849,52,Female,White,US,US,6,10,luxurious,733
4850,46,Male,White,US,US,5,13,aerodynamic,10068
4851,43,Female,Black,US,US,4,11,sporty,10123
4852,30,Female,Black,US,US,6,12,sporty,10124
4853,31,Female,Black,US,US,6,12,dynamic,10112
4854,40,Male,Black,US,US,4,11,luxurious,10039
4855,38,Female,White,US,US,3,10,dynamic,10156
4856,38,Female,White,US,US,3,10,elegant,9721
4857,39,Male,White,US,US,5,13,sophisticated,10227
4858,32,Female,White,US,US,5,13,elegant,9953
4859,37,Male,Black,US,US,6,12,modern,9875
4860,42,Male,White,US,US,3,10,sleek,9870
4861,46,Female,White,US,US,3,10,sporty,10266
4862,33,Male,Black,US,US,6,12,modern,10088
4863,32,Male,Black,US,US,6,12,elegant,10129
4864,33,Male,Black,US,US,4,11,sophisticated,9882
4865,41,Male,White,US,US,5,13,sophisticated,10110
4866,44,Male,Black,US,US,4,11,modern,9892
4867,45,Male,White,US,US,3,10,modern,10044
4868,34,Female,White,US,US,5,13,sophisticated,10205
4869,38,Female,White,US,US,4,11,sporty,230
4870,39,Female,White,US,US,3,10,sophisticated,9908
4871,47,Male,Black,US,US,4,11,elegant,9850
4872,34,Female,White,US,US,5,13,sleek,10177
4873,47,Male,Black,US,US,6,12,sophisticated,10146
4874,30,Male,White,US,US,3,10,aggressive,10373
4875,44,Female,Black,US,US,4,11,sleek,10300
4876,39,Male,White,US,US,3,10,stylish,9249
4877,33,Male,White,US,US,3,10,sleek,10032
4878,44,Male,White,US,US,5,13,aggressive,10251
4879,29,Female,Black,US,US,6,12,sleek,10397
4880,34,Male,White,US,US,5,13,modern,10494
4881,42,Female,Black,US,US,6,12,dynamic,10285
4882,33,Female,White,US,US,3,10,elegant,10228
4883,32,Female,Black,US,US,6,12,aggressive,10236
4884,42,Male,Black,US,US,6,12,stylish,10489
4885,31,Female,White,US,US,5,13,stylish,10121
4886,46,Female,White,US,US,3,10,luxurious,10535
4887,28,Female,Black,US,US,6,12,sporty,10071
4888,28,Male,White,US,US,3,10,dynamic,10515
4889,39,Male,White,US,US,5,13,dynamic,10505
4890,35,Female,Black,US,US,4,11,dynamic,10252
4891,48,Male,Black,US,US,6,12,sophisticated,10151
4892,29,Male,White,US,US,5,13,luxurious,10376
4893,32,Male,White,US,US,3,10,sophisticated,10278
4894,46,Male,Black,US,US,6,12,sporty,10624
4895,28,Female,White,US,US,3,10,elegant,10243
4896,44,Male,Black,US,US,4,11,dynamic,10264
4897,43,Male,Black,US,US,6,12,aggressive,10267
4898,37,Male,White,US,US,5,13,aggressive,10303
4899,46,Female,White,US,US,3,10,luxurious,10650
4900,45,Male,Black,US,US,4,11,modern,10414
4901,46,Male,Black,US,US,6,12,aerodynamic,10680
4902,43,Male,Black,US,US,4,11,modern,10750
4903,33,Male,White,US,US,5,13,modern,10646
4904,32,Female,White,US,US,3,10,modern,10544
4905,38,Male,Black,US,US,4,11,sleek,10331
4906,43,Female,Black,US,US,4,11,sophisticated,10562
4907,42,Male,White,US,US,7,13,sleek,1007
4908,42,Female,White,US,US,5,13,elegant,10647
4909,36,Male,White,US,US,3,10,aggressive,10172
4910,31,Male,White,US,US,3,10,sporty,10812
4911,37,Female,Black,US,US,6,12,sophisticated,10670
4912,42,Male,White,US,US,8,11,sophisticated,348
4913,43,Female,Black,US,US,4,11,aerodynamic,10858
4914,46,Female,Black,US,US,6,12,sophisticated,10500
4915,39,Female,White,US,US,3,10,aerodynamic,10521
4916,46,Female,Black,US,US,6,12,aggressive,10761
4917,43,Female,Black,US,US,6,12,dynamic,10510
4918,38,Male,Black,US,US,4,11,elegant,10675
4919,30,Male,Black,US,US,6,12,sporty,10921
4920,41,Female,White,US,US,5,13,aerodynamic,10831
4921,42,Female,White,US,US,3,10,aerodynamic,10965
4922,46,Male,Black,US,US,4,11,sophisticated,10761
4923,28,Female,White,US,US,5,13,aggressive,10712
4924,43,Female,White,US,US,5,13,sporty,10989
4925,30,Female,White,US,US,5,13,stylish,10653
4926,45,Male,Black,US,US,4,11,luxurious,10446
4927,35,Male,Black,US,US,6,12,aerodynamic,10763
4928,40,Male,White,US,US,3,10,stylish,10666
4929,31,Female,Black,US,US,6,12,stylish,11052
4930,44,Female,White,US,US,3,10,elegant,10532
4931,40,Male,Black,US,US,6,12,sporty,11078
4932,30,Female,Black,US,US,6,12,aerodynamic,11097
4933,31,Female,Black,US,US,6,12,aggressive,10941
4934,41,Female,White,US,US,5,13,aerodynamic,10735
4935,28,Male,White,US,US,5,10,elegant,308
4936,44,Male,White,US,US,3,10,aerodynamic,11007
4937,43,Female,Black,US,US,4,11,dynamic,10589
4938,42,Male,White,US,US,3,10,sporty,10912
4939,30,Female,White,US,US,5,13,stylish,10912
4940,34,Male,Black,US,US,4,11,modern,11153
4941,36,Female,Black,US,US,4,11,luxurious,11031
4942,39,Male,White,US,US,5,13,modern,11048
4943,47,Female,Black,US,US,4,11,luxurious,11049
4944,44,Male,White,US,US,5,13,aggressive,11196
4945,39,Female,Black,US,US,4,11,aggressive,11128
4946,35,Male,White,US,US,3,10,aggressive,11082
4947,48,Male,Black,US,US,4,11,stylish,11211
4948,39,Male,White,US,US,3,10,aggressive,11122
4949,47,Female,White,US,US,5,13,modern,10866
4950,39,Male,Black,US,US,6,12,modern,11156
4951,37,Female,White,US,US,5,13,modern,10935
4952,35,Male,White,US,US,5,13,modern,11151
4953,59,Female,White,US,US,5,7,stylish,882
4954,37,Female,Black,US,US,4,11,dynamic,10831
4955,40,Female,Black,US,US,6,12,modern,11143
4956,40,Male,White,US,US,5,13,sleek,10950
4957,30,Female,White,US,US,5,13,sleek,11005
4958,39,Female,Black,US,US,4,11,luxurious,11385
4959,32,Male,White,US,US,3,10,dynamic,11405
4960,37,Female,Black,US,US,4,11,sophisticated,11402
4961,41,Female,Black,US,US,4,11,sophisticated,11409
4962,28,Female,Black,US,US,4,11,luxurious,11366
4963,36,Female,Black,US,US,4,11,sleek,11254
4964,32,Female,White,US,US,3,10,sporty,11477
4965,39,Female,Black,US,US,6,12,modern,11234
4966,28,Female,Black,US,US,4,11,sporty,11436
4967,34,Male,Black,US,US,4,11,stylish,11532
4968,37,Female,Black,US,US,4,11,elegant,11399
4969,29,Female,Black,US,US,4,11,elegant,11301
4970,38,Female,White,US,US,3,10,modern,10827
4971,29,Female,Black,US,US,6,12,aggressive,11429
4972,40,Male,Black,US,US,4,11,aggressive,10761
4973,37,Female,Black,US,US,6,12,aggressive,11153
4974,38,Male,White,US,US,3,10,dynamic,11191
4975,46,Male,Black,US,US,6,12,stylish,11090
4976,47,Male,Black,US,US,6,12,stylish,11533
4977,29,Male,White,US,US,3,10,sophisticated,11612
4978,28,Male,Black,US,US,6,12,sophisticated,11281
4979,28,Female,White,US,US,5,13,aggressive,11506
4980,33,Female,White,US,US,5,13,dynamic,11656
4981,38,Female,White,US,US,5,13,modern,11667
4982,29,Female,White,US,US,5,13,stylish,11487
4983,36,Male,White,US,US,5,13,stylish,11254
4984,28,Male,White,US,US,7,11,stylish,568
4985,30,Male,Black,US,US,4,11,luxurious,11615
4986,34,Male,Black,US,US,4,11,stylish,11582
4987,37,Male,Black,US,US,4,11,aggressive,11675
4988,37,Female,White,US,US,3,10,sporty,11265
4989,41,Female,White,US,US,5,13,modern,11429
4990,47,Male,Black,US,US,4,11,sleek,11630
4991,43,Male,White,US,US,5,13,sporty,11746
4992,30,Female,Black,US,US,6,12,sophisticated,11650
4993,45,Male,White,US,US,3,10,stylish,11531
4994,47,Male,Black,US,US,4,11,sleek,11850
4995,35,Female,White,US,US,3,10,aerodynamic,11721
4996,43,Male,Black,US,US,6,12,sleek,11924
4997,36,Male,Black,US,US,6,12,dynamic,11481
4998,45,Male,White,US,US,5,13,aerodynamic,11497
4999,45,Male,White,US,US,3,10,dynamic,11602
5000,28,Male,Black,US,US,4,11,sporty,11943
5001,34,Female,White,US,US,5,13,stylish,11951
5002,47,Male,Black,US,US,6,12,luxurious,11576
5003,35,Male,White,US,US,3,10,modern,11858
5004,46,Female,Black,US,US,6,12,sleek,11724
5005,36,Female,Black,US,US,6,12,dynamic,10940
5006,29,Male,Black,US,US,4,11,stylish,11892
5007,47,Female,White,US,US,5,13,sophisticated,12026
5008,48,Male,White,US,US,3,10,sleek,11426
5009,32,Female,White,US,US,5,13,modern,11974
5010,37,Female,White,US,US,3,10,sporty,11707
5011,58,Female,White,US,US,4,7,luxurious,3272
5012,30,Female,Black,US,US,4,11,aggressive,12050
5013,30,Female,Black,US,US,4,11,elegant,12063
5014,36,Female,White,US,US,3,10,luxurious,11993
5015,38,Female,Black,US,US,6,12,sleek,11571
5016,34,Male,White,US,US,5,13,luxurious,11965
5017,39,Female,White,US,US,5,13,modern,11723
5018,39,Female,Black,US,US,6,12,luxurious,12094
5019,40,Male,Black,US,US,4,11,sophisticated,11870
5020,29,Female,White,US,US,3,10,elegant,11942
5021,46,Female,Black,US,US,4,11,sleek,11891
5022,28,Male,White,US,US,3,10,modern,11987
5023,46,Male,Black,US,US,4,11,sporty,11883
5024,29,Female,Black,US,US,6,12,dynamic,11960
5025,35,Male,Black,US,US,4,11,dynamic,11663
5026,40,Male,Black,US,US,6,12,dynamic,11802
5027,39,Female,Black,US,US,4,11,stylish,11752
5028,48,Male,White,US,US,3,10,elegant,12212
5029,35,Male,Black,US,US,4,11,sleek,11860
5030,40,Male,Black,US,US,4,11,elegant,12017
5031,35,Female,Black,US,US,4,11,stylish,12019
5032,46,Female,Black,US,US,6,12,stylish,12133
5033,34,Male,White,US,US,6,10,sophisticated,602
5034,33,Female,Black,US,US,6,12,dynamic,12019
5035,39,Male,White,US,US,5,13,stylish,12082
5036,33,Male,White,US,US,3,10,modern,12189
5037,39,Male,Black,US,US,6,12,aerodynamic,11831
5038,34,Male,White,US,US,6,10,stylish,763
5039,47,Female,White,US,US,3,10,sleek,12244
5040,38,Female,Black,US,US,4,11,sleek,11939
5041,39,Male,White,US,US,3,10,luxurious,11996
5042,43,Female,White,US,US,3,10,elegant,11835
5043,37,Female,White,US,US,5,13,stylish,12002
5044,40,Female,White,US,US,3,10,aerodynamic,12194
5045,30,Female,White,US,US,3,10,luxurious,12024
5046,42,Female,White,US,US,3,10,modern,12195
5047,34,Female,Black,US,US,4,11,aggressive,12383
5048,39,Male,White,US,US,5,13,modern,12397
5049,31,Female,Black,US,US,4,11,modern,12048
5050,38,Female,White,US,US,3,10,luxurious,12482
5051,41,Male,White,US,US,3,10,dynamic,12188
5052,29,Female,White,US,US,5,13,elegant,12415
5053,35,Male,Black,US,US,4,11,dynamic,12319
5054,32,Female,White,US,US,3,10,sporty,12421
5055,42,Male,White,US,US,5,13,aggressive,12430
5056,45,Female,Black,US,US,4,11,modern,12438
5057,36,Female,White,US,US,5,13,modern,12444
5058,32,Male,Black,US,US,4,11,sporty,12242
5059,31,Female,White,US,US,3,10,sleek,12492
5060,28,Male,Black,US,US,6,12,dynamic,12652
5061,48,Female,White,US,US,3,10,elegant,12270
5062,48,Female,White,US,US,3,10,modern,12676
5063,32,Female,White,US,US,3,10,aggressive,12466
5064,34,Female,White,US,US,3,10,luxurious,12009
5065,31,Female,Black,US,US,4,11,stylish,12154
5066,47,Female,Black,US,US,4,11,modern,12619
5067,48,Female,White,US,US,3,10,sophisticated,12301
5068,41,Male,Black,US,US,4,11,dynamic,12418
5069,37,Male,Black,US,US,4,11,sleek,12417
5070,29,Female,White,US,US,5,13,dynamic,12566
5071,40,Male,White,US,US,3,10,dynamic,12437
5072,40,Female,Black,US,US,4,11,luxurious,12516
5073,45,Female,White,US,US,5,13,dynamic,12701
5074,43,Male,Black,US,US,4,11,sporty,12633
5075,47,Female,White,US,US,3,10,aggressive,12651
5076,34,Male,Black,US,US,4,11,stylish,12713
5077,44,Female,White,US,US,5,13,stylish,12378
5078,52,Female,White,US,US,7,11,dynamic,4508
5079,33,Female,Black,US,US,4,11,stylish,12697
5080,36,Female,Black,US,US,6,12,luxurious,12419
5081,45,Male,Black,US,US,6,12,aerodynamic,12460
5082,45,Male,White,US,US,5,13,aggressive,12899
5083,43,Female,Black,US,US,4,11,dynamic,12582
5084,31,Female,Black,US,US,6,12,aggressive,12615
5085,33,Female,Black,US,US,6,12,sporty,12817
5086,41,Male,Black,US,US,6,12,luxurious,12621
5087,29,Male,Black,US,US,6,12,luxurious,12584
5088,43,Male,White,US,US,3,10,sophisticated,12787
5089,29,Male,Black,US,US,4,11,aggressive,12977
5090,39,Female,Black,US,US,6,12,elegant,12573
5091,37,Male,Black,US,US,4,11,sporty,12917
5092,48,Female,White,US,US,5,13,dynamic,12737
5093,31,Female,White,US,US,5,13,sleek,13003
5094,41,Male,Black,US,US,6,12,aggressive,13027
5095,40,Male,White,US,US,5,13,sporty,12715
5096,31,Male,Black,US,US,6,12,stylish,12570
5097,42,Male,White,US,US,3,10,sophisticated,13043
5098,40,Male,White,US,US,3,10,dynamic,13056
5099,47,Female,Black,US,US,4,11,sophisticated,12837
5100,31,Male,Black,US,US,4,11,stylish,12684
5101,47,Female,White,US,US,3,10,elegant,12693
5102,32,Male,Black,US,US,4,11,aggressive,13089
5103,40,Female,White,US,US,5,13,stylish,12939
5104,40,Female,Black,US,US,6,12,stylish,13091
5105,32,Male,White,US,US,5,13,luxurious,13104
5106,29,Male,White,US,US,5,13,aggressive,12715
5107,28,Male,White,US,US,5,13,sophisticated,12981
5108,40,Male,White,US,US,5,13,sporty,13004
5109,30,Male,Black,US,US,4,11,elegant,12779
5110,43,Female,White,US,US,5,13,sleek,13169
5111,31,Male,Black,US,US,6,12,sporty,13006
5112,41,Female,White,US,US,5,13,dynamic,12751
5113,31,Female,Black,US,US,4,11,stylish,12857
5114,43,Male,Black,US,US,6,12,sleek,12739
5115,48,Female,Black,US,US,4,11,dynamic,13203
5116,48,Female,Black,US,US,6,12,stylish,13233
5117,36,Female,White,US,US,9,10,aggressive,564
5118,41,Female,Black,US,US,4,11,aerodynamic,13261
5119,46,Female,White,US,US,3,10,aerodynamic,12863
5120,32,Female,White,US,US,5,13,aggressive,13250
5121,48,Female,White,US,US,3,10,sleek,13346
5122,32,Female,White,US,US,5,13,elegant,13195
5123,29,Female,Black,US,US,4,11,sophisticated,12986
5124,45,Male,Black,US,US,4,11,elegant,12639
5125,24,Male,White,US,US,6,11,aggressive,2298
5126,41,Male,White,US,US,3,10,dynamic,13294
5127,47,Female,Black,US,US,4,11,elegant,12992
5128,31,Male,White,US,US,3,10,sporty,13347
5129,31,Female,White,US,US,5,13,sophisticated,13319
5130,38,Female,Other race,US,US,2,10,modern,254
5131,44,Male,Black,US,US,4,11,sporty,13329
5132,31,Female,Black,US,US,4,11,modern,13478
5133,37,Female,Black,US,US,6,12,elegant,13377
5134,29,Male,Black,US,US,4,11,dynamic,13438
5135,36,Male,White,US,US,5,13,aggressive,13312
5136,43,Male,White,US,US,3,10,aerodynamic,13490
5137,47,Male,Black,US,US,4,11,luxurious,13286
5138,40,Female,Black,US,US,6,12,modern,13237
5139,29,Male,Black,US,US,6,12,elegant,12779
5140,41,Female,Black,US,US,6,12,aggressive,13516
5141,34,Female,White,US,US,3,10,stylish,13148
5142,31,Male,Black,US,US,4,11,sophisticated,13408
5143,29,Female,Black,US,US,4,11,luxurious,13361
5144,41,Female,White,US,US,5,13,aggressive,13299
5145,28,Male,Black,US,US,6,12,aerodynamic,13143
5146,47,Male,White,US,US,3,10,sophisticated,13141
5147,45,Female,White,US,US,3,10,stylish,13607
5148,33,Female,Black,US,US,6,12,sleek,13222
5149,41,Female,Black,US,US,6,12,stylish,13423
5150,33,Male,White,US,US,3,10,aggressive,13467
5151,41,Female,Black,US,US,4,11,modern,13397
5152,40,Female,Black,US,US,4,11,aggressive,13148
5153,36,Female,Black,US,US,4,11,sleek,13258
5154,36,Male,White,US,US,5,13,stylish,13334
5155,33,Male,Black,US,US,4,11,dynamic,13362
5156,35,Female,Black,US,US,6,12,luxurious,13222
5157,41,Male,White,US,US,3,10,dynamic,13547
5158,31,Male,White,US,US,4,10,stylish,287
5159,33,Male,Black,US,US,6,12,dynamic,13517
5160,47,Female,White,US,US,5,13,modern,13551
5161,30,Female,Black,US,US,6,12,sleek,13405
5162,33,Male,White,US,US,5,13,aerodynamic,13420
5163,45,Male,White,US,US,3,10,sporty,13167
5164,32,Female,White,US,US,5,13,dynamic,13080
5165,39,Male,Black,US,US,4,11,stylish,13781
5166,48,Female,Black,US,US,6,12,stylish,13640
5167,28,Male,White,US,US,5,13,modern,13794
5168,36,Female,White,US,US,5,13,dynamic,13385
5169,46,Female,Black,US,US,4,11,sporty,13467
5170,46,Male,White,US,US,3,10,dynamic,13583
5171,39,Female,Black,US,US,4,11,modern,13844
5172,42,Male,Black,US,US,4,11,luxurious,13420
5173,33,Male,Black,US,US,6,12,sophisticated,13620
5174,41,Female,White,US,US,3,10,dynamic,13378
5175,33,Female,Black,US,US,4,11,sophisticated,13537
5176,40,Female,White,US,US,3,10,sophisticated,13540
5177,41,Male,Black,US,US,6,12,dynamic,13846
5178,28,Male,Black,US,US,4,11,aggressive,13483
5179,30,Female,Black,US,US,4,11,stylish,13759
5180,47,Female,Black,US,US,6,12,elegant,13512
5181,37,Female,White,US,US,3,10,sophisticated,13955
5182,46,Male,Black,US,US,4,11,elegant,13875
5183,30,Male,Black,US,US,4,11,sleek,13984
5184,46,Female,White,US,US,5,13,aerodynamic,13850
5185,30,Male,Black,US,US,6,12,sophisticated,13190
5186,32,Male,Black,US,US,6,12,stylish,13870
5187,48,Male,Black,US,US,6,12,stylish,14022
5188,32,Male,White,US,US,5,13,aggressive,13820
5189,43,Female,White,US,US,5,10,sophisticated,4102
5190,30,Male,White,US,US,3,10,dynamic,13852
5191,37,Male,Black,US,US,6,12,modern,14075
5192,36,Male,Black,US,US,4,11,aggressive,13733
5193,48,Female,White,US,US,5,13,sporty,14093
5194,36,Male,White,US,US,5,13,aerodynamic,13836
5195,46,Male,Black,US,US,6,12,modern,13972
5196,46,Female,Black,US,US,6,12,aggressive,13993
5197,37,Male,Black,US,US,4,11,sophisticated,14179
5198,29,Male,Black,US,US,4,11,elegant,14178
5199,44,Male,Black,US,US,6,12,sophisticated,13770
5200,33,Female,White,US,US,3,10,sophisticated,14127
5201,36,Female,Black,US,US,4,11,sleek,13877
5202,51,Male,White,US,US,5,10,elegant,308
5203,51,Female,White,US,US,6,9,stylish,570
5204,42,Male,Black,US,US,4,11,stylish,14305
5205,46,Female,White,US,US,6,10,aggressive,582
5206,44,Male,White,US,US,3,10,modern,13986
5207,46,Male,White,US,US,3,10,stylish,14324
5208,54,Female,White,ky,ky,6,10,dynamic,2219
5209,38,Female,White,US,US,3,10,sophisticated,14180
5210,30,Female,Black,US,US,6,12,elegant,14417
5211,46,Male,White,US,US,5,13,aerodynamic,14138
5212,31,Male,White,US,US,5,13,aerodynamic,14313
5213,37,Male,Black,US,US,6,12,dynamic,14540
5214,34,Female,White,US,US,5,13,elegant,14243
5215,29,Male,White,US,US,3,10,luxurious,14205
5216,51,Female,White,US,US,4,10,modern,522
5217,34,Male,White,US,US,5,13,modern,14349
5218,33,Male,Black,US,US,4,11,dynamic,14606
5219,35,Female,Black,US,US,4,11,dynamic,14598
5220,41,Male,Black,US,US,4,11,aggressive,14107
5221,34,Female,Black,US,US,6,12,sporty,14521
5222,31,Male,Black,US,US,6,12,sleek,13922
5223,44,Female,White,US,US,3,10,modern,14666
5224,37,Male,Black,US,US,6,12,dynamic,14328
5225,42,Male,Black,US,US,6,12,sophisticated,14335
5226,28,Male,Black,US,US,6,12,luxurious,14281
5227,33,Female,Black,US,US,4,11,aggressive,14471
5228,46,Male,White,US,US,5,13,dynamic,14719
5229,47,Female,White,US,US,5,13,modern,14715
5230,44,Female,Black,US,US,4,11,sporty,14352
5231,37,Female,White,US,US,3,10,sporty,14436
5232,32,Female,White,US,US,5,13,sleek,14425
5233,29,Female,White,US,US,5,13,sophisticated,14649
5234,46,Male,Black,US,US,6,12,sleek,14654
5235,48,Male,Black,US,US,4,11,modern,14794
5236,31,Female,Black,US,US,6,12,sleek,14742
5237,29,Female,White,US,US,3,10,elegant,14434
5238,47,Female,Black,US,US,4,11,elegant,14276
5239,43,Female,White,US,US,5,13,luxurious,14680
5240,54,Female,White,ky,ky,6,10,aggressive,2671
5241,48,Female,White,US,US,3,10,modern,14717
5242,40,Male,White,US,US,5,13,dynamic,14729
5243,42,Male,Black,US,US,4,11,elegant,14839
5244,53,Female,White,US,US,5,10,aggressive,543
5245,37,Male,Black,US,US,6,12,aerodynamic,14652
5246,29,Male,White,US,US,5,13,elegant,14614
5247,31,Male,White,US,US,5,13,dynamic,14705
5248,35,Female,Black,US,US,4,11,aerodynamic,14719
5249,33,Male,White,US,US,5,13,sleek,14935
5250,36,Female,Black,US,US,6,12,elegant,14617
5251,35,Female,Black,US,US,6,12,dynamic,14721
5252,40,Female,White,US,US,5,13,sophisticated,14640
5253,32,Male,Black,US,US,6,12,sophisticated,14492
5254,44,Female,Black,US,US,6,12,sleek,14992
5255,29,Female,White,US,US,3,10,luxurious,14765
5256,33,Female,Black,US,US,6,12,sophisticated,14645
5257,39,Female,White,US,US,5,13,modern,15033
5258,45,Male,White,US,US,5,13,elegant,14868
5259,37,Female,Black,US,US,4,11,stylish,14956
5260,33,Female,Black,US,US,4,11,dynamic,15044
5261,33,Female,White,US,US,3,10,sleek,14817
5262,43,Female,Black,US,US,4,11,sleek,15056
5263,31,Female,White,US,US,3,10,stylish,14789
5264,48,Female,Black,US,US,6,12,aerodynamic,14829
5265,34,Female,White,US,US,5,13,modern,14887
5266,66,Female,White,ca,ca,6,10,sophisticated,2991
5267,41,Female,Black,US,US,4,11,modern,15254
5268,46,Male,Black,US,US,6,12,sleek,15132
5269,48,Female,White,US,US,5,13,stylish,14851
5270,26,Male,White,US,US,6,10,modern,285
5271,31,Female,Black,US,US,6,12,luxurious,15059
5272,38,Female,Black,US,US,4,11,sleek,15319
5273,26,Male,White,US,US,7,10,sophisticated,314
5274,31,Female,White,US,US,5,13,sleek,15178
5275,36,Male,Black,US,US,4,11,sophisticated,15369
5276,30,Female,Black,US,US,4,11,aerodynamic,15264
5277,32,Female,White,US,US,3,10,modern,15361
5278,32,Male,White,US,US,3,10,dynamic,15376
5279,40,Male,Black,US,US,6,12,dynamic,14895
5280,39,Male,White,US,US,5,13,aerodynamic,15408
5281,35,Male,White,US,US,5,13,dynamic,15421
5282,35,Female,Black,US,US,4,11,modern,15322
5283,41,Male,Black,US,US,4,11,dynamic,14892
5284,31,Male,Black,US,US,6,12,aggressive,15315
5285,44,Female,Black,US,US,4,11,modern,15269
5286,41,Male,Black,US,US,4,11,dynamic,15292
5287,28,Male,White,US,US,3,10,sporty,15008
5288,45,Female,Black,US,US,4,11,luxurious,15363
5289,29,Female,White,US,US,3,10,aggressive,15505
5290,38,Male,Black,US,US,4,11,sporty,15109
5291,32,Female,White,US,US,5,13,elegant,15202
5292,44,Female,White,US,US,5,13,aggressive,15155
5293,35,Male,White,US,US,3,10,aerodynamic,15406
5294,31,Female,Black,US,US,4,11,elegant,15552
5295,34,Male,White,US,US,3,10,aggressive,15419
5296,37,Male,White,US,US,3,10,sophisticated,15462
5297,47,Male,Black,US,US,6,12,sleek,15166
5298,39,Female,White,US,US,5,13,stylish,15477
5299,45,Female,White,US,US,3,10,aerodynamic,15465
5300,31,Female,White,US,US,5,13,luxurious,15633
5301,48,Female,White,US,US,5,13,aggressive,15440
5302,31,Female,White,US,US,3,10,modern,15416
5303,41,Female,Black,US,US,4,11,elegant,15371
5304,36,Female,Black,US,US,6,12,sophisticated,15565
5305,29,Male,White,US,US,5,13,dynamic,15392
5306,34,Male,White,US,US,3,10,modern,15642
5307,37,Female,White,US,US,3,10,aggressive,15696
5308,37,Female,White,US,US,3,10,aerodynamic,15851
5309,54,Female,White,ky,ky,6,10,stylish,3263
5310,36,Female,White,US,US,5,11,modern,923
5311,36,Female,White,US,US,3,10,modern,15501
5312,36,Male,Black,US,US,4,11,luxurious,15048
5313,33,Female,Black,US,US,6,12,luxurious,15612
5314,32,Female,White,US,US,3,10,sleek,16038
5315,31,Female,White,US,US,5,13,sleek,15931
5316,36,Female,Black,US,US,4,11,aerodynamic,15962
5317,40,Male,Black,US,US,4,11,dynamic,16114
5318,28,Male,Black,US,US,6,12,aerodynamic,16091
5319,39,Male,White,US,US,3,10,aerodynamic,15989
5320,42,Female,Black,US,US,6,12,sophisticated,16002
5321,39,Male,White,US,US,3,10,luxurious,16009
5322,42,Male,White,US,US,2,8,aggressive,13469
5323,32,Male,Asian Indian,IN,US,4,11,modern,241
5324,31,Female,White,US,US,3,10,aggressive,16178
5325,48,Male,White,US,US,5,13,sporty,15857
5326,50,Female,White,ky,ky,6,10,aerodynamic,3414
5327,36,Male,Black,US,US,6,12,stylish,16225
5328,28,Female,Black,US,US,4,11,stylish,16105
5329,42,Male,Black,US,US,4,11,luxurious,15903
5330,32,Male,White,US,US,4,11,modern,108
5331,32,Male,White,US,US,5,13,sporty,16061
5332,43,Female,White,oh,oh,6,10,aerodynamic,3322
5333,24,Male,Vietnamese,US,US,1,10,aggressive,274
5334,40,Female,White,US,US,3,10,modern,15975
5335,28,Female,Black,US,US,4,11,modern,16256
5336,32,Male,White,US,US,4,11,elegant,125
5337,47,Female,White,US,US,3,10,aggressive,16119
5338,38,Male,Black,US,US,4,11,sporty,16233
5339,34,Female,White,USA,USA,2,7,modern,369
5340,42,Male,Black,US,US,4,11,elegant,16177
5341,29,Male,White,US,US,3,10,sophisticated,16664
5342,32,Female,White,US,US,5,13,aggressive,16351
5343,37,Female,White,US,US,5,13,elegant,16301
5344,41,Male,Black,US,US,6,12,modern,16429
5345,35,Male,Black,US,US,6,12,aerodynamic,16759
5346,43,Male,Black,US,US,6,12,sleek,16353
5347,29,Male,Black,US,US,4,11,stylish,16834
5348,41,Male,White,US,US,3,10,sleek,16181
5349,33,Male,Black,US,US,6,12,sophisticated,16123
5350,35,Male,Black,US,US,6,12,elegant,16578
5351,31,Male,Black,US,US,4,11,modern,16484
5352,36,Female,White,US,US,3,10,luxurious,16463
5353,42,Male,Black,US,US,6,12,sleek,16814
5354,35,Female,White,US,US,3,10,elegant,17032
5355,32,Female,White,US,US,3,10,modern,16768
5356,60,Female,Black,US,US,6,10,dynamic,642
5357,44,Female,White,US,US,3,10,elegant,386
5358,40,Male,White,USA,USA,6,10,elegant,895
5359,43,Male,White,US,US,8,11,dynamic,472
5360,34,Female,White,US,US,6,10,sophisticated,328
5361,29,Female,Black,US,US,4,11,aerodynamic,17542
5362,38,Male,White,US,US,7,11,modern,409
5363,31,Female,Black,US,US,6,12,luxurious,17980
5364,34,Female,White,United States,IL,6,11,sleek,421
5365,37,Male,White,US,US,5,10,sleek,13902
5366,40,Male,White,USA,USA,6,10,elegant,1548
5367,37,Male,Black,US,US,4,11,dynamic,17835
5368,36,Male,Black,US,US,6,12,stylish,18369
5369,72,Female,White,US,US,5,10,dynamic,700
5370,47,Male,White,US,US,5,13,sporty,18253
5371,32,Female,White,US,US,5,13,stylish,18527
5372,33,Male,White,US,US,5,13,sporty,18040
5373,28,Female,White,US,US,3,10,aerodynamic,18279
5374,44,Male,White,US,US,3,10,aerodynamic,18704
5375,38,Female,White,US,US,6,9,sophisticated,560
5376,36,Male,Asian Indian,US,US,5,10,modern,266
5377,43,Male,White,US,US,3,10,sleek,18996
5378,41,Female,Black,US,US,4,11,elegant,18666
5379,46,Female,Black,US,US,6,12,luxurious,19050
5380,40,Male,White,US,US,5,10,aggressive,5585
5381,36,Male,Black,US,US,4,11,luxurious,19662
5382,35,Female,Black,US,US,4,11,sophisticated,19709
5383,34,Female,White,US,US,5,13,aerodynamic,19811
5384,36,Female,White,US,US,3,10,modern,19827
5385,62,Female,White,AL,AL,5,10,dynamic,467
5386,45,Male,White,US,US,4,10,sleek,637
5387,45,Female,Black,US,US,6,12,dynamic,19901
5388,38,Female,Black,US,US,4,11,aerodynamic,19886
5389,47,Male,White,US,US,3,10,aggressive,19790
5390,45,Female,White,US,US,5,10,elegant,93
5391,33,Female,White,US,US,3,10,sporty,20212
5392,40,Female,White,US,US,3,10,sleek,20187
5393,46,Female,Black,US,US,6,12,luxurious,20245
5394,43,Female,White,US,US,3,10,aggressive,20452
5395,41,Male,Black,US,US,6,12,modern,20326
5396,40,Male,White,US,US,5,10,aerodynamic,2630
5397,47,Female,Black,US,US,4,11,dynamic,20765
5398,39,Female,White,US,US,8,11,aggressive,496
5399,38,Female,White,US,US,5,13,sleek,21063
5400,30,Female,Black,US,US,6,12,sophisticated,20913
5401,33,Male,White,US,US,5,13,luxurious,20948
5402,40,Female,Black,US,US,4,11,dynamic,21046
5403,45,Female,White,United States,United States,3,9,luxurious,540
5404,29,Female,White,US,US,5,13,modern,21179
5405,32,Male,Black,US,US,6,12,elegant,21133
5406,61,Male,American Indian or Alaska native,US,US,2,10,sporty,26152
5407,32,Male,White,US,US,5,13,sporty,21770
5408,37,Male,White,US,US,5,13,elegant,21552
5409,29,Male,White,US,US,5,13,sporty,21898
5410,49,Female,White,AS,AM,5,6,sophisticated,499
5411,40,Male,White,US,US,5,10,sporty,7721
5412,35,Male,White,US,US,7,10,sophisticated,211
5413,40,Male,White,US,US,5,10,aerodynamic,8341
5414,53,Male,White,AS,AM,5,10,stylish,375
5415,27,Female,White,US,US,5,11,aerodynamic,774
5416,39,Male,Black,US,US,4,11,sporty,23050
5417,45,Female,White,US,US,5,13,aggressive,22846
5418,32,Female,Black,US,US,4,11,dynamic,22849
5419,31,Male,White,AM,AS,5,10,aggressive,100
5420,47,Male,Black,US,US,4,11,stylish,22953
5421,56,Female,White,US,US,4,4,aerodynamic,342
5422,28,Male,Black,US,US,4,11,luxurious,23388
5423,36,Male,White,US,US,6,11,aerodynamic,3437
5424,39,Male,White,US,US,3,10,modern,23669
5425,51,Female,White,US,US,4,10,luxurious,86
5426,38,Female,White,US,US,5,13,modern,23775
5427,30,Male,Black,US,US,6,12,sporty,24087
5428,38,Male,White,US,US,3,10,sophisticated,23408
5429,34,Female,Black,US,US,4,11,luxurious,23850
5430,48,Male,White,US,US,3,10,elegant,24137
5431,31,Female,Black,US,US,4,11,modern,23591
5432,34,Male,White,US,US,3,10,aggressive,23957
5433,42,Male,Black,US,US,6,12,sporty,23815
5434,49,Female,White,US,US,4,9,luxurious,633
5435,45,Female,Black,US,US,4,4,sleek,97
5436,30,Male,White,US,US,5,13,dynamic,23817
5437,47,Male,Black,US,US,6,12,aerodynamic,24432
5438,43,Female,Black,US,US,6,12,sporty,24356
5439,31,Male,Black,US,US,4,11,modern,23876
5440,36,Male,White,US,US,3,10,modern,24146
5441,39,Male,White,US,US,5,13,dynamic,23984
5442,29,Female,White,US,US,5,13,elegant,24223
5443,43,Male,Black,US,US,4,11,sporty,24418
5444,52,Female,White,US,US,4,10,dynamic,121
5445,39,Male,Black,US,US,4,11,sophisticated,24307
5446,37,Female,Black,US,US,6,12,aggressive,24235
5447,50,Female,White,USA,USA,5,10,aggressive,256
5448,35,Male,Black,US,US,4,11,luxurious,24348
5449,33,Male,Black,US,US,4,11,aerodynamic,24340
5450,41,Female,White,US,US,5,13,aerodynamic,24773
5451,33,Female,Black,US,US,4,11,sleek,24565
5452,42,Male,Black,US,US,6,12,stylish,24665
5453,28,Male,White,US,US,3,10,aggressive,24461
5454,41,Male,White,US,US,3,10,modern,24599
5455,48,Female,White,US,US,3,10,sporty,24585
5456,40,Male,Black,US,US,6,12,elegant,25035
5457,34,Female,White,US,US,5,13,sporty,25096
5458,42,Male,White,US,US,3,10,aerodynamic,24981
5459,34,Male,White,US,US,5,13,aerodynamic,24787
5460,32,Female,Black,US,US,6,12,dynamic,25124
5461,41,Female,White,US,US,5,13,sophisticated,24954
5462,37,Female,White,US,US,3,10,modern,24890
5463,36,Male,White,US,US,5,7,aggressive,310
5464,34,Female,Black,US,US,6,12,sleek,24905
5465,31,Male,White,US,US,3,10,aerodynamic,25278
5466,46,Female,Black,US,US,4,11,sleek,24892
5467,34,Female,Black,US,US,4,11,dynamic,25298
5468,40,Female,Black,US,US,6,12,modern,24908
5469,28,Female,White,US,US,5,13,dynamic,25433
5470,32,Male,Black,US,US,6,12,luxurious,25219
5471,33,Female,White,US,US,5,13,stylish,25172
5472,48,Female,Black,US,US,4,11,aerodynamic,25497
5473,41,Female,White,US,US,3,10,sleek,25442
5474,39,Female,White,US,US,5,13,sophisticated,25013
5475,46,Male,White,US,US,3,10,sporty,25293
5476,44,Male,Black,US,US,6,12,elegant,25332
5477,31,Female,White,US,US,5,13,sleek,25366
5478,28,Male,White,US,US,5,13,aerodynamic,25268
5479,46,Female,Black,US,US,6,12,luxurious,25118
5480,47,Female,White,US,US,5,13,sophisticated,25638
5481,44,Female,Black,US,US,4,11,elegant,25349
5482,45,Male,White,US,US,5,13,dynamic,25434
5483,28,Male,White,US,US,5,13,modern,25366
5484,31,Female,White,US,US,3,10,luxurious,25906
5485,30,Male,White,usa,usa,4,10,aerodynamic,30513
5486,31,Female,Black,US,US,6,12,dynamic,25799
5487,37,Male,Black,US,US,5,3,luxurious,551
5488,39,Male,Black,US,US,4,11,sophisticated,25936
5489,45,Female,Black,US,US,4,11,sleek,26004
5490,37,Female,White,US,US,7,10,elegant,17675
5491,30,Male,White,US,US,3,10,sophisticated,25618
5492,46,Male,White,US,US,3,10,aerodynamic,25598
5493,34,Male,White,US,US,5,13,dynamic,25540
5494,47,Female,Black,US,US,4,11,sporty,26153
5495,47,Male,White,US,US,5,13,aggressive,25772
5496,40,Female,Black,US,US,6,12,stylish,26218
5497,41,Female,White,US,US,5,13,sophisticated,25865
5498,40,Male,White,US,US,5,13,sophisticated,26160
5499,35,Female,White,US,US,5,13,luxurious,25870
5500,46,Female,White,US,US,5,13,dynamic,26392
5501,30,Male,White,us,us,4,3,modern,1935
5502,28,Female,White,US,US,3,10,aerodynamic,26155
5503,37,Female,White,US,US,5,13,sporty,26189
5504,36,Female,White,US,US,3,10,sophisticated,26197
5505,39,Female,Black,US,US,6,12,modern,26487
5506,30,Female,Black,US,US,6,12,dynamic,26091
5507,34,Female,Black,US,US,4,11,modern,26290
5508,48,Male,White,AX,AX,2,11,aggressive,150
5509,38,Female,Black,US,US,6,12,stylish,26475
5510,34,Female,White,US,US,3,10,elegant,26069
5511,47,Male,Black,US,US,6,12,sleek,26538
5512,31,Male,Black,US,US,6,12,stylish,26470
5513,48,Female,Black,US,US,4,11,elegant,26315
5514,44,Female,Black,US,US,6,12,stylish,26615
5515,43,Male,Black,US,US,6,12,sporty,26746
5516,36,Female,White,US,US,3,10,sporty,26484
5517,38,Female,White,US,US,5,13,sporty,26438
5518,28,Male,White,US,US,5,13,sophisticated,26631
5519,42,Male,White,US,US,3,10,stylish,26532
5520,34,Female,White,US,US,5,13,modern,26341
5521,40,Male,Black,US,US,4,11,stylish,26842
5522,29,Female,Black,US,US,4,11,modern,26433
5523,42,Female,Prefer not to answer,US,US,2,3,sporty,1295
5524,39,Female,Black,US,US,4,11,elegant,26641
5525,46,Female,White,US,US,5,13,elegant,26886
5526,34,Female,Black,US,US,6,12,elegant,26729
5527,42,Female,White,US,US,5,13,stylish,26893
5528,41,Male,Black,US,US,4,11,dynamic,26952
5529,43,Female,White,US,US,8,11,stylish,18830
5530,40,Female,White,US,US,3,10,sophisticated,27105
5531,46,Female,White,US,US,5,9,modern,90
5532,41,Male,White,US,US,5,13,aerodynamic,27302
5533,40,Female,White,US,US,5,13,luxurious,27444
5534,57,Male,White,US,US,3,7,dynamic,295
5535,31,Male,White,US,US,3,8,sophisticated,341
5536,33,Female,White,US,US,5,13,dynamic,27270
5537,45,Female,White,US,us,6,11,sleek,232
5538,30,Female,White,US,US,3,10,elegant,27654
5539,55,Female,White,US,US,7,13,sporty,349
5540,31,Male,White,US,US,5,13,luxurious,27785
5541,57,Male,White,US,US,5,7,sleek,503
5542,53,Female,White,US,US,5,10,sporty,280
5543,38,Male,Black,MD,US,5,10,modern,4278
5544,59,Male,White,US,US,4,10,sporty,481
5545,47,Female,White,US,US,5,13,modern,28030
5546,42,Male,White,US,US,5,7,modern,689
5547,47,Male,White,US,US,5,13,aggressive,28060
5548,39,Male,Black,US,US,4,11,stylish,28024
5549,47,Female,Black,US,US,6,10,aggressive,390
5550,41,Male,White,US,US,3,10,sporty,28171
5551,36,Male,White,US,US,3,10,dynamic,28098
5552,43,Male,White,US,US,7,10,dynamic,19950
5553,35,Male,Black,US,US,4,11,dynamic,28389
5554,48,Female,Black,US,US,6,12,luxurious,28406
5555,62,Male,White,US,US,5,10,modern,99
5556,34,Male,Black,US,US,6,12,stylish,28408
5557,37,Male,White,US,US,3,10,elegant,28225
5558,34,Male,White,US,US,3,10,dynamic,28574
5559,37,Female,Black,US,US,6,12,stylish,28499
5560,33,Female,White,AS,AS,8,10,aerodynamic,1750
5561,43,Male,Black,US,US,6,12,dynamic,28682
5562,60,Male,White,US,US,5,10,elegant,272
5563,29,Female,White,US,US,3,10,aggressive,28927
5564,41,Female,Black,US,US,6,12,sporty,29121
5565,43,Female,White,US,US,3,10,modern,28940
5566,35,Female,Black,US,US,4,11,aggressive,29086
5567,37,Male,White,US,US,3,10,sophisticated,28926
5568,31,Female,Black,US,US,6,12,aggressive,29020
5569,42,Female,Black,US,US,6,12,dynamic,28959
5570,48,Male,White,AS,AS,8,10,sophisticated,2402
5571,37,Female,Black,US,US,6,12,sophisticated,29232
5572,43,Female,Black,US,US,6,12,sophisticated,29187
5573,45,Male,White,US,US,6,8,sleek,20860
5574,43,Male,Black,US,US,6,12,sporty,29254
5575,46,Male,Black,US,US,6,12,dynamic,29132
5576,45,Female,Black,US,US,4,11,dynamic,29211
5577,42,Female,Black,US,US,4,11,luxurious,29403
5578,26,Male,White,USA,USA,5,10,elegant,713
5579,38,Female,White,US,US,3,10,stylish,29460
5580,41,Female,White,US,US,3,10,sleek,29517
5581,36,Male,Black,US,US,6,12,modern,29519
5582,36,Female,White,US,US,5,13,luxurious,29563
5583,37,Female,White,US,US,3,10,sleek,29721
5584,23,Female,White,US,US,5,10,sophisticated,140
5585,43,Male,Black,US,US,4,11,luxurious,29714
5586,31,Male,White,US,US,3,10,sporty,29493
5587,45,Male,Black,US,US,6,12,sporty,29737
5588,31,Female,White,US,US,3,10,luxurious,29665
5589,32,Female,White,US,US,3,10,aggressive,29848
5590,36,Female,White,US,US,5,13,elegant,29570
5591,30,Male,White,US,US,3,10,stylish,29630
5592,47,Male,White,US,US,5,8,sleek,339
5593,39,Female,Black,US,US,6,12,sophisticated,29806
5594,69,Male,White,United States,United States,9,10,elegant,487
5595,33,Female,White,US,US,3,10,modern,29722
5596,57,Male,White,US,US,6,9,sporty,268
5597,29,Female,White,United States,United States,7,8,modern,712
5598,37,Male,Black,US,US,6,12,sophisticated,29848
5599,38,Male,Black,US,US,4,11,dynamic,30078
5600,47,Male,White,US,US,4,7,sporty,399
5601,30,Male,Black,US,US,6,12,aerodynamic,30041
5602,36,Male,Black,US,US,4,11,luxurious,30249
5603,37,Male,White,US,US,5,13,sophisticated,30201
5604,35,Female,White,US,US,5,8,modern,363
5605,32,Female,Black,US,US,4,11,aggressive,30007
5606,34,Male,Black,US,US,6,12,luxurious,30280
5607,41,Female,White,US,US,5,7,luxurious,483
5608,43,Male,White,US,US,3,10,elegant,30287
5609,40,Female,Black,US,US,6,12,aggressive,30275
5610,30,Male,Black,US,US,6,12,luxurious,30106
5611,27,Female,White,USA,USA,5,10,aerodynamic,613
5612,33,Male,Black,US,US,6,12,aerodynamic,30217
5613,65,Male,White,US,US,7,11,stylish,330
5614,30,Male,Black,US,US,6,12,dynamic,29951
5615,30,Male,White,US,US,3,10,sporty,30493
5616,28,Male,Black,US,US,6,12,dynamic,30561
5617,43,Female,Black,US,US,6,12,dynamic,30271
5618,29,Male,White,US,FLORIDE,4,10,modern,360
5619,45,Male,Black,US,US,4,11,sleek,30449
5620,46,Female,White,US,US,3,10,sporty,30299
5621,35,Female,Black,US,US,4,11,elegant,30609
5622,39,Male,Black,US,US,6,12,sleek,30394
5623,44,Male,Black,US,US,4,11,sporty,30680
5624,47,Male,White,US,US,5,13,aggressive,30434
5625,38,Female,Other race,US,US,3,8,sleek,1238
5626,42,Female,White,US,US,5,13,modern,30774
5627,36,Female,White,US,US,3,10,aerodynamic,30847
5628,44,Male,White,US,US,3,10,dynamic,30589
5629,50,Male,White,US,US,7,10,aggressive,589
5630,34,Male,White,US,US,5,13,sporty,30630
5631,54,Female,White,US,US,3,12,sporty,340
5632,43,Male,White,US,US,5,13,sophisticated,30934
5633,30,Female,Black,US,US,4,11,aerodynamic,30744
5634,37,Female,Black,US,US,4,11,luxurious,30849
5635,59,Female,White,US,US,4,10,stylish,739
5636,51,Male,White,us,us,3,5,aggressive,2851
5637,48,Female,White,US,US,4,10,elegant,2999
5638,39,Female,White,us,us,5,10,aggressive,3055
5639,49,Male,White,us,us,7,11,modern,2976
5640,45,Male,White,us,us,6,11,aggressive,3044
5641,33,Male,Black,US,US,6,12,modern,31453
5642,25,Male,White,us,us,5,10,sophisticated,3108
5643,44,Male,White,us,us,6,13,stylish,3086
5644,24,Male,White,us,us,5,10,modern,3107
5645,62,Female,White,US,US,5,10,stylish,332
5646,30,Male,White,US,US,6,10,stylish,27985
5647,30,Female,White,US,US,3,10,dynamic,32009
5648,75,Female,White,US,us,5,7,luxurious,699
5649,38,Male,White,US,US,3,10,aerodynamic,32079
5650,37,Female,Black,US,US,4,11,modern,32210
5651,30,Male,White,US,US,6,10,sporty,284
5652,47,Female,White,US,US,5,13,stylish,32253
5653,30,Male,White,US,US,6,10,modern,513
5654,30,Female,Black,US,US,6,12,stylish,32359
5655,40,Female,White,US,US,3,10,modern,32372
5656,38,Female,Black,US,US,4,11,sleek,32741
5657,29,Male,Black,US,US,4,11,dynamic,32410
5658,57,Non-binary,White,US,US,8,10,elegant,413
5659,43,Female,White,US,US,3,10,sporty,32802
5660,55,Female,White,US,US,6,10,aggressive,398
5661,47,Female,Black,US,US,4,11,aggressive,32504
5662,46,Female,Black,us,us,4,8,sporty,401
5663,34,Female,Black,US,US,4,11,stylish,32454
5664,34,Female,Black,US,US,6,12,dynamic,32768
5665,33,Male,White,US,US,3,10,aggressive,32978
5666,36,Male,White,AL,AL,6,11,sporty,6230
5667,53,Female,White,AS,AS,8,10,sleek,888
5668,46,Male,Black,US,US,4,11,aggressive,32718
5669,38,Female,Black,US,US,4,11,elegant,32755
5670,29,Male,White,US,US,5,13,stylish,33147
5671,36,Male,White,AL,AL,6,11,aerodynamic,6223
5672,44,Male,White,US,US,3,10,sporty,32742
5673,62,Male,White,US,US,5,10,elegant,251
5674,34,Female,Black,US,US,6,12,elegant,33090
5675,45,Male,White,US,US,5,13,aerodynamic,33210
5676,35,Female,White,US,US,4,10,aerodynamic,1935
5677,33,Male,Black,US,US,6,12,modern,33095
5678,45,Male,Black,US,US,6,12,luxurious,33390
5679,28,Male,White,US,US,3,10,elegant,33404
5680,66,Female,White,US,US,7,10,aggressive,258
5681,36,Female,Black,US,US,6,12,modern,33225
5682,37,Female,White,US,US,3,10,aggressive,33221
5683,47,Female,Black,US,US,4,11,stylish,33397
5684,56,Male,White,US,US,5,10,sporty,336
5685,34,Female,White,US,US,5,10,modern,3190
5686,35,Male,Black,US,US,6,12,stylish,33537
5687,47,Male,White,US,US,3,10,luxurious,33327
5688,30,Male,White,us,us,5,6,aerodynamic,30508
5689,39,Male,Black,US,US,4,11,sophisticated,33222
5690,42,Male,White,United States,US,4,8,sporty,616
5691,39,Male,Black,US,US,6,12,stylish,33551
5692,43,Male,Black,US,US,4,11,sleek,33688
5693,48,Female,White,US,US,3,10,sporty,33415
5694,47,Male,White,US,US,7,10,aggressive,386
5695,47,Male,Black,US,US,6,12,luxurious,33391
5696,47,Male,White,US,US,6,11,modern,296
5697,40,Female,White,US,US,5,13,elegant,33708
5698,47,Female,White,US,US,3,10,stylish,33757
5699,42,Female,White,US,US,5,13,aerodynamic,33520
5700,43,Female,White,US,US,5,13,aerodynamic,33908
5701,39,Male,Black,US,US,4,11,modern,33888
5702,42,Male,White,US,US,5,10,aerodynamic,3458
5703,48,Female,White,US,US,5,13,modern,33602
5704,29,Male,Black,US,US,4,11,luxurious,33579
5705,63,Male,White,US,US,5,10,luxurious,29618
5706,31,Female,White,US,US,5,13,dynamic,34023
5707,29,Female,White,US,US,5,13,dynamic,33975
5708,41,Female,White,US,US,5,13,sporty,34026
5709,45,Female,Black,US,US,4,11,elegant,33834
5710,41,Male,Black,US,US,4,11,elegant,33767
5711,57,Male,White,United States,United States,6,10,aggressive,469
5712,30,Female,White,US,US,3,10,elegant,34018
5713,39,Female,Black,US,US,4,11,aggressive,33776
5714,42,Female,Black,US,US,5,10,aggressive,358
5715,46,Female,White,US,US,5,13,dynamic,34204
5716,36,Male,Black,US,US,4,11,luxurious,34162
5717,41,Female,White,US,US,5,10,aerodynamic,3739
5718,41,Female,Black,US,US,6,12,sporty,34116
5719,30,Female,White,US,US,5,13,sophisticated,33822
5720,47,Female,Black,US,US,4,11,aggressive,34113
5721,39,Male,Filipino,US,US,6,10,aggressive,421
5722,1969,Male,White,US,US,4,11,luxurious,897
5723,43,Female,Black,US,US,4,11,dynamic,34345
5724,72,Male,White,US,US,5,10,sleek,552
5725,29,Male,White,US,LA,3,10,elegant,208
5726,35,Female,Black,US,US,4,11,sleek,34405
5727,34,Male,White,us,US,3,10,elegant,685
5728,42,Male,White,US,US,4,10,elegant,3991
5729,47,Female,White,US,US,4,10,aerodynamic,250
5730,46,Male,Black,US,US,4,11,sporty,34496
5731,30,Female,Black,US,US,6,12,stylish,34551
5732,40,Male,White,United States,United States,8,13,sleek,450
5733,62,Female,White,US,US,6,10,aggressive,293
5734,46,Female,Black,US,US,3,6,aerodynamic,353
5735,32,Female,Black,US,US,4,11,dynamic,34501
5736,33,Male,White,US,US,5,13,luxurious,34592
5737,39,Female,White,US,US,3,10,modern,34816
5738,39,Male,Other Asian,US,US,8,11,dynamic,348
5739,43,Male,White,US,US,3,10,dynamic,34789
5740,42,Male,White,US,US,4,10,luxurious,2702
5741,38,Female,Black,US,US,6,12,elegant,34996
5742,45,Female,White,US,US,3,10,modern,34697
5743,47,Male,Black,US,US,6,12,sophisticated,34689
5744,34,Male,White,US,US,3,10,aerodynamic,456
5745,43,Male,White,US,US,4,8,dynamic,376
5746,35,Male,Black,US,US,4,11,luxurious,34666
5747,45,Male,Black,US,US,4,11,dynamic,34978
5748,31,Male,Black,US,US,4,11,dynamic,34743
5749,35,Female,Black,US,US,6,12,aggressive,34844
5750,36,Male,White,US,US,5,13,sophisticated,35213
5751,32,Female,White,US,US,3,10,elegant,34867
5752,36,Female,Black,US,US,4,11,sporty,35027
5753,29,Male,White,US,US,6,13,modern,474
5754,34,Female,Black,US,US,4,11,modern,35010
5755,43,Female,Black,US,US,4,11,sporty,34653
5756,40,Male,White,US,US,5,10,stylish,294
5757,48,Female,Black,US,US,4,10,stylish,949
5758,47,Male,Black,US,US,6,12,sleek,35047
5759,30,Male,White,US,US,3,10,dynamic,35428
5760,38,Male,White,US,US,3,10,sporty,35454
5761,39,Female,White,US,US,3,10,aerodynamic,35161
5762,50,Male,White,US,US,5,10,elegant,30920
5763,43,Female,White,US,US,3,10,aerodynamic,35173
5764,30,Male,White,US,US,3,10,modern,35017
5765,32,Female,Black,US,US,4,11,luxurious,35354
5766,45,Female,White,US,US,3,10,sophisticated,35429
5767,45,Male,Black,US,US,4,11,stylish,35638
5768,29,Male,White,US,MU,3,10,elegant,1170
5769,31,Female,White,US,US,3,10,aerodynamic,35405
5770,34,Male,Black,US,US,6,12,sleek,35663
5771,44,Male,White,US,US,6,6,sleek,420
5772,35,Male,Black,CA,CA,5,11,sophisticated,2661
5773,37,Male,White,US,US,3,10,sophisticated,35345
5774,27,Female,White,CA,US,4,11,aerodynamic,414
5775,47,Female,Black,US,US,6,12,dynamic,35617
5776,38,Female,Black,US,US,4,11,sleek,35639
5777,71,Female,White,US,US,4,11,luxurious,434
5778,33,Male,White,US,US,3,10,sporty,34979
5779,39,Male,Black,US,US,4,11,aerodynamic,35468
5780,29,Male,Black,US,AS,3,10,aerodynamic,1358
5781,26,Female,White,US,US,8,11,dynamic,345
5782,45,Female,Black,US,US,4,11,sporty,35382
5783,38,Male,White,US,US,3,10,dynamic,35907
5784,32,Female,White,US,US,3,10,sleek,35610
5785,34,Male,White,US,US,3,10,modern,790
5786,42,Female,White,US,US,3,10,dynamic,35580
5787,43,Female,Black,US,US,6,12,aggressive,35971
5788,35,Male,Black,US,US,4,11,sleek,35536
5789,33,Female,White,US,US,5,13,sophisticated,35595
5790,33,Female,White,US,US,5,13,elegant,35933
5791,29,Male,White,US,AX,3,10,sleek,1527
5792,54,Male,White,US,US,5,10,modern,31835
5793,44,Female,White,US,US,3,10,aggressive,36062
5794,43,Male,White,US,US,5,13,stylish,36085
5795,61,Male,White,US,US,6,10,sleek,329
5796,26,Female,White,US,US,8,11,sleek,616
5797,57,Female,White,usa,US,5,4,sleek,478
5798,49,Male,White,US,US,6,10,sleek,539
5799,31,Male,White,US,US,5,13,sporty,35825
5800,29,Female,Black,US,DZ,3,10,stylish,1625
5801,35,Male,Black,US,US,5,10,sporty,3363
5802,32,Female,White,CA,PA,6,12,stylish,337
5803,47,Male,Black,US,US,6,12,sophisticated,36079
5804,33,Female,White,US,US,4,8,dynamic,3877
5805,37,Male,White,US,US,3,10,luxurious,36251
5806,42,Female,Black,US,US,4,11,aggressive,35898
5807,28,Female,White,US,US,5,13,dynamic,36085
5808,29,Female,Black,US,BY,3,10,elegant,1626
5809,44,Female,White,US,US,5,13,dynamic,36128
5810,29,Male,White,US,US,5,13,aggressive,36139
5811,36,Female,Black,US,US,4,11,sophisticated,35913
5812,28,Female,Black,US,US,4,11,modern,36128
5813,39,Female,Black,US,US,4,11,aerodynamic,35958
5814,48,Female,White,US,US,6,11,elegant,531
5815,29,Male,White,US,DZ,3,10,aerodynamic,1777
5816,35,Male,Black,US,US,5,11,elegant,3459
5817,35,Male,White,US,US,3,10,aerodynamic,36365
5818,38,Female,White,US,US,5,13,aggressive,36093
5819,40,Male,White,US,US,3,10,sophisticated,36515
5820,34,Female,Black,US,US,6,12,sporty,36169
5821,29,Male,Black,US,BD,3,10,modern,1953
5822,37,Female,White,US,US,3,10,aerodynamic,36483
5823,28,Male,White,US,US,5,13,stylish,36460
5824,29,Female,Black,US,BJ,3,10,stylish,2092
5825,41,Male,White,US,US,5,10,luxurious,32624
5826,42,Male,White,US,US,4,10,stylish,4372
5827,34,Male,White,US,US,3,10,sleek,792
5828,65,Male,White,US,US,8,13,aggressive,321
5829,28,Female,White,US,US,5,10,aerodynamic,1347
5830,29,Male,White,US,KY,3,10,modern,2259
5831,31,Female,White,US,US,6,11,sophisticated,380
5832,36,Male,White,US,US,6,11,sleek,41864
5833,29,Female,White,US,US,5,13,sporty,36502
5834,29,Male,Black,US,US,4,11,aggressive,36571
5835,45,Female,Black,US,US,4,11,modern,37038
5836,42,Female,White,US,US,3,10,sleek,36736
5837,23,Male,White,ca,ca,4,11,dynamic,612
5838,29,Female,Black,US,US,4,11,elegant,37067
5839,41,Female,White,US,US,5,13,sporty,37080
5840,29,Male,White,US,AL,3,10,sophisticated,2411
5841,35,Male,White,US,US,4,10,aerodynamic,4654
5842,48,Male,Black,US,US,4,11,aggressive,36686
5843,42,Female,Black,US,US,6,11,elegant,3882
5844,26,Male,Black,US,US,5,11,sleek,714
5845,36,Male,White,US,US,6,11,stylish,42038
5846,29,Male,Black,US,BB,3,10,dynamic,2487
5847,35,Female,White,US,US,2,9,modern,348
5848,44,Female,White,US,US,5,13,dynamic,36601
5849,48,Male,Black,US,US,4,11,dynamic,37274
5850,29,Male,White,US,DZ,3,10,sophisticated,2586
5851,66,Female,White,US,US,6,10,sporty,258
5852,44,Female,White,US,US,5,13,aerodynamic,37214
5853,46,Female,White,US,US,5,10,elegant,4886
5854,39,Female,Black,US,US,6,12,modern,37276
5855,29,Male,Black,US,AR,3,10,stylish,2693
5856,31,Male,Black,US,US,4,11,sleek,37092
5857,40,Female,White,US,US,5,13,aggressive,37017
5858,66,Female,White,US,US,5,9,sporty,468
5859,43,Female,Black,US,US,5,11,modern,4362
5860,29,Female,White,US,US,5,13,sporty,37366
5861,60,Female,White,US,US,5,8,modern,428
5862,29,Female,White,US,AL,3,10,aerodynamic,2824
5863,43,Female,Black,US,US,6,10,modern,4419
5864,70,Male,White,US,US,4,10,sporty,948
5865,29,Male,Black,US,DZ,2,10,modern,2990
5866,46,Male,White,US,US,5,10,aggressive,81
5867,34,Male,White,US,US,3,10,elegant,840
5868,29,Male,White,US,US,3,10,elegant,37355
5869,46,Female,White,US,US,4,10,modern,5291
5870,29,Female,Black,US,AM,4,10,elegant,3051
5871,62,Male,White,US,US,5,11,dynamic,344
5872,34,Female,Black,US,US,4,11,modern,4966
5873,42,Male,Black,US,US,4,11,sophisticated,37733
5874,35,Female,Black,US,US,6,12,sleek,37495
5875,29,Male,White,US,DZ,3,10,stylish,3148
5876,29,Male,Black,US,US,4,11,sleek,37576
5877,41,Female,White,US,US,5,13,sophisticated,38036
5878,29,Male,White,US,BZ,3,10,modern,3238
5879,41,Male,White,US,US,5,13,elegant,37596
5880,53,Male,White,US,US,2,11,sporty,465
5881,29,Female,Black,US,AL,3,10,modern,3351
5882,56,Male,White,us,us,6,9,sleek,348
5883,35,Male,White,US,US,5,13,dynamic,37818
5884,29,Male,White,US,AU,3,10,sophisticated,3416
5885,36,Female,Black,US,US,4,11,stylish,38039
5886,28,Male,White,US,US,3,10,elegant,38379
5887,35,Male,Black,US,US,2,12,luxurious,336
5888,29,Male,White,US,AQ,3,10,sophisticated,3523
5889,39,Female,White,US,US,5,13,elegant,38167
5890,42,Female,White,US,US,5,13,stylish,38185
5891,29,Male,Black,US,BD,3,10,luxurious,3619
5892,46,Male,White,US,US,5,13,sporty,38288
5893,28,Male,White,ca,ca,4,11,aggressive,470
5894,27,Male,White,US,US,6,10,luxurious,401
5895,40,Female,White,USA,USA,6,10,dynamic,372
5896,44,Female,Black,US,US,4,11,dynamic,38182
5897,47,Male,White,US,US,5,13,elegant,38498
5898,30,Female,White,US,US,3,10,modern,38185
5899,29,Female,Black,US,AW,3,10,elegant,3713
5900,33,Female,Black,US,US,4,11,aerodynamic,38417
5901,33,Female,White,US,US,4,10,modern,379
5902,47,Male,Black,US,US,6,12,dynamic,38675
5903,42,Male,Black,US,US,4,11,sophisticated,38829
5904,60,Female,White,US,US,4,10,stylish,481
5905,29,Male,Black,US,AM,3,10,elegant,3793
5906,40,Female,Black,US,US,6,12,modern,38567
5907,33,Female,White,US,FR,4,10,aerodynamic,967
5908,50,Female,White,US,US,5,6,sporty,376
5909,35,Female,White,United States,United States,4,10,modern,318
5910,31,Female,White,US,US,5,10,elegant,7731
5911,30,Male,White,US,US,4,10,modern,312
5912,32,Male,Black,US,US,6,12,aggressive,38942
5913,48,Female,White,Usa,Usa,4,9,modern,400
5914,59,Male,White,US,US,7,11,modern,327
5915,40,Female,Black,US,US,4,11,stylish,38889
5916,39,Male,White,US,US,4,10,elegant,8343
5917,31,Male,Black,US,US,6,12,stylish,39228
5918,56,Female,White,US,US,6,8,sophisticated,446
5919,34,Male,Black,US,US,4,11,luxurious,39333
5920,33,Male,White,US,US,5,9,sophisticated,2058
5921,31,Female,White,US,US,3,10,modern,39353
5922,38,Female,White,US,US,3,10,aggressive,39134
5923,62,Female,White,US,US,4,7,aggressive,459
5924,35,Male,Black,US,US,6,12,stylish,39199
5925,39,Female,White,US,US,5,13,stylish,39218
5926,42,Female,Black,US,US,4,11,aggressive,39237
5927,38,Female,White,US,US,4,10,stylish,8459
5928,37,Female,White,US,US,5,13,luxurious,39675
5929,26,Male,White,US,US,5,10,dynamic,793
5930,29,Male,Black,US,US,6,12,stylish,39701
5931,33,Male,Black,US,US,4,11,dynamic,39825
5932,31,Male,White,US,US,5,13,elegant,39888
5933,43,Male,White,US,US,4,10,aerodynamic,8804
5934,45,Male,Black,US,US,4,11,sophisticated,39546
5935,35,Male,White,US,US,3,10,modern,39929
5936,34,Male,White,US,US,5,10,sophisticated,29303
5937,33,Male,White,US,US,3,10,sophisticated,39540
5938,31,Male,White,USA,USA,7,10,aggressive,681
5939,34,Female,Black,US,US,6,12,sophisticated,39417
5940,63,Male,White,US,US,3,10,dynamic,386
5941,42,Male,Black,US,US,4,11,sporty,39911
5942,48,Male,Black,US,US,5,10,aggressive,873
5943,33,Female,White,US,US,5,13,sleek,40041
5944,45,Female,White,US,US,3,10,sophisticated,39982
5945,36,Female,Black,US,US,6,12,aerodynamic,40121
5946,33,Male,White,US,US,3,10,sporty,39851
5947,28,Male,Other Asian,usa,usa,7,10,modern,254
5948,35,Male,White,US,US,5,10,luxurious,752
5949,37,Female,Black,US,US,6,12,sleek,39969
5950,39,Male,White,US,US,5,10,dynamic,9161
5951,46,Female,White,US,US,5,13,aerodynamic,40207
5952,35,Male,Black,US,US,6,12,aerodynamic,39871
5953,31,Male,Black,US,US,6,12,sporty,39885
5954,44,Female,White,US,US,5,13,aerodynamic,39956
5955,54,Female,White,usa,usa,8,10,aggressive,363
5956,37,Female,Black,US,US,4,11,aggressive,40150
5957,42,Male,White,US,US,5,13,aggressive,39774
5958,37,Female,White,US,US,4,10,sleek,9551
5959,38,Male,Black,US,US,4,11,sophisticated,40486
5960,70,Female,White,US,US,5,8,luxurious,672
5961,34,Male,White,US,US,5,13,dynamic,40498
5962,46,Female,Black,US,US,6,12,aerodynamic,40520
5963,40,Male,White,US,US,3,10,elegant,40261
5964,29,Female,White,US,US,3,10,elegant,40575
5965,30,Male,White,US,US,5,13,sporty,40605
5966,29,Male,White,US,US,7,11,aggressive,1325
5967,40,Male,Black,US,US,4,11,aerodynamic,40522
5968,36,Male,White,US,US,6,13,stylish,1098
5969,67,Female,White,US,US,4,7,sleek,373
5970,38,Female,White,US,US,5,13,dynamic,40662
5971,41,Female,White,US,US,3,10,sleek,40188
5972,26,Male,White,ca,ca,4,11,modern,358
5973,46,Male,White,US,US,5,13,sporty,40559
5974,36,Female,Black,US,US,6,12,sleek,40838
5975,46,Male,White,US,US,5,9,sporty,427
5976,45,Female,White,US,US,3,10,luxurious,40745
5977,28,Male,White,US,US,8,10,modern,226
5978,30,Male,Black,US,US,4,11,aerodynamic,40591
5979,43,Female,Black,US,US,4,11,aerodynamic,40668
5980,29,Male,White,US,US,5,13,dynamic,40811
5981,46,Male,White,US,US,6,7,sleek,298
5982,28,Male,White,US,US,3,10,stylish,41118
5983,30,Female,Black,US,US,4,11,elegant,40847
5984,44,Male,Black,US,US,6,12,sleek,41172
5985,48,Male,White,US,US,6,10,sophisticated,158
5986,43,Male,White,US,US,5,13,stylish,41179
5987,34,Male,White,US,US,4,10,sophisticated,10352
5988,74,Male,White,US,US,5,10,modern,618
5989,52,Female,White,US,US,5,6,sleek,397
5990,32,Male,White,US,US,3,10,stylish,41181
5991,43,Male,Black,US,US,4,11,dynamic,40939
5992,44,Female,White,US,US,5,13,sophisticated,40852
5993,47,Male,White,US,US,5,13,sleek,41237
5994,47,Male,White,US,US,5,13,luxurious,41006
5995,28,Female,White,US,US,5,13,aerodynamic,41009
5996,42,Female,Black,US,US,6,12,sleek,41424
5997,41,Female,Black,US,US,4,11,sophisticated,40577
5998,32,Male,White,US,US,4,10,stylish,692
5999,29,Female,White,US,US,4,10,elegant,10753
6000,55,Male,White,ca,ca,4,11,sleek,714
6001,60,Female,White,US,US,3,9,sophisticated,711
6002,43,Female,Black,US,US,4,11,stylish,41562
6003,31,Female,White,US,US,5,13,modern,41467
6004,41,Male,Black,US,US,6,12,elegant,41314
6005,43,Male,White,United States,United States ,4,6,dynamic,271
6006,41,Male,Black,US,US,6,12,elegant,41735
6007,44,Male,White,US,US,3,10,luxurious,41539
6008,44,Male,White,US,US,5,13,stylish,41245
6009,36,Female,White,US,US,4,10,sophisticated,11147
6010,44,Male,White,US,US,5,13,aerodynamic,41845
6011,30,Male,White,US,US,5,6,stylish,361
6012,50,Male,White,US,US,7,8,aerodynamic,361
6013,46,Male,White,US,US,5,13,dynamic,41732
6014,43,Female,Black,US,US,6,12,dynamic,41957
6015,29,Female,White,US,US,5,13,stylish,41305
6016,47,Male,Black,US,US,6,12,stylish,42022
6017,34,Male,White,US,US,2,10,aggressive,240
6018,59,Male,White,US,US,7,11,aerodynamic,620
6019,46,Female,White,US,US,5,13,sophisticated,41784
6020,43,Male,White,US,US,5,13,dynamic,41914
6021,31,Male,Black,US,US,6,12,modern,41685
6022,42,Male,White,US,US,4,10,aggressive,11584
6023,32,Male,White,US,US,5,13,sporty,41853
6024,36,Female,Black,US,US,4,11,elegant,41869
6025,22,Male,White,US,US,4,10,aggressive,244
6026,29,Female,White,US,US,5,13,sporty,41937
6027,34,Female,White,US,US,5,13,sporty,42238
6028,46,Female,Black,US,US,4,11,luxurious,41992
6029,40,Male,White,US,US,3,10,sleek,42349
6030,44,Male,Black,US,US,4,11,stylish,42306
6031,43,Male,White,US,US,5,13,aerodynamic,42136
6032,42,Male,Black,US,US,6,12,sophisticated,42257
6033,45,Female,White,US,US,5,10,aerodynamic,1077
6034,31,Male,Black,US,US,4,11,aggressive,42583
6035,45,Male,White,US,US,5,13,dynamic,42679
6036,38,Male,Black,US,US,4,11,luxurious,42622
6037,45,Male,White,US,US,5,10,stylish,1088
6038,43,Female,Black,US,US,6,12,aggressive,42378
6039,65,Female,White,US,US,3,7,luxurious,745
6040,63,Male,White,US,US,4,10,sporty,764
6041,39,Female,White,US,US,3,10,elegant,42436
6042,39,Female,White,US,US,9,6,aggressive,339
6043,45,Male,White,US,US,5,10,aggressive,1090
6044,59,Male,Other Asian,US,US,2,8,sporty,497
6045,45,Male,White,US,US,5,10,stylish,862
6046,66,Male,White,US,US,5,7,dynamic,541
6047,47,Female,White,US,US,3,10,aerodynamic,42855
6048,33,Female,White,US,US,3,10,sophisticated,42454
6049,39,Male,White,US,US,8,7,aggressive,260
6050,60,Male,White,US,us,5,11,sophisticated,493
6051,32,Female,Black,US,US,6,12,sophisticated,42919
6052,39,Female,Black,US,US,4,11,elegant,42609
6053,48,Female,White,US,US,3,10,sporty,42619
6054,25,Female,White,US,US,3,9,sporty,241
6055,48,Male,White,US,US,8,12,modern,252
6056,45,Male,White,US,US,5,10,sleek,857
6057,32,Female,White,US,US,7,10,aerodynamic,282
6058,50,Female,White,US,US,5,10,aggressive,487
6059,57,Female,White,US,US,4,10,luxurious,355
6060,32,Female,White,US,US,5,10,modern,320
6061,29,Male,White,US,US,4,10,sophisticated,387
6062,33,Male,White,US,US,5,10,elegant,290
6063,57,Female,White,USA,USA,4,10,luxurious,1092
6064,26,Male,White,United States,CA,9,10,dynamic,203
6065,38,Male,White,US,US,6,11,luxurious,451
6066,80,Female,White,US,US,4,7,modern,381
6067,28,Male,White,US,US,7,11,aggressive,4799
6068,56,Female,White,US,US,3,8,sophisticated,365
6069,30,Male,White,US,US,6,11,dynamic,292
6070,31,Female,White,US,US,4,10,stylish,364
6071,52,Male,White,US,US,7,9,elegant,345
6072,34,Female,White,US,US,4,8,modern,202
6073,30,Female,White,US,US,3,6,aerodynamic,360
6074,30,Male,White,US,US,7,10,aerodynamic,5615
6075,47,Male,White,US,US,5,10,sophisticated,1431
6076,70,Female,White,US,US,3,9,modern,2540
6077,61,Female,White,US,US,2,6,dynamic,434
6078,55,Female,White,US,US,5,10,aggressive,280
6079,23,Male,Black,US,US,4,10,stylish,1551
6080,27,Female,White,us,US,4,11,sophisticated,3712
6081,30,Female,White,US,US,3,10,modern,5236
6082,27,Female,White,US,US,6,11,luxurious,2946
6083,27,Female,White,US,us,6,11,aerodynamic,3290
6084,28,Non-binary,White,US,US,3,8,elegant,557
6085,48,Male,White,US,US,3,10,elegant,2064
6086,58,Female,White,US,US,6,11,sleek,6248
6087,25,Female,White,usa,usa,6,10,sleek,39510
6088,25,Female,White,USA,USA,6,10,aggressive,39476
6089,43,Female,White,US,US,4,9,aggressive,597
6090,40,Male,White,US,US,5,10,sleek,31210
6091,30,Female,Prefer not to answer,USA,USA,3,7,sophisticated,13367
6092,40,Male,White,US,US,4,8,elegant,756
6093,36,Male,Other Asian,US,US,6,10,aggressive,422
6094,76,Female,White,US,US,4,11,sophisticated,459
6095,49,Female,White,USA,USA,5,10,dynamic,479
6096,47,Male,White,US,US,5,9,sleek,1518
6097,18,Male,Asian Indian,US,US,2,7,luxurious,580
6098,31,Female,White,United States,KY,8,11,sporty,174
6099,40,Male,White,US,US,5,10,luxurious,31181
6100,31,Female,White,US,US,3,14,modern,460
6101,30,Female,White,US,US,7,11,sophisticated,6824
6102,53,Female,White,US,US,4,7,stylish,299
6103,27,Male,White,US,US,7,10,luxurious,7278
6104,40,Female,Black,US,US,4,11,elegant,805
6105,70,Female,White,US,US,6,10,aggressive,417
6106,40,Male,White,US,US,5,10,aggressive,31481
6107,32,Female,Black,US,US,7,10,luxurious,486
6108,26,Male,White,usa,usa,4,8,dynamic,158
6109,28,Male,White,US,US,6,10,sleek,7505
6110,33,Male,White,US,US,4,6,sleek,341
6111,29,Male,Japanese,US,US,8,10,luxurious,250
6112,40,Male,White,US,US,5,10,aggressive,31633
6113,27,Female,White,US,US,5,11,modern,406
6114,41,Male,White,US,US,7,13,sporty,362
6115,62,Male,White,US,US,3,8,sporty,573
6116,33,Female,White,US,US,4,8,sporty,646
6117,58,Male,White,US,US,4,6,sophisticated,440
6118,34,Male,White,US,US,7,11,sporty,7693
6119,24,Female,White,US,US,5,8,modern,7904
6120,49,Female,Black,Texas,USA,3,10,aerodynamic,359
6121,35,Male,White,US,US,8,10,luxurious,433
6122,27,Male,White,US,US,5,6,luxurious,8073
6123,36,Male,White,MI,MI,3,10,dynamic,738
6124,42,Male,Asian Indian,US,IN,7,10,sporty,679
6125,51,Female,White,US,US,4,11,dynamic,476
6126,43,Male,White,US,US,6,9,aerodynamic,376
6127,48,Female,White,AF,AX,6,11,aggressive,15814
6128,39,Female,White,US,US,6,10,aerodynamic,789
6129,68,Female,White,US,US,6,11,sophisticated,516
6130,23,Male,White,US,US,4,4,sporty,8425
6131,45,Male,White,US,US,7,11,aerodynamic,154
6132,33,Female,White,US,US,6,8,aerodynamic,341
6133,67,Female,White,US,US,4,9,sleek,401
6134,48,Female,White,AF,AX,5,11,sophisticated,15479
6135,48,Female,White,AF,AX,6,11,aerodynamic,15543
6136,30,Male,White,US,US,5,11,sleek,193
6137,47,Female,White,AF,AL,5,11,sporty,15795
6138,35,Male,White,US,US,6,10,sleek,1570
6139,48,Female,White,AF,AX,5,11,sophisticated,16394
6140,51,Female,White,US,US,3,10,sleek,343
6141,40,Male,White,US,US,5,10,elegant,3943
6142,40,Male,White,US,US,6,10,luxurious,249
6143,29,Female,Black,US,US,4,10,aggressive,976
6144,35,Male,White,US,US,6,10,sophisticated,2581
6145,43,Female,White,US,US,6,11,dynamic,435
6146,49,Female,White,US,US,7,10,modern,23629
6147,40,Male,White,US,US,5,10,sporty,35110
6148,35,Male,White,US,US,6,10,dynamic,2931
6149,36,Male,White,US,US,3,7,aggressive,522
6150,61,Male,White,US,US,4,10,modern,679
6151,53,Male,White,US,US,6,8,luxurious,398
6152,42,Female,White,US,US,7,10,sophisticated,24195
6153,39,Female,White,US,US,4,9,aerodynamic,491
6154,30,Male,Filipino,US,US,5,10,sporty,317
6155,29,Prefer not to answer,Prefer not to answer,US,US,9,14,luxurious,114
6156,50,Female,White,USA,USA,8,8,sophisticated,344
6157,36,Male,White,AZ,AZ,3,10,sleek,225
6158,45,Female,White,US,US,6,7,dynamic,402
6159,31,Female,Chinese,usa,usa,8,11,modern,387
6160,37,Male,White,NY,NY,3,10,aerodynamic,177
6161,36,Female,White,US,US,5,10,luxurious,559
6162,28,Male,White,US,US,7,10,sophisticated,1105
6163,24,Female,White,US,US,4,11,elegant,286
6164,39,Male,White,US,US,7,10,dynamic,24865
6165,67,Female,White,US,US,4,7,stylish,1144
6166,20,Male,American Indian or Alaska native,AS,AR,4,11,aerodynamic,579
6167,42,Male,White,US,US,6,10,sophisticated,565
6168,48,Male,White,US,US,7,10,luxurious,25315
6169,32,Male,Other race,United States,US,5,8,modern,409
6170,27,Male,White,US,US,7,10,stylish,1556
6171,21,Male,Native Hawaiian,AQ,AO,3,10,stylish,157
6172,47,Male,White,US,US,6,11,dynamic,256
6173,28,Male,White,US,US,7,10,sporty,1620
6174,76,Male,White,US,US,5,11,aerodynamic,459
6175,27,Female,White,US,US,3,11,aggressive,161
6176,66,Male,Prefer not to answer,united states,united states,2,11,modern,314
6177,40,Female,White,US,US,3,7,luxurious,340
6178,28,Male,White,US,US,7,10,aerodynamic,1639
6179,51,Female,White,Usa,Usa,7,11,luxurious,471
6180,21,Male,Asian Indian,AU,BR,4,12,sophisticated,309
6181,27,Male,White,US,US,7,10,stylish,1581
6182,30,Male,White,US,US,4,6,sleek,566
6183,59,Female,White,US,US,7,8,aerodynamic,429
6184,52,Male,White,US,US,7,10,stylish,26049
6185,27,Male,White,US,US,6,10,aerodynamic,1392
6186,50,Male,White,US,US,5,10,elegant,232
6187,65,Female,White,US,US,7,10,stylish,428
6188,32,Female,White,US,US,4,8,sophisticated,1056
6189,47,Female,White,USA,USA,8,13,aggressive,424
6190,38,Female,Asian Indian,US,US,5,9,luxurious,216
6191,42,Female,White,United States,PA,2,8,sophisticated,470
6192,50,Female,White,US,US,7,10,dynamic,26512
6193,22,Male,White,BO,CR,3,11,dynamic,191
6194,63,Male,White,US,US,5,6,luxurious,412
6195,36,Male,Black,US,US,6,10,sporty,299
6196,26,Male,White,US,US,4,10,sleek,218
6197,50,Female,White,US,US,8,11,aggressive,1722
6198,66,Female,White,US,US,3,6,sporty,697
6199,35,Male,White,US,US,4,10,aerodynamic,2004
6200,41,Male,White,US,US,7,10,aerodynamic,27045
6201,56,Female,White,United States,US,4,6,luxurious,606
6202,35,Female,White,US,US,4,11,aggressive,269
6203,57,Female,White,US,US,2,10,modern,454
6204,43,Male,White,US,US,7,8,elegant,27398
6205,26,Female,Black,US,US,2,10,sophisticated,290
6206,60,Female,Black,US,US,3,6,sophisticated,406
6207,53,Female,White,US,US,5,10,sporty,374
6208,21,Female,White,US,US,3,10,dynamic,232
6209,52,Female,White,US,US,2,10,luxurious,512
6210,25,Female,White,AS,AS,3,4,aerodynamic,813
6211,27,Female,White,US,US,5,10,luxurious,288
6212,43,Male,Black,US,US,7,10,sophisticated,765
6213,40,Female,White,US,US,7,10,dynamic,27902
6214,23,Male,White,US,US,1,4,elegant,323
6215,33,Female,White,US,US,7,10,aerodynamic,28364
6216,35,Female,White,AL,AL,2,11,aggressive,3539
6217,51,Male,White,US,US,6,10,dynamic,227
6218,31,Prefer not to answer,Other race,US,US,3,6,dynamic,801
6219,50,Male,White,US,US,8,13,luxurious,334
6220,20,Male,White,BW,DZ,4,10,luxurious,228
6221,43,Female,White,US,US,4,11,stylish,602
6222,48,Female,White,US,United States ,6,10,stylish,427
6223,47,Female,Black,US,US,4,8,dynamic,803
6224,23,Male,White,US,US,2,10,sporty,434
6225,43,Female,Chinese,US,US,6,10,sporty,320
6226,53,Male,Other race,United States,Argentina,6,11,sporty,402
6227,29,Prefer not to answer,Prefer not to answer,US,US,9,14,sleek,427
6228,49,Female,White,US,US,3,6,sporty,492
6229,43,Female,White,US,US,9,10,dynamic,304
6230,44,Male,White,US,US,6,12,sophisticated,322
6231,58,Male,White,US,US,3,8,luxurious,523
6232,28,Male,White,US,US,6,10,stylish,332
6233,34,Female,American Indian or Alaska native,US,US,5,8,stylish,1238
6234,52,Female,White,US,US,2,10,aggressive,515
6235,66,Female,White,US,United States,3,8,sophisticated,371
6236,65,Female,White,USA ,USA,2,8,dynamic,556
6237,57,Female,White,US,US,9,10,sophisticated,419
6238,25,Male,White,US,US,4,7,aerodynamic,275
6239,60,Male,Japanese,US,US,5,10,aerodynamic,433
6240,67,Male,White,US,US,6,10,luxurious,543
6241,74,Female,Black,US,US,4,6,sporty,1253
6242,36,Female,White,US,US,2,7,dynamic,311
6243,53,Male,Other Asian,US,US,3,6,sleek,308
6244,46,Female,Other race,US,US,5,10,sporty,6537
6245,30,Male,White,usa,usa,4,11,aerodynamic,74
6246,45,Male,White,DZ,AL,5,11,aerodynamic,120
6247,40,Male,White,US,US,8,10,aerodynamic,284
6248,45,Male,White,US,US,6,11,aerodynamic,351
6249,57,Female,White,US,US,3,9,aerodynamic,351
6250,47,Male,Japanese,US,US,5,8,stylish,666
6251,35,Male,White,US,US,5,10,sophisticated,371
6252,46,Female,Asian Indian,US,IN,4,11,elegant,547
6253,68,Male,White,US,US,7,11,dynamic,1195
6254,42,Male,Black,US,US,7,10,elegant,354
6255,51,Female,White,US,US,4,10,stylish,371
6256,68,Male,White,US,US,5,10,sleek,666
6257,36,Female,White,AS,AS,8,10,aggressive,330
6258,53,Male,White,US,US,5,7,luxurious,294
6259,41,Female,Other race,US,US,4,10,sophisticated,243
6260,43,Female,White,US,US,8,10,dynamic,370
6261,29,Female,White,US,US,3,10,aggressive,579
6262,58,Male,White,US,US,3,8,sophisticated,744
6263,34,Male,Filipino,US,US,3,10,stylish,276
6264,39,Male,White,US,US,5,10,sporty,1101
6265,27,Female,White,US,US,4,7,stylish,780
6266,29,Male,White,PA,PA,4,7,sleek,408
6267,31,Male,White,US,US,6,10,sporty,571
6268,49,Female,White,US,US,5,12,sophisticated,315
6269,33,Male,White,US,US,4,7,luxurious,122
6270,42,Female,White,US,US,1,10,stylish,351
6271,24,Female,White,US,US,3,10,modern,508
6272,27,Female,White,US,US,6,11,stylish,622
6273,54,Male,Prefer not to answer,US,us,5,10,sophisticated,359
6274,37,Male,White,US,US,8,10,elegant,187
6275,47,Female,White,US,US,2,10,sleek,475
6276,53,Male,White,US,US,6,10,sporty,266
6277,72,Male,White,US,US,5,10,stylish,394
6278,28,Female,White,US,US,4,10,sleek,583
6279,55,Male,White,US,US,7,10,aggressive,378
6280,66,Female,White,US,US,6,11,aggressive,391
6281,49,Female,White,US,CA,4,10,dynamic,1397
6282,42,Female,White,US,US,4,7,modern,235
6283,39,Female,White,US,US,4,10,dynamic,1180
6284,33,Male,White,US,US,4,9,sleek,3743
6285,26,Female,Black,US,US,4,10,elegant,1385
6286,41,Female,White,US,US,6,11,elegant,406
6287,37,Female,White,US,US,5,11,modern,1205
6288,50,Female,White,US,US,5,11,elegant,349
6289,47,Male,White,US,US,3,10,luxurious,535
6290,40,Female,White,AS,AS,8,10,aerodynamic,150
6291,28,Female,White,US,US,6,10,aggressive,447
6292,58,Female,White,US,US,8,10,luxurious,296
6293,31,Female,White,US,US,6,8,aggressive,401
6294,27,Female,White,US,US,6,11,luxurious,2076
6295,32,Male,White,US,US,2,8,sophisticated,352
6296,36,Male,White,US,US,8,11,luxurious,449
6297,45,Female,White,US,US,4,10,sleek,175
6298,42,Female,White,US,US,3,8,stylish,450
6299,27,Female,White,CA,CA,4,11,sporty,601
6300,74,Male,White,US,US,4,11,luxurious,429
6301,34,Male,White,US,US,4,11,sleek,642
6302,20,Male,White,US,US,3,6,elegant,390
6303,29,Male,White,US,US,3,10,aggressive,598
6304,70,Female,White,US,US,7,11,dynamic,339
6305,44,Female,Prefer not to answer,US,US,6,7,dynamic,387
6306,44,Female,White,United States,United States,7,11,dynamic,202
6307,38,Male,White,United States,Usa,4,7,elegant,683
6308,38,Male,Black,US,US,3,10,sporty,384
6309,70,Male,White,US,US,8,11,dynamic,583
6310,75,Male,White,US,US,6,12,aerodynamic,305
6311,41,Female,White,US,US,3,10,sophisticated,695
6312,57,Female,White,US,US,4,9,stylish,296
6313,35,Male,White,US,US,4,10,sleek,1727
6314,54,Male,White,US,US,4,10,luxurious,683
6315,74,Male,Black,US,US,5,10,aerodynamic,509
6316,27,Female,White,US,US,2,9,stylish,242
6317,31,Female,White,US,US,6,10,aerodynamic,375
6318,39,Female,White,US,US,4,10,sleek,335
6319,36,Female,White,US,US,4,7,modern,245
6320,51,Female,White,US,US,3,10,aggressive,531
6321,66,Male,White,US,US,5,7,aerodynamic,338
6322,68,Female,White,US,US,4,8,dynamic,378
6323,68,Female,White,US,US,2,9,stylish,402
6324,27,Female,White,US,US,6,11,sophisticated,2557
6325,29,Non-binary,White,US,US,3,10,sleek,401
6326,43,Female,White,US,US,5,11,aerodynamic,584
6327,40,Male,White,US,US,4,10,stylish,303
6328,51,Male,White,US,US,6,7,elegant,334
6329,31,Male,White,US,US,2,7,elegant,464
6330,26,Female,White,US,US,4,11,stylish,287
6331,63,Female,White,US,US,9,7,sophisticated,539
6332,48,Female,White,US,US,5,11,stylish,1154
6333,51,Male,White,US,US,5,11,stylish,620
6334,23,Female,White,US,US,2,7,stylish,239
6335,46,Female,White,United States,United States,3,8,elegant,239
6336,56,Female,White,US,US,6,11,dynamic,355
6337,65,Male,White,US,US,7,11,sophisticated,393
6338,49,Female,Black,US,US,4,8,elegant,2235
6339,61,Female,White,US,US,8,11,sleek,889
6340,50,Female,White,US,US,2,7,sophisticated,414
6341,35,Female,Black,US,US,4,11,aggressive,607
6342,54,Male,White,US,US,4,13,elegant,1390
6343,31,Female,Chinese,US,US,4,10,aggressive,190
6344,37,Female,White,US,US,5,11,elegant,552
6345,24,Female,Black,US,US,4,8,sophisticated,493
6346,35,Female,White,US,US,4,7,sleek,305
6347,39,Male,White,US,US,3,11,sleek,267
6348,22,Male,White,US,US,1,6,aggressive,217
6349,71,Male,White,USA,USA,5,11,sophisticated,442
6350,33,Male,Black,US,US,3,10,modern,457
6351,23,Male,Chinese,US,US,2,10,sleek,228
6352,32,Male,Black,US,PH,3,8,sophisticated,223
6353,53,Female,White,US,US,5,11,aerodynamic,524
6354,32,Male,Chinese,US,US,4,6,elegant,300
6355,44,Female,White,US,US,4,8,aerodynamic,334
6356,34,Male,White,US,US,4,11,sophisticated,462
6357,28,Female,White,US,US,4,7,sporty,272
6358,48,Female,White,US,US,5,8,modern,290
6359,47,Male,White,US,US,4,6,sleek,3555
6360,38,Male,Korean,US,US,5,8,elegant,930
6361,72,Female,White,US,US,3,10,aerodynamic,2504
6362,36,Male,White,US,US,7,12,luxurious,238
6363,44,Male,White,US,US,6,11,aerodynamic,312
6364,58,Female,White,US,US,6,4,aerodynamic,2394
6365,64,Male,White,US,US,4,10,aggressive,435
6366,34,Female,Chinese,US,US,3,10,dynamic,532
6367,34,Male,White,US,US,4,11,sleek,177
6368,37,Male,White,US,US,5,10,aerodynamic,414
6369,70,Male,White,US,US,3,7,sophisticated,546
6370,35,Non-binary,White,US,US,4,10,aerodynamic,448
6371,43,Male,White,US,US,2,9,sleek,9235
6372,42,Female,White,US,US,4,7,elegant,465
6373,28,Male,White,US,US,7,8,stylish,248
6374,56,Male,White,US,US,4,10,stylish,1053
6375,34,Female,Other race,US,US,6,9,sophisticated,384
6376,52,Male,White,US,US,7,11,sophisticated,393
6377,40,Female,Chinese,US,US,4,10,elegant,321
6378,40,Female,White,US,AL,6,10,aerodynamic,600
6379,49,Male,White,US,US,5,8,sporty,375
6380,26,Female,Other race,US,US,4,6,sporty,463
6381,39,Male,White,US,US,5,10,aggressive,455
6382,45,Female,White,US,US,3,7,dynamic,380
6383,68,Male,White,US,US,7,11,dynamic,340
6384,33,Female,White,US,CA,6,10,sporty,353
6385,59,Female,White,US,TR,3,10,sleek,1243
6386,20,Male,Other race,US,US,4,7,sleek,516
6387,22,Female,White,US,US,4,7,sleek,213
6388,27,Female,Black,US,US,9,8,sporty,483
6389,38,Female,White,US,US,5,11,stylish,150
6390,52,Female,White,US,US,6,11,modern,233
6391,28,Female,Vietnamese,US,US,6,10,aerodynamic,279
6392,32,Male,White,USA,USA,8,10,sporty,286
6393,39,Male,White,AS,AM,5,10,modern,78
6394,46,Male,White,US,US,5,10,sporty,213
6395,46,Female,White,US,US,5,10,stylish,711
6396,54,Male,White,US,WF,6,10,stylish,1446
6397,73,Male,White,US,US,4,9,sporty,448
6398,70,Male,White,US,US,8,13,sophisticated,401
6399,35,Male,White,us,wv,4,11,luxurious,25629
6400,45,Male,White,AM,AS,5,10,aerodynamic,101
6401,35,Female,White,USA,USA,4,10,elegant,316
6402,49,Female,White,US,US,3,7,sleek,279
6403,40,Male,White,AS,AS,6,11,modern,60
6404,33,Female,White,US,AL,6,10,stylish,1838
6405,26,Female,White,US,US,2,8,luxurious,535
6406,41,Male,White,US,US,6,10,luxurious,276
6407,26,Male,White,US,US,4,10,stylish,879
6408,36,Male,Other race,US,US,6,7,dynamic,448
6409,59,Female,Prefer not to answer,US,US,7,12,dynamic,195
6410,36,Male,White,US,CA,6,10,aerodynamic,2323
6411,19,Male,White,US,US,9,7,dynamic,220
6412,47,Male,White,US,US,2,10,dynamic,639
6413,50,Female,White,USA,USA,3,8,sleek,269
6414,51,Male,White,us,va,5,11,sporty,27136
6415,36,Female,Other Asian,US,PK,5,10,aggressive,707
6416,45,Male,Black,US,US,8,12,sophisticated,299
6417,65,Male,White,us,md,4,11,sophisticated,27549
6418,48,Male,White,US,US,5,6,elegant,367
6419,58,Male,White,us,ca,4,11,sporty,27917
6420,26,Female,White,US,US,6,13,aggressive,234
6421,70,Male,White,US,US,3,10,luxurious,450
6422,43,Female,White,US,US,4,10,sophisticated,366
6423,58,Female,White,US,US,6,11,aerodynamic,38136
6424,23,Female,White,US,US,3,10,modern,224
6425,36,Non-binary,Black,US,US,5,10,sleek,2879
6426,25,Female,White,US,US,5,10,stylish,698
6427,35,Male,White,US,US,6,11,sporty,404
6428,34,Male,White,US,US,6,11,sophisticated,37629
6429,33,Male,American Indian or Alaska native,US,US,4,11,luxurious,1308
6430,43,Male,White,US,US,5,10,dynamic,2043
6431,22,Female,White,US,US,3,7,sophisticated,313
6432,26,Female,White,US,US,5,12,dynamic,319
6433,29,Female,Chinese,US,US,6,12,sophisticated,366
6434,44,Female,White,US,US,3,9,sporty,509
6435,42,Male,Other Asian,US,US,5,6,dynamic,205
6436,72,Female,White,US,US,4,12,dynamic,638
6437,56,Male,White,US,US,5,11,elegant,537
6438,48,Male,White,US,US,8,11,elegant,439
6439,28,Male,American Indian or Alaska native,US,US,5,10,luxurious,301
6440,30,Male,White,US,US,5,10,sophisticated,295
6441,54,Female,White,US,US,7,10,modern,466
6442,34,Female,Chinese,US,US,4,12,luxurious,523
6443,18,Male,White,US,US,4,10,stylish,304
6444,31,Female,White,US,US,2,10,modern,968
6445,53,Female,White,US,PL,2,11,elegant,519
6446,35,Male,White,US,US,8,10,sporty,2491
6447,28,Female,White,US,US,4,10,sleek,207
6448,48,Male,White,US,US,5,11,stylish,2138
6449,27,Male,White,US,US,5,11,elegant,307
6450,44,Female,Black,US,US,6,10,dynamic,1122
6451,30,Male,White,US,US,5,10,aggressive,428
6452,30,Male,White,USA,USA,6,10,luxurious,3715
6453,49,Female,White,US,US,7,10,stylish,311
6454,30,Female,White,US,US,4,10,aerodynamic,519
6455,46,Female,American Indian or Alaska native,US,US,4,10,stylish,637
6456,70,Male,White,US,US,7,11,elegant,932
6457,34,Male,White,NC,NC,8,13,elegant,284
6458,48,Female,White,us,us,4,11,luxurious,438
6459,26,Female,White,ca,CA,2,4,sporty,276
6460,48,Female,White,us,us,4,11,aerodynamic,698
6461,29,Male,White,US,FLORIDE,6,10,stylish,344
6462,34,Male,White,US,US,7,10,aggressive,519
6463,46,Female,White,US,US,4,10,dynamic,22459
6464,36,Female,White,US,US,6,10,sleek,330
6465,35,Female,White,ca,ca,2,4,elegant,353
6466,28,Female,White,US,US,2,8,luxurious,381
6467,44,Female,White,US,US,6,6,sophisticated,333
6468,38,Male,White,US,US,7,10,stylish,281
6469,32,Female,White,US,US,4,6,sophisticated,482
6470,58,Male,White,PA,Pa,7,10,aggressive,537
6471,49,Male,White,US,US,3,6,sophisticated,307
6472,32,Male,White,US,US,3,10,sleek,706
6473,62,Male,White,United States,United States,7,10,sleek,428
6474,35,Female,White,US,US,3,11,stylish,537
6475,52,Female,White,US,US,4,8,aggressive,1318
6476,61,Female,White,US,US,6,6,aggressive,431
6477,47,Male,White,US,united state,5,10,aerodynamic,24266
6478,66,Female,White,US,US,8,10,sporty,530
6479,63,Male,White,US,US,4,10,elegant,380
6480,60,Female,Black,US,US,4,6,aerodynamic,852
6481,41,Female,Other race,US,US,5,8,stylish,388
6482,42,Male,White,US,US,7,10,sporty,381
6483,44,Male,White,United States,United States,7,10,sporty,628
6484,65,Male,White,US,US,4,10,sophisticated,396
6485,31,Male,White,US,US,6,10,sleek,239
6486,22,Female,Other Asian,US,BD,2,7,sporty,1039
6487,30,Male,White,AS,AS,4,11,aerodynamic,332
6488,25,Female,White,IL,IL,4,10,dynamic,745
6489,60,Female,White,US,US,3,6,elegant,3273
6490,35,Female,White,US,US,2,10,sporty,337
6491,42,Male,White,US,US,6,6,stylish,529
6492,25,Female,White,LA,LA,4,10,stylish,1441
6493,27,Non-binary,White,US,US,2,8,sleek,189
6494,66,Male,White,US,US,5,8,sophisticated,2493
6495,30,Male,White,AS,AS,6,11,luxurious,552
6496,38,Female,White,US,US,1,10,luxurious,366
6497,42,Female,White,US,US,4,8,elegant,251
6498,32,Male,White,US,US,4,9,stylish,35752
6499,46,Female,White,US,US,4,9,modern,608
6500,61,Female,American Indian or Alaska native,US,US,5,10,aggressive,1339
6501,38,Male,White,US,US,6,10,sophisticated,415
6502,36,Male,Chinese,US,US,6,10,sporty,192
6503,65,Female,White,US,US,6,10,luxurious,216
6504,48,Male,White,US,US,6,10,sleek,489
6505,48,Male,White,PFLUGERVILLE,PFLUGERVILLE,3,9,luxurious,732
6506,28,Male,White,US,US,4,11,aggressive,515
6507,46,Male,White,US,US,5,8,aggressive,429
6508,20,Female,White,us,us,4,10,sleek,311
6509,33,Male,White,US,US,5,10,sporty,252
6510,27,Male,White,TX,TX,2,11,elegant,1674
6511,22,Male,White,US,US,4,10,dynamic,347
6512,30,Male,White,AS,AS,5,11,dynamic,842
6513,31,Female,White,US,US,4,10,aggressive,303
6514,40,Female,White,US,US,2,7,sleek,354
6515,28,Female,White,CA,CA,2,4,luxurious,256
6516,25,Male,White,US,US,5,10,sleek,831
6517,50,Male,White,US,US,7,7,aggressive,515
6518,30,Male,White,AS,AS,6,11,sleek,407
6519,47,Male,White,US,US,3,10,luxurious,15565
6520,27,Female,Black,US,US,4,8,sophisticated,449
6521,36,Male,White,US,US,7,10,elegant,6304
6522,30,Female,White,CA,CA,2,4,aggressive,222
6523,30,Male,White,AS,AS,5,11,sporty,278
6524,36,Female,White,CA,CA,2,4,sporty,189
6525,33,Male,White,us,us,4,10,sleek,221
6526,53,Female,American Indian or Alaska native,US,US,3,10,sporty,662
6527,42,Female,White,US,US,6,11,sleek,242
6528,31,Other,White,US,US,8,10,elegant,743
6529,25,Male,White,US,US,6,10,luxurious,263
6530,30,Male,White,AS,AS,6,11,dynamic,370
6531,25,Female,White,US,US,6,10,stylish,413
6532,42,Female,Korean,USA,USA,6,8,stylish,296
6533,44,Female,Black,US,US,5,10,stylish,399
6534,32,Male,White,GA,GA,2,10,sporty,7438
6535,30,Male,White,AS,AS,6,11,dynamic,282
6536,25,Female,White,US,US,6,10,aerodynamic,971
6537,23,Male,White,US,US,3,10,stylish,424
6538,30,Male,Asian Indian,INdia,india,3,10,stylish,329
6539,35,Female,Black,US,US,4,10,dynamic,278
6540,46,Male,White,US,US,5,11,luxurious,236
6541,25,Female,White,US,US,7,10,dynamic,1391
6542,30,Male,White,AS,AS,6,11,sporty,302
6543,46,Female,White,US,US,5,10,aerodynamic,978
6544,63,Female,White,MD,frostburg,5,10,aggressive,521
6545,31,Male,White,Ny,NY,2,10,sleek,694
6546,33,Male,White,US,US,1,10,sporty,491
6547,60,Female,White,US,US,4,10,dynamic,697
6548,56,Male,Black,US,US,6,8,sporty,717
6549,33,Male,White,US,US,5,10,dynamic,1465
6550,25,Male,White,US,US,6,10,sporty,2070
6551,33,Male,Asian Indian,india,india,3,10,sporty,192
6552,25,Female,White,US,US,7,10,sleek,2809
6553,49,Male,White,USA,USA,4,11,aerodynamic,253
6554,41,Female,Asian Indian,US,US,4,11,luxurious,450
6555,35,Male,Asian Indian,india,india,3,10,aggressive,194
6556,25,Male,White,US,US,6,10,dynamic,8240
6557,31,Male,White,US,US,5,6,aerodynamic,357
6558,25,Male,White,US,US,6,10,aggressive,3877
6559,25,Non-binary,White,US,US,2,7,sporty,282
6560,30,Male,White,maryland,maryland,3,10,aerodynamic,685
6561,25,Male,White,US,US,5,10,sporty,7120
6562,34,Male,White,NY,NY,2,10,elegant,3838
6563,46,Female,White,US,US,4,8,sleek,712
6564,36,Female,White,US,us,7,8,stylish,277
6565,36,Female,Black,US,US,7,10,luxurious,362
6566,40,Male,White,US,US,4,10,stylish,348
6567,54,Male,White,US,US,4,8,elegant,484
6568,64,Male,White,US,US,4,8,luxurious,535
6569,31,Female,Prefer not to answer,IN,IN,2,10,sporty,307
6570,66,Male,White,US,US,4,8,sporty,448
6571,39,Male,White,US,US,4,8,aggressive,565
6572,40,Male,White,US,US,7,11,sleek,415
6573,52,Female,White,US,US,3,8,aerodynamic,474
6574,40,Male,White,US,US,7,11,sleek,1533
6575,40,Male,White,US,US,7,11,stylish,1814
6576,40,Male,White,US,US,7,11,modern,2091
6577,59,Male,White,US,US,3,8,sporty,945
6578,40,Male,White,US,US,7,11,elegant,1588
6579,40,Male,White,US,US,7,11,elegant,1577
6580,40,Male,White,US,US,7,11,aggressive,2438
6581,28,Female,Asian Indian,IN,IN,9,11,aggressive,2762
6582,11,Female,White,US,US,5,10,luxurious,3410
6583,40,Male,White,US,US,7,11,aggressive,2905
6584,44,Male,White,US,US,4,8,dynamic,493
6585,30,Female,Black,US,US,4,7,modern,380
6586,40,Male,White,US,US,7,11,dynamic,3234
6587,45,Male,White,US,US,4,10,stylish,349
6588,55,Female,White,US,US,4,8,sophisticated,461
6589,40,Male,White,US,US,7,11,aerodynamic,3495
6590,46,Male,White,US,US,5,11,elegant,621
6591,33,Male,White,US,US,5,10,dynamic,4102
6592,49,Male,White,US,US,4,10,luxurious,468
6593,40,Male,White,US,US,7,11,sophisticated,4255
6594,31,Male,White,SC,SC,2,10,elegant,11748
6595,46,Female,White,US,US,6,11,elegant,1041
6596,25,Male,White,US,US,7,10,stylish,3019
6597,58,Male,White,US,US,7,13,sophisticated,471
6598,40,Male,White,US,US,7,11,modern,5758
6599,34,Male,White,US,US,3,10,aggressive,449
6600,40,Male,White,US,US,7,11,sporty,6066
6601,49,Male,White,US,US,4,11,aggressive,290
6602,33,Male,White,US,US,6,10,stylish,1978
6603,30,Male,White,US,US,4,4,modern,16946
6604,32,Female,American Indian or Alaska native,AL,AS,4,2,modern,235
6605,47,Male,White,US,US,7,13,aggressive,320
6606,46,Female,Other race,US,US,2,7,modern,33381
6607,54,Male,White,US,US,9,14,aggressive,356
6608,68,Female,White,US,US,5,10,modern,443
6609,29,Female,White,US,US,3,10,modern,13935
6610,35,Female,White,US,US,5,11,stylish,299
6611,34,Male,Other race,US,US,4,11,elegant,427
6612,32,Male,White,US,US,4,9,sleek,7034
6613,25,Male,White,US,US,6,10,sophisticated,771
6614,32,Male,White,US,US,4,9,aggressive,3431
6615,56,Female,Black,US,US,2,7,stylish,613
6616,44,Female,Black,US,US,4,10,luxurious,694
6617,37,Male,American Indian or Alaska native,US,US,2,10,stylish,645
6618,29,Male,White,US,US,2,9,modern,521
6619,38,Female,White,MO,MO,1,4,sophisticated,968
6620,45,Female,White,US,US,3,6,luxurious,460
6621,27,Female,Black,US,US,4,10,aggressive,2299
6622,40,Male,White,US,US,5,10,sporty,7319
6623,35,Male,American Indian or Alaska native,AS,AL,5,11,elegant,1546
6624,73,Female,White,US,US,4,10,elegant,566
6625,29,Male,White,US,US,5,10,stylish,455
6626,34,Female,White,United States,US,4,6,aggressive,773
6627,32,Male,White,US,US,4,10,elegant,253
6628,32,Female,Black,US,US,5,10,sleek,233
6629,54,Male,White,US,United States,8,11,sleek,680
6630,36,Male,Black,US,US,4,9,sleek,630
6631,45,Female,Black,US,US,7,13,modern,728
6632,39,Female,Black,US,US,5,10,aerodynamic,708
6633,40,Female,White,US,US,4,10,aerodynamic,1225
6634,80,Female,White,US,US,4,9,sleek,520
6635,36,Male,White,US,US,8,7,aerodynamic,294
6636,27,Male,White,US,US,6,7,luxurious,457
6637,71,Female,White,us,us,4,10,elegant,373
6638,29,Female,White,US,us,2,9,modern,334
6639,38,Male,White,US,US,4,9,luxurious,362
6640,59,Female,White,US,US,5,11,sleek,299
6641,46,Male,White,US,US,5,10,dynamic,620
6642,27,Male,White,US,US,6,10,sleek,401
6643,53,Female,White,AF,AF,8,10,elegant,184
6644,29,Female,White,US,US,4,10,elegant,5118
6645,45,Female,White,US,US,5,10,aerodynamic,121
6646,29,Female,White,US,US,4,10,sophisticated,4857
6647,52,Male,White,US,CA,7,11,modern,251
6648,46,Female,White,TN,TN,8,11,dynamic,554
6649,29,Female,White,US,US,5,9,sleek,301
6650,48,Female,White,US,US-maine,3,6,aerodynamic,642
6651,46,Male,White,US,US,7,7,luxurious,2108
6652,32,Male,White,US,US,4,9,sophisticated,362
6653,29,Male,White,US,US,4,10,aggressive,4223
6654,34,Male,White,US,US,2,6,luxurious,662
6655,81,Male,White,US,US,5,9,elegant,488
6656,30,Male,White,US,US,6,10,luxurious,29474
6657,44,Female,White,AL,AL,8,11,modern,380
6658,29,Male,White,US,US,4,10,aggressive,5355
6659,43,Female,White,US,US,6,11,aggressive,654
6660,24,Female,Asian Indian,IN,IN,1,10,elegant,613
6661,28,Male,White,US,US,6,11,elegant,320
6662,68,Female,White,US,US,4,10,sporty,435
6663,61,Female,White,TN,TN,8,11,sophisticated,387
6664,48,Female,White,US,US,3,3,dynamic,432
6665,28,Male,American Indian or Alaska native,AS,NC,6,11,sophisticated,317
6666,25,Female,White,US,US,4,10,modern,32553
6667,52,Female,White,US,US,5,10,sleek,500
6668,43,Male,White,US,US,1,7,sporty,701
6669,41,Male,White,CA,CA,8,11,sporty,409
6670,70,Male,White,US,US,2,10,luxurious,508
6671,49,Female,White,US,US,4,8,aerodynamic,560
6672,18,Female,Black,US,JM,3,6,modern,410
6673,32,Female,White,US,US,4,10,sleek,1662
6674,29,Female,White,US,US,4,10,aerodynamic,242
6675,45,Female,White,US,US,4,11,stylish,216
6676,28,Male,American Indian or Alaska native,AS,AS,6,11,aggressive,1752
6677,38,Male,White,US,US,6,11,sleek,497
6678,63,Female,White,CA,CA,8,11,stylish,573
6679,30,Female,White,US,US,5,10,sleek,431
6680,35,Female,White,US,US,5,10,modern,282
6681,41,Female,White,US,US,7,12,elegant,252
6682,26,Male,Other race,US,US,2,9,dynamic,795
6683,30,Male,White,US,US,5,10,stylish,650
6684,35,Male,White,US,US,5,10,sophisticated,566
6685,67,Male,White,US,US,4,11,elegant,447
6686,30,Male,White,US,US,5,10,modern,804
6687,43,Female,White,USA,USA,5,8,sporty,444
6688,42,Female,Black,US,US,7,10,aggressive,783
6689,52,Male,White,US,US,4,8,modern,2782
6690,28,Male,White,US,US,5,10,modern,889
6691,38,Male,Black,USA,USA,2,10,dynamic,613
6692,33,Female,Black,US,US,2,9,sleek,187
6693,23,Male,White,US,US,2,8,aggressive,353
6694,35,Male,White,US,US,3,10,aggressive,285
6695,28,Male,White,US,US,4,10,aerodynamic,989
6696,43,Female,White,US,US,4,7,aggressive,360
6697,27,Female,White,US,US,5,7,aggressive,473
6698,55,Female,White,US,US,5,10,modern,35419
6699,45,Female,White,US,US,5,11,sleek,900
6700,56,Female,Chinese,US,HK,3,10,dynamic,1112
6701,30,Male,White,US,US,2,9,elegant,745
6702,44,Female,White,IO,IO,8,11,modern,405
6703,37,Female,Korean,US,US,2,8,aerodynamic,542
6704,40,Male,White,US,US,6,6,stylish,1799
6705,32,Female,White,US,US,7,11,aggressive,361
6706,28,Male,American Indian or Alaska native,AS,AS,6,11,sleek,3211
6707,57,Female,White,US,US,4,10,elegant,341
6708,34,Female,White,US,US,3,10,sporty,201
6709,39,Female,White,USA,USA,6,11,modern,284
6710,45,Female,White,US,US,4,8,sleek,510
6711,39,Male,White,US,US,5,9,dynamic,282
6712,43,Female,White,US,US,5,10,aerodynamic,755
6713,33,Male,Black,US,US,6,10,dynamic,3336
6714,45,Female,White,US,US,5,10,aggressive,297
6715,32,Male,White,USA,USA,4,11,sophisticated,10625
6716,32,Male,White,USA,USA,5,10,sophisticated,2039
6717,37,Female,Black,US,US,4,9,aerodynamic,604
6718,28,Male,Black,US,US,4,6,aggressive,342
6719,32,Male,White,USA,USA,4,11,modern,8835
6720,56,Male,White,US,US,5,6,sophisticated,298
6721,Prefer not to answer,Prefer not to answer,Prefer not to answer,NO-ANSWER,NO-ANSWER,9,14,aerodynamic,866
6722,32,Male,White,USA,USA,4,11,sporty,8954
6723,47,Female,White,US,US,7,11,elegant,252
6724,30,Non-binary,White,US,US,2,3,elegant,10183
6725,30,Male,White,US,US,3,6,elegant,1855
6726,33,Male,White,USA ,USA,7,11,sporty,217
6727,32,Female,White,usa,usa,5,10,elegant,2821
6728,67,Male,White,US,US,5,11,dynamic,2799
6729,61,Female,White,US,US,6,11,aerodynamic,263
6730,32,Male,White,USA,USA,5,10,elegant,1103
6731,50,Female,White,US,US,4,10,aerodynamic,485
6732,33,Male,White,AS,AS,5,10,sporty,641
6733,49,Female,White,US,US,6,13,luxurious,378
6734,49,Male,White,US,US,2,5,sleek,418
6735,28,Female,Black,US,BS,3,11,elegant,398
6736,39,Female,White,US,US,3,10,aggressive,338
6737,40,Male,White,US,US,3,9,dynamic,631
6738,52,Male,White,US,US,4,6,modern,621
6739,38,Male,White,usa,usa,6,10,elegant,763
6740,59,Female,White,US,US,4,8,aerodynamic,517
6741,28,Male,White,US,US,6,10,sleek,400
6742,58,Female,White,US,US,4,8,sporty,453
6743,67,Male,White,US,US,4,9,stylish,384
6744,69,Female,White,US,US,4,11,aggressive,664
6745,52,Male,White,US,US,8,10,sophisticated,461
6746,46,Female,White,US,US,4,9,sophisticated,818
6747,42,Female,White,US,US,5,11,sleek,697
6748,29,Male,White,US,US,2,1,aerodynamic,505
6749,37,Female,White,US,US,5,10,luxurious,321
6750,49,Male,Black,United States,United States,4,7,aerodynamic,626
6751,47,Female,White,US,US,3,10,aerodynamic,270
6752,38,Female,White,US,US,6,11,aerodynamic,261
6753,51,Female,White,US,US,5,6,modern,369
6754,42,Male,White,US,US,5,6,elegant,735
6755,39,Female,White,US,US,7,8,modern,512
6756,37,Male,White,US,US,7,10,dynamic,361
6757,49,Male,White,US,US,4,6,dynamic,557
6758,34,Male,White,US,US,5,10,modern,862
6759,42,Female,White,US,US,5,11,sophisticated,874
6760,33,Female,White,US,US,6,10,sleek,146
6761,27,Male,Black,US,US,5,10,elegant,187
6762,49,Female,Other race,US,US,5,7,modern,301
6763,45,Male,White,US,US,5,11,aerodynamic,427
6764,31,Female,White,US,US,5,8,modern,335
6765,45,Female,Black,United States,US,4,10,modern,414
6766,34,Female,Black,United States,US,6,8,aerodynamic,427
6767,35,Male,White,US,US,4,10,aerodynamic,373
6768,41,Male,White,US,US,7,13,sporty,557
6769,43,Male,White,US,US,8,11,sleek,236
6770,49,Female,White,US,US,2,6,elegant,347
6771,41,Female,White,US,US,6,11,aerodynamic,371
6772,45,Male,White,US,US,8,8,dynamic,389
6773,57,Male,White,US,US,6,10,aerodynamic,418
6774,53,Female,White,Macomb,US,5,11,modern,1207
6775,52,Male,White,US,US,6,11,elegant,373
6776,58,Female,Black,US,US,1,10,aggressive,429
6777,34,Female,White,US,US,5,10,sleek,753
6778,60,Female,White,US,US,4,9,aggressive,8507
6779,42,Male,White,US,US,7,10,sporty,325
6780,52,Male,Black,US,US,7,11,luxurious,693
6781,40,Male,American Indian or Alaska native,US,US,5,9,aggressive,504
6782,35,Female,White,US,US,4,7,elegant,504
6783,46,Female,White,us,us,4,10,aerodynamic,790
6784,52,Male,White,US,US,4,10,elegant,644
6785,41,Male,Black,US,US,7,10,aggressive,305
6786,46,Female,White,US,US,5,8,dynamic,543
6787,32,Female,White,US,US,4,10,aerodynamic,313
6788,41,Male,White,US,US,6,10,aerodynamic,260
6789,27,Female,White,US,US,6,10,sophisticated,5480
6790,38,Female,White,US,US,4,8,stylish,1658
6791,45,Female,White,US,US,2,10,sleek,224
6792,39,Female,White,US,US,7,10,modern,435
6793,37,Male,White,US,US,5,10,modern,16749
6794,52,Male,White,US,US,6,11,modern,365
6795,28,Male,American Indian or Alaska native,AS,AS,6,11,sporty,6930
6796,49,Female,Black,United States ,United States ,3,8,sophisticated,1095
6797,31,Female,White,US,US,6,10,dynamic,254
6798,59,Female,White,US,US,6,10,luxurious,420
6799,41,Female,White,US,US,7,10,aerodynamic,2221
6800,36,Female,White,US,US,4,10,elegant,306
6801,57,Male,White,US,US,6,6,luxurious,328
6802,62,Male,White,US,US,5,7,sleek,307
6803,35,Male,Other Asian,US,US,7,8,stylish,1883
6804,45,Female,White,US,US,4,11,stylish,350
6805,42,Female,Black,US,US,5,6,stylish,272
6806,60,Female,White,US,US,5,8,aggressive,405
6807,52,Female,Black,US,US,4,10,sporty,520
6808,67,Female,White,US,US,5,8,elegant,314
6809,41,Female,Korean,US,US,4,8,dynamic,327
6810,30,Female,Asian Indian,US,US,5,10,sleek,283
6811,74,Male,White,US,US,6,10,modern,210
6812,34,Female,White,USA,USA,4,8,stylish,1090
6813,32,Female,Asian Indian,US,US,7,12,aggressive,285
6814,56,Male,White,US,US,7,11,modern,297
6815,63,Male,White,US,US,7,13,sophisticated,972
6816,31,Non-binary,Black,US,US,2,7,elegant,521
6817,35,Female,White,US,US,3,6,sleek,506
6818,53,Female,White,US,US,9,11,aerodynamic,315
6819,49,Female,White,US,US,4,8,sophisticated,506
6820,34,Female,White,US,US,4,10,sleek,483
6821,55,Female,White,NO-ANSWER,US,2,8,modern,649
6822,74,Male,White,US,US,6,10,stylish,256
6823,35,Female,White,US,US,4,9,sporty,335
6824,34,Female,White,US,US,7,11,dynamic,693
6825,58,Female,White,US,US,4,6,modern,639
6826,51,Female,White,US,BH,7,10,sporty,617
6827,50,Female,Filipino,US,PH,4,10,sporty,576
6828,38,Male,White,US,US,4,10,elegant,347
6829,30,Male,Black,US,US,4,10,stylish,348
6830,27,Male,Vietnamese,US,US,4,10,sophisticated,1133
6831,40,Female,White,US,US,7,11,sporty,568
6832,77,Male,White,US,US,6,10,dynamic,313
6833,58,Male,White,US,US,5,10,sophisticated,948
6834,53,Male,Black,US,US,5,8,sporty,505
6835,46,Male,Chinese,US,US,2,10,luxurious,312
6836,61,Female,White,US,US,7,8,modern,467
6837,48,Male,White,US,US,6,10,sporty,406
6838,63,Male,White,US,US,5,6,stylish,449
6839,28,Male,American Indian or Alaska native,AS,AS,6,11,sleek,8340
6840,57,Female,White,US,US,2,10,elegant,511
6841,36,Female,Black,US,US,7,11,stylish,9766
6842,52,Female,White,US,US,8,6,aerodynamic,258
6843,29,Non-binary,Chinese,US,US,6,11,luxurious,164
6844,20,Female,White,US,US,2,7,modern,517
6845,42,Male,White,US,US,5,10,sporty,455
6846,55,Male,Prefer not to answer,US,US,3,7,modern,546
6847,59,Female,White,US,US,2,9,dynamic,295
6848,40,Female,White,US,US,1,5,luxurious,366
6849,53,Female,Black,US,US,3,6,modern,653
6850,26,Female,White,US,US,8,13,sporty,179
6851,67,Female,White,US,US,5,11,sporty,390
6852,58,Female,White,US,US,4,11,aerodynamic,488
6853,28,Male,American Indian or Alaska native,AS,AS,6,11,aerodynamic,8634
6854,44,Male,White,US,US,4,8,dynamic,1184
6855,37,Female,White,US,US,5,10,aerodynamic,18617
6856,36,Male,White,US,US,8,10,aerodynamic,239
6857,37,Male,White,US,US,6,11,sleek,513
6858,46,Male,White,US,US,3,5,aggressive,4117
6859,41,Male,White,US,US,4,6,elegant,438
6860,42,Female,Black,US,US,7,10,sporty,10570
6861,48,Female,Black,US,US,4,8,sophisticated,408
6862,50,Female,White,US,US,4,11,dynamic,691
6863,37,Male,White,United States,Australia,6,10,dynamic,211
6864,28,Male,American Indian or Alaska native,AS,AS,6,11,aggressive,9612
6865,59,Male,White,US,US,6,11,aggressive,984
6866,34,Female,White,US,US,4,8,sleek,415
6867,34,Female,White,US,US,6,11,aerodynamic,257
6868,51,Female,White,US,US,6,11,elegant,934
6869,60,Female,White,US,US,2,9,dynamic,456
6870,61,Female,White,US,US,6,11,sleek,991
6871,58,Male,White,US,US,6,11,sporty,1126
6872,51,Male,White,US,US,8,10,modern,309
6873,45,Female,White,US,US,2,11,aggressive,281
6874,30,Male,White,US,US,5,11,aerodynamic,154
6875,21,Male,White,US,US,2,7,stylish,179
6876,28,Male,White,US,NO-ANSWER,4,10,sophisticated,740
6877,46,Female,White,US,US,5,8,aggressive,264
6878,42,Female,Filipino,US,PH,4,10,stylish,317
6879,31,Female,White,US,US,4,10,modern,2077
6880,40,Male,White,US,US,7,7,elegant,627
6881,45,Female,White,US,US,7,11,stylish,867
6882,33,Female,White,US,US,4,11,luxurious,652
6883,32,Male,Asian Indian,AS,AS,4,11,sophisticated,299
6884,44,Male,Vietnamese,US,US,3,10,aerodynamic,1182
6885,50,Male,White,US,US,5,10,modern,547
6886,31,Male,White,US,US,6,11,sporty,262
6887,44,Male,White,US,US,5,8,aerodynamic,878
6888,29,Male,White,US,US,6,10,aerodynamic,361
6889,34,Male,Black,US,US,4,4,dynamic,1284
6890,68,Male,White,US,US,4,10,aggressive,397
6891,25,Female,White,US,US,2,7,aerodynamic,671
6892,37,Male,White,US,US,6,11,sporty,161
6893,27,Female,White,US,US,3,11,luxurious,840
6894,45,Male,White,US,US,6,10,stylish,2464
6895,37,Female,White,USA,RU,9,10,dynamic,301
6896,42,Female,White,US,US,9,8,sporty,236
6897,31,Male,Chinese,US,US,4,10,stylish,584
6898,44,Female,White,US,US,2,11,stylish,541
6899,32,Male,White,US,US,5,10,dynamic,10711
6900,48,Male,White,US,US,3,7,sporty,735
6901,44,Female,White,us,US,2,9,stylish,290
6902,45,Male,White,US,US,6,10,luxurious,2568
6903,41,Female,Black,US,US,3,10,sophisticated,8736
6904,45,Male,White,US,US,6,10,stylish,2851
6905,36,Female,White,US,US,6,10,stylish,548
6906,34,Female,White,US,US,5,7,elegant,1535
6907,40,Male,White,US,US,8,10,luxurious,289
6908,63,Female,White,US,US,4,10,luxurious,407
6909,60,Male,White,US,US,3,10,luxurious,503
6910,92,Female,White,USA,USA,5,10,aerodynamic,493
6911,44,Male,White,US,US,6,10,aggressive,2957
6912,67,Female,White,US,US,8,10,sophisticated,683
6913,40,Female,White,US,US,5,8,sophisticated,246
6914,37,Male,Other race,US,US,6,10,dynamic,331
6915,46,Female,White,US,US,5,8,aggressive,290
6916,46,Male,White,US,US,6,10,elegant,181
6917,27,Male,White,US,US,5,11,stylish,511
6918,43,Male,White,USA,USA,5,10,luxurious,315
6919,43,Male,Black,US,US,3,6,dynamic,1846
6920,44,Male,White,US,US,6,10,modern,164
6921,32,Male,White,US,US,5,10,sporty,12439
6922,45,Male,White,US,US,6,10,modern,3568
6923,37,Male,White,US,US,5,10,sporty,5913
6924,53,Female,White,US,US,6,10,aerodynamic,1211
6925,79,Male,White,US,US,4,10,modern,505
6926,63,Female,White,US,US,3,8,sophisticated,409
6927,27,Female,White,US,US,5,9,luxurious,760
6928,21,Male,Other race,US,US,4,7,luxurious,253
6929,40,Female,White,US,US,3,8,luxurious,1131
6930,27,Female,White,US,US,4,7,sporty,713
6931,27,Male,White,US,US,5,10,luxurious,321
6932,39,Female,White,US,US,7,10,luxurious,403
6933,36,Female,White,US,US,2,12,dynamic,360
6934,33,Male,White,US,US,4,9,stylish,237
6935,55,Female,White,US,US,4,10,stylish,212
6936,31,Prefer not to answer,Prefer not to answer,US,US,9,14,luxurious,3729
6937,40,Female,White,US,US,7,10,aerodynamic,269
6938,24,Female,White,United States,US,5,10,sporty,362
6939,44,Female,White,US,US,5,10,sophisticated,410
6940,25,Female,White,US,US,5,10,aerodynamic,1767
6941,37,Female,White,US,US,2,11,dynamic,831
6942,48,Female,Japanese,US,US,6,10,sleek,289
6943,46,Male,White,US,US,4,3,luxurious,638
6944,60,Female,White,US,US,4,10,sophisticated,458
6945,57,Male,White,US,US,6,8,sleek,420
6946,30,Female,Other race,US,US,4,10,sleek,263
6947,39,Male,Black,US,US,4,8,dynamic,1947
6948,35,Female,White,US,US,4,10,sporty,256
6949,41,Female,Black,US,US,5,8,dynamic,195
6950,33,Female,White,US,US,5,11,sleek,262
6951,22,Non-binary,Other race,US,US,2,9,aerodynamic,457
6952,55,Female,White,BQ,BQ,4,10,sleek,975
6953,31,Female,White,US,US,3,6,sporty,286
6954,72,Female,White,US,US,4,10,elegant,425
6955,48,Female,Other race,US,US,7,11,stylish,283
6956,44,Female,White,US,US,8,11,sophisticated,352
6957,35,Male,Filipino,US,US,3,7,elegant,253
6958,31,Female,White,US,US,4,10,stylish,800
6959,62,Male,White,US,US,5,7,aerodynamic,499
6960,41,Female,White,US,US,5,10,modern,350
6961,36,Male,White,US,US,7,11,sophisticated,14196
6962,34,Non-binary,White,US,US,4,6,modern,405
6963,35,Female,White,AF,AX,4,10,dynamic,827
6964,52,Female,White,US,US,2,8,dynamic,9413
6965,38,Male,White,US,US,6,10,sleek,587
6966,44,Male,White,US,US,5,10,sleek,303
6967,47,Female,White,US,US,7,9,stylish,207
6968,26,Male,White,US,US,4,10,luxurious,615
6969,53,Female,White,US,US,5,7,sporty,439
6970,39,Female,White,US,US,2,6,sophisticated,226
6971,32,Female,White,US,US,5,8,sleek,288
6972,35,Female,White,US,US,5,7,aerodynamic,334
6973,61,Female,White,AF,AX,4,10,elegant,1229
6974,67,Female,White,US,US,4,10,aggressive,410
6975,25,Female,White,US,US,3,10,luxurious,274
6976,32,Female,White,United States,United States,4,10,sporty,1361
6977,58,Female,White, Tom Green County, Tom Green County,6,10,stylish,1666
6978,34,Female,White,US,US,5,10,sporty,2660
6979,27,Female,White,USA,USA,4,7,sophisticated,376
6980,43,Female,White,US,US,5,7,sophisticated,506
6981,35,Female,White,AF,AX,4,10,luxurious,1463
6982,42,Male,Black,US,US,4,5,dynamic,428
6983,35,Male,American Indian or Alaska native,US,US,4,10,sophisticated,605
6984,64,Female,Black,US,US,3,10,stylish,666
6985,38,Male,White,US,US,5,10,sporty,544
6986,36,Female,Other race,usa,usa,9,3,luxurious,180
6987,43,Male,White,US,US,6,8,sporty,2373
6988,40,Female,White,US,US,2,11,modern,810
6989,44,Female,White,Midwestern,Midwestern,6,11,aerodynamic,2110
6990,28,Male,Black,USA,USA,2,10,stylish,2055
6991,55,Male,White,US,US,4,9,aggressive,411
6992,54,Male,White,US,US,5,8,modern,291
6993,29,Female,White,US,US,6,11,stylish,189
6994,38,Female,White,US,US,4,11,sophisticated,24144
6995,39,Female,White,US,US,6,10,sleek,233
6996,44,Male,White,US,US,5,10,sleek,633
6997,34,Female,Black,US,US,2,8,luxurious,903
6998,44,Male,White,US,US,8,13,aerodynamic,488
6999,1994,Male,Black,AS,AU,4,5,aggressive,3332
7000,35,Male,White,US,US,5,10,luxurious,894
7001,29,Female,Black,US,US,4,10,elegant,373
7002,31,Male,Asian Indian,US,US,4,10,luxurious,776
7003,38,Male,White,US,US,4,8,luxurious,595
7004,65,Female,White,US,US,3,7,elegant,368
7005,43,Female,White,US,US,5,9,aggressive,271
7006,44,Female,White,US,US,3,10,sophisticated,2304
7007,25,Male,White,us,mo,5,8,aggressive,1816
7008,30,Female,White,US,US,5,11,sleek,259
7009,48,Male,White,US,US,3,10,modern,3158
7010,24,Male,White,US,US,4,10,stylish,238
7011,40,Male,White,US,US,2,10,modern,272
7012,32,Female,White,US,US,5,10,modern,1282
7013,37,Female,White,US,US,6,10,sophisticated,959
7014,1993,Male,Asian Indian,AS,AD,6,9,aerodynamic,2012
7015,57,Male,White,US,US,8,11,stylish,438
7016,37,Male,White,US,US,3,5,sleek,862
7017,56,Male,Asian Indian,USA,USA,6,10,sporty,487
7018,25,Male,White,us,il,5,8,stylish,1978
7019,27,Female,White,US,US,6,11,elegant,372
7020,30,Female,White,US,US,5,8,elegant,222
7021,36,Male,White,US,US,6,11,aggressive,577
7022,42,Male,White,US,US,5,11,sleek,13785
7023,40,Female,White,US,US,2,10,luxurious,105
7024,39,Female,White,US,US,2,10,modern,355
7025,39,Female,White,US,US,4,10,modern,5966
7026,29,Male,White,US,GB,3,7,sleek,504
7027,35,Female,White,AF,AX,5,10,sophisticated,240
7028,1993,Male,Asian Indian,AS,AD,6,8,aggressive,3636
7029,48,Female,White,US,US,3,11,sophisticated,4778
7030,32,Female,White,US,US,5,11,modern,13982
7031,28,Male,Other race,US,US,4,5,elegant,276
7032,25,Male,White,US,US,7,10,luxurious,3146
7033,42,Male,White,US,US,5,7,stylish,367
7034,29,Female,White,US,US,4,10,modern,1457
7035,52,Female,White,US,US,5,6,aggressive,301
7036,53,Male,White,US,US,7,10,luxurious,455
7037,53,Female,White,US,US,7,7,aerodynamic,391
7038,37,Male,White,US,US,5,11,sleek,1862
7039,67,Female,White,USA,USA,4,4,sophisticated,478
7040,49,Male,White,US,US,5,12,modern,315
7041,35,Female,Chinese,AS,AS,5,11,sophisticated,4079
7042,46,Male,White,US,US,5,8,luxurious,631
7043,58,Female,White,US,US,6,10,aggressive,448
7044,30,Male,White,US,US,5,10,stylish,304
7045,27,Male,White,US,US,6,11,luxurious,293
7046,27,Female,White,US,US,6,10,sporty,337
7047,46,Male,Chinese,US,US,5,8,aggressive,649
7048,27,Female,White,US,US,6,10,sporty,2998
7049,27,Female,White,US,US,6,10,sophisticated,2948
7050,27,Female,White,US,US,6,10,sophisticated,2908
7051,27,Female,White,US,US,6,10,sporty,2870
7052,26,Female,White,US,US,5,10,modern,580
7053,43,Female,White,US,US,5,11,dynamic,241
7054,29,Male,White,US,US,3,11,sleek,1439
7055,29,Female,White,US,US,4,10,sophisticated,338
7056,29,Male,White,US,US,3,11,stylish,1140
7057,29,Male,White,US,US,3,11,modern,1323
7058,29,Male,White,US,US,3,11,aggressive,1115
7059,32,Male,White,US,US,3,8,sporty,1703
7060,58,Female,White,US,US,6,11,aggressive,1300
7061,50,Female,White,US,US,4,8,stylish,361
7062,39,Male,American Indian or Alaska native,US,US,4,6,elegant,460
7063,27,Female,White,US,US,9,9,sporty,954
7064,27,Female,White,US,US,6,10,stylish,3747
7065,27,Female,White,US,US,6,10,aerodynamic,3731
7066,27,Female,White,US,US,6,10,sophisticated,3736
7067,60,Male,White,US,US,6,10,sleek,367
7068,25,Male,White,US,US,7,10,stylish,434
7069,25,Female,White,US,US,6,10,aerodynamic,25383
7070,58,Female,White,US,US,8,11,stylish,285
7071,50,Male,White,US,US,4,10,sophisticated,454
7072,24,Female,White,US,US,2,8,sporty,308
7073,27,Female,White,US,US,6,11,aggressive,1191
7074,32,Male,White,US,US,4,10,aerodynamic,1462
7075,36,Male,White,US,US,5,10,sleek,254
7076,30,Female,White,US,US,4,8,aggressive,393
7077,68,Female,White,US,US,4,7,luxurious,984
7078,31,Male,White,US,CA,5,10,stylish,224
7079,29,Female,Black,US,US,4,9,dynamic,475
7080,39,Female,Black,US,US,2,11,sporty,357
7081,31,Male,White,US,US,3,9,luxurious,251
7082,47,Female,White,US,US,8,11,sophisticated,207
7083,64,Female,Other race,United States,United States,2,10,sporty,1250
7084,44,Female,Chinese,US,US,4,11,dynamic,263
7085,32,Female,White,US,US,5,10,modern,4433
7086,45,Male,Black,US,US,2,8,modern,1553
7087,41,Female,White,US,US,2,9,aggressive,2523
7088,53,Male,White,US,US,3,11,modern,682
7089,48,Female,White,US,US,4,6,aerodynamic,1148
7090,31,Male,Other race,US,US,5,9,modern,238
7091,42,Female,White,US,US,9,11,stylish,633
7092,47,Female,White,US,US,7,10,dynamic,343
7093,71,Male,White,US,US,7,13,luxurious,327
7094,52,Female,White,Monroe County,Monroe County,6,11,modern,671
7095,48,Female,White,US,US,4,7,elegant,351
7096,61,Female,White,US,US,3,7,aggressive,330
7097,33,Female,White,US,US,5,10,sleek,352
7098,44,Male,White,US,US,3,9,sporty,915
7099,27,Female,White,US,US,4,11,dynamic,1170
7100,38,Female,White,US,CA,5,6,luxurious,351
7101,25,Female,Chinese,US,US,7,11,sleek,177
7102,42,Male,Other race,US,US,5,11,sporty,362
7103,37,Male,American Indian or Alaska native,US,US,6,10,dynamic,647
7104,38,Female,White,United States,US,5,11,luxurious,1491
7105,40,Male,White,US,US,5,10,luxurious,428
7106,46,Male,White,US,US,5,8,aerodynamic,230
7107,27,Male,White,US,US,2,6,stylish,2107
7108,46,Female,White,US,US,2,9,sporty,394
7109,59,Female,White,US,US,4,7,elegant,802
7110,50,Male,White,US,US,4,8,luxurious,348
7111,40,Female,Japanese,US,JP,5,11,aerodynamic,266
7112,46,Male,White,US,US,2,11,sleek,492
7113,40,Female,White,US,US,7,11,sporty,303
7114,27,Female,White,US,US,6,11,elegant,1995
7115,38,Female,White,US,US,4,10,aggressive,3956
7116,38,Female,White,US,US,8,13,dynamic,251
7117,52,Female,White,US,US,2,9,aerodynamic,1042
7118,30,Female,Filipino,US,US,6,6,aerodynamic,325
7119,70,Male,White,US,US,5,7,modern,3701
7120,42,Female,White,US,US,2,10,dynamic,220
7121,34,Female,White,US,US,7,6,sophisticated,2604
7122,55,Female,White,US,US,8,11,modern,547
7123,39,Female,White,US,US,4,10,modern,431
7124,28,Male,White,US,US,6,10,sophisticated,331
7125,28,Female,White,US,US,5,10,aggressive,235
7126,44,Male,White,US,US,6,10,aerodynamic,754
7127,52,Female,White,US,US,6,10,sporty,2080
7128,35,Male,White,US,US,5,10,luxurious,285
7129,32,Male,White,US,US,4,8,sleek,1136
7130,47,Female,White,US,US,5,10,luxurious,358
7131,72,Male,Black,US,US,3,6,sporty,719
7132,69,Female,White,US,US,4,8,elegant,436
7133,30,Female,White,US,US,7,10,modern,280
7134,43,Female,White,US,US,6,10,sleek,292
7135,24,Female,White,US,US,5,5,aggressive,326
7136,32,Female,White,US,US,4,10,dynamic,368
7137,29,Female,White,US,US,4,11,elegant,2244
7138,31,Male,White,SC,SC,4,10,sleek,1113
7139,72,Female,White,US,US,3,6,sophisticated,621
7140,23,Female,American Indian or Alaska native,US,US ,3,9,luxurious,400
7141,25,Female,White,US,US,7,11,aerodynamic,1059
7142,64,Female,White,US,US,7,11,aggressive,404
7143,57,Female,White,US,US,2,10,sleek,281
7144,62,Female,Black,US,US,4,10,luxurious,351
7145,29,Male,Black,US,US,4,11,sleek,288
7146,52,Female,White,US,US,2,9,aerodynamic,433
7147,39,Female,Korean,US,KR,6,10,aerodynamic,273
7148,31,Male,White,nv,NV,4,10,sleek,376
7149,29,Male,White,US,US,3,10,stylish,288
7150,38,Male,White,United States,United States,3,11,aerodynamic,412
7151,37,Male,White,US,US,5,10,aerodynamic,247
7152,42,Male,Black,US,US,4,10,dynamic,467
7153,31,Male,White,LA,LA,4,10,elegant,326
7154,45,Female,White,United States,United States,4,8,sophisticated,850
7155,49,Female,White,US,US,3,6,luxurious,468
7156,48,Female,White,US,US,2,10,sleek,410
7157,25,Male,White,US,US,5,10,dynamic,183
7158,46,Male,White,USA,USA,7,11,aerodynamic,342
7159,36,Male,White,US,US,4,10,elegant,240
7160,35,Male,White,US,US,7,10,dynamic,1676
7161,36,Male,White,US,US,4,8,luxurious,481
7162,60,Male,White,US,US,7,11,sporty,300
7163,56,Male,White,US,US,7,11,luxurious,396
7164,47,Female,White,US,US,7,11,stylish,338
7165,24,Female,White,usa,usa,4,8,stylish,369
7166,30,Male,White,US,US,6,11,sleek,10138
7167,55,Male,White,US,US,2,5,sporty,1084
7168,57,Female,White,US,US,5,11,sophisticated,364
7169,37,Female,White,US,US,5,10,modern,32351
7170,32,Male,Other race,US,US,6,6,stylish,1352
7171,22,Male,Chinese,US,US,5,10,modern,287
7172,24,Male,Chinese,US,US,3,10,elegant,1109
7173,39,Female,White,US,US,5,10,aerodynamic,320
7174,52,Female,White,US,US,4,8,aggressive,302
7175,29,Male,White,US,US,5,10,sporty,4470
7176,44,Female,White,US,US,9,10,luxurious,234
7177,23,Female,White,US,US,6,8,sophisticated,238
7178,39,Female,White,US,US,4,8,luxurious,350
7179,45,Female,White,US,US,4,10,sleek,500
7180,34,Male,White,us,us,6,8,aerodynamic,25516
7181,47,Male,White,US,US,6,10,elegant,325
7182,38,Female,White,US,US,4,9,modern,586
7183,31,Male,Black,US,US,8,10,aggressive,78
7184,34,Female,White,US,US,5,8,aggressive,469
7185,27,Female,White,US,US,4,11,modern,4912
7186,28,Male,White,US,US,5,10,aerodynamic,629
7187,36,Female,Black,US,US,4,7,stylish,374
7188,37,Male,White,US,US,8,10,aggressive,2201
7189,45,Male,White,US,US,6,11,sleek,342
7190,28,Female,White,US,US,7,10,dynamic,286
7191,33,Female,White,US,US,2,7,sophisticated,239
7192,27,Male,Black,US,US,5,8,elegant,618
7193,48,Female,White,US,us,5,10,luxurious,380
7194,33,Female,White,US,US,4,10,aggressive,496
7195,57,Female,White,US,US,2,11,dynamic,330
7196,27,Female,White,US,US,6,11,modern,484
7197,26,Female,Other race,US,US,4,10,modern,665
7198,33,Male,White,US,US,5,10,sophisticated,396
7199,39,Male,White,US,US,5,10,luxurious,304
7200,24,Male,White,US,US,3,9,sleek,1227
7201,43,Female,White,US,US,4,6,sophisticated,604
7202,25,Female,White,US,US,5,6,aerodynamic,524
7203,40,Female,White,US,US,4,7,dynamic,387
7204,42,Female,White,US,US,5,10,sophisticated,248
7205,43,Male,White,United States ,United States ,4,10,modern,228
7206,41,Male,White,US,US,6,10,elegant,156
7207,47,Female,Black,US,US,4,10,aerodynamic,480
7208,48,Male,Korean,US,US,7,10,elegant,305
7209,35,Female,White,US,US,3,8,sophisticated,803
7210,37,Female,White,US,US,5,10,luxurious,344
7211,30,Male,White,US,US,2,7,dynamic,293
7212,42,Female,White,US,US,4,10,sophisticated,22339
7213,60,Female,White,US,US,6,10,aggressive,348
7214,39,Female,White,US,US,5,9,elegant,1276
7215,32,Female,White,US,US,4,10,modern,267
7216,33,Female,White,US,US,2,9,sophisticated,19632
7217,32,Female,White,US,US,6,8,sporty,302
7218,41,Female,White,US,ohio,7,11,luxurious,3440
7219,55,Female,Black,US,US,6,8,sporty,551
7220,46,Female,White,US,IT,4,8,sophisticated,2658
7221,41,Male,White,US,US,6,11,stylish,259
7222,26,Female,White,US,US,2,10,stylish,314
7223,30,Male,White,US,US,2,7,sophisticated,242
7224,39,Male,White,US,US,8,10,aerodynamic,993
7225,23,Female,White,US,US,2,7,aerodynamic,365
7226,38,Male,White,United States of America ,United States of America ,8,12,aerodynamic,584
7227,45,Male,White,US,US,2,5,dynamic,357
7228,31,Female,Korean,US,US,6,12,sophisticated,255
7229,43,Male,White,US,US,3,7,elegant,497
7230,40,Male,White,US,US,3,7,elegant,979
7231,33,Female,White,US,US,8,10,dynamic,409
7232,63,Male,White,US,US,2,10,dynamic,452
7233,49,Female,White,US,US,4,7,sophisticated,2254
7234,45,Female,Black,United States,United States,2,10,luxurious,874
7235,33,Female,White,US,US,5,11,aggressive,259
7236,64,Female,White,USA,South Dakota,3,8,stylish,436
7237,47,Female,White,US,US,6,9,luxurious,18414
7238,39,Male,White,US,US,6,10,sleek,660
7239,42,Female,White,US,US,9,8,dynamic,770
7240,54,Male,White,US,US,5,7,aggressive,447
7241,44,Male,White,US,US,9,10,aerodynamic,277
7242,44,Female,White,US,US,4,7,stylish,276
7243,48,Male,White,US,ES,5,12,aerodynamic,297
7244,65,Female,White,US,US,3,6,luxurious,450
7245,52,Female,White,US,US,5,6,aerodynamic,558
7246,45,Female,White,US,us,4,8,modern,1141
7247,31,Male,White,US,US,6,10,dynamic,30051
7248,46,Female,White,US,US,8,11,elegant,234
7249,43,Female,White,US,US,4,9,sleek,253
7250,33,Male,Other race,US,US,5,11,modern,506
7251,37,Female,White,US,US,4,10,sporty,376
7252,51,Female,White,US,US,4,7,aggressive,922
7253,54,Female,White,US,US,4,8,aerodynamic,636
7254,30,Male,White,US,US,5,10,aggressive,8112
7255,40,Female,White,US,US,6,11,dynamic,341
7256,31,Female,White,US,US,5,10,sleek,1028
7257,34,Female,American Indian or Alaska native,US,US,5,3,aggressive,811
7258,24,Female,White,US,US,2,7,sophisticated,6375
7259,19,Male,White,US,US,2,7,aggressive,451
7260,59,Female,Prefer not to answer,US,US,5,6,aggressive,414
7261,30,Male,White,US,US,2,10,aggressive,30715
7262,59,Female,White,US,US,7,11,luxurious,387
7263,25,Female,White,US,US,2,10,aerodynamic,589
7264,41,Male,White,US,US,7,11,dynamic,626
7265,34,Male,White,US,US,3,10,sleek,947
7266,33,Female,White,US,US,6,11,aggressive,247
7267,22,Male,White,US,US,3,9,sporty,369
7268,39,Male,Black,US,US,6,10,sporty,2901
7269,21,Male,Other race,US,US,4,7,elegant,668
7270,26,Male,White,US,US,2,9,dynamic,868
7271,39,Female,White,US,US,3,6,sleek,436
7272,43,Female,White,usa,usa,5,10,sophisticated,654
7273,77,Female,White,US,US,4,10,aggressive,3178
7274,43,Female,White,US,US,2,8,aerodynamic,252
7275,69,Female,White,US,US,4,9,elegant,715
7276,39,Male,White,US,US,3,10,sporty,2608
7277,45,Male,White,US,US,3,8,sporty,579
7278,46,Female,White,US,US,2,4,modern,941
7279,45,Female,White,US,US,2,4,elegant,2586
7280,31,Female,Black,US,US,5,11,aggressive,627
7281,63,Male,White,US,US,6,10,elegant,369
7282,31,Male,White,US,US,2,11,sleek,3036
7283,30,Male,White,US,US,3,10,stylish,1917
7284,33,Female,White,US,US,2,8,aggressive,382
7285,33,Male,White,US,US,3,10,stylish,3412
7286,44,Male,White,US,US,5,11,elegant,219
7287,69,Female,White,US,US,4,10,sporty,14487
7288,27,Non-binary,White,US,US,1,9,stylish,251
7289,45,Male,Black,US,US,3,6,elegant,379
7290,60,Female,White,USA,USA,3,12,sophisticated,387
7291,33,Male,White,US,US,7,10,elegant,1245
7292,39,Male,White,US,US,2,9,sporty,2156
7293,29,Female,Black,US,US,2,10,dynamic,409
7294,43,Female,White,US,US,8,10,luxurious,441
7295,68,Female,White,US,US,6,10,aerodynamic,633
7296,40,Male,White,US,US,2,9,luxurious,3042
7297,35,Male,White,US,US,5,10,sleek,22120
7298,28,Female,White,US,US,4,10,sleek,232
7299,64,Male,White,US,US,7,12,luxurious,595
7300,39,Male,White,US,US,8,11,stylish,1939
7301,37,Male,Black,US,US,4,8,stylish,1213
7302,42,Female,White,US,US,5,10,aerodynamic,578
7303,30,Male,White,US,US,6,10,aerodynamic,162
7304,21,Male,Chinese,US,US,1,7,sophisticated,291
7305,32,Female,Black,US,US,6,11,elegant,361
7306,39,Male,White,OH,OH,3,11,luxurious,629
7307,41,Female,White,US,US,4,8,stylish,16360
7308,38,Female,White,US,US,4,9,elegant,412
7309,49,Male,White,US,US,8,12,sleek,330
7310,34,Male,Chinese,US,US,6,10,modern,254
7311,52,Female,White,US,US,2,9,sophisticated,11615
7312,39,Female,White,US,US,8,10,modern,393
7313,41,Non-binary,White,US,US,4,10,modern,354
7314,37,Female,White,US,United States,4,14,modern,406
7315,41,Male,White,US,US,6,10,luxurious,339
7316,41,Female,Black,US,US,2,6,aerodynamic,332
7317,52,Male,White,US,US,3,8,sporty,694
7318,27,Female,White,US,US,3,10,luxurious,351
7319,27,Male,American Indian or Alaska native,US,US,2,7,sleek,454
7320,38,Male,Black,US,US,2,10,modern,236
7321,67,Female,Prefer not to answer,US,US,3,8,sporty,803
7322,43,Male,White,US,US,2,6,dynamic,6844
7323,24,Male,Black,US,US,3,7,modern,465
7324,27,Female,White,US,US,6,10,aerodynamic,710
7325,25,Female,White,USA,US,6,10,luxurious,499
7326,31,Male,White,US,US,4,6,sporty,618
7327,66,Male,Other race,US,US,4,7,dynamic,483
7328,22,Female,White,US,US,6,10,sporty,750
7329,46,Male,White,US,US,2,4,modern,9177
7330,27,Male,White,US,US,5,8,dynamic,313
7331,62,Male,Japanese,US,US,5,10,sleek,421
7332,53,Female,White,US,US,8,10,modern,551
7333,49,Female,Chinese,US,US,4,11,aerodynamic,471
7334,43,Male,White,US,US,5,10,modern,651
7335,44,Female,White,US,US,2,4,sleek,9728
7336,46,Female,White,US,US,2,9,sporty,8107
7337,54,Female,White,US,US,4,7,dynamic,449
7338,39,Female,White,US,US,3,10,sporty,251
7339,49,Female,White,US,US,5,8,sophisticated,395
7340,43,Female,White,US,US,3,10,sleek,600
7341,44,Female,White,US,US,4,11,elegant,677
7342,32,Male,White,US,US,4,11,sophisticated,304
7343,32,Female,White,US,US,4,9,sophisticated,249
7344,57,Female,White,US,Us,7,10,aggressive,397
7345,30,Female,Black,US,US,4,7,dynamic,507
7346,18,Male,White,US,US,4,11,sophisticated,3929
7347,57,Female,White,US,NZ,2,5,stylish,487
7348,28,Female,American Indian or Alaska native,INDIA,INDIA,2,11,aggressive,386
7349,53,Male,White,US,US,6,10,aerodynamic,1204
7350,29,Male,White,AX,AL,5,10,modern,13301
7351,50,Female,White,US,US,2,8,luxurious,207
7352,31,Female,White,US,US,2,6,aerodynamic,253
7353,30,Male,White,AL,CK,5,10,aerodynamic,13322
7354,39,Female,Prefer not to answer,US,US,6,10,elegant,693
7355,24,Female,White,US,US,4,10,modern,271
7356,30,Female,White,US,US,5,11,luxurious,78
7357,57,Female,White,US,US,8,10,sophisticated,343
7358,47,Female,Other race,US,US,2,8,modern,32843
7359,34,Male,White,US,US,4,7,elegant,34644
7360,53,Male,White,US,US,7,10,elegant,416
7361,39,Female,White,US,US,4,9,elegant,446
7362,25,Female,White,US,US,2,10,sleek,133
7363,25,Female,White,US,US,2,10,sporty,271
7364,45,Female,White,US,US,6,8,elegant,364
7365,39,Male,American Indian or Alaska native,US,US,3,6,sleek,534
7366,35,Male,White,US,US,5,11,sophisticated,739
7367,22,Female,White,US,US,4,10,dynamic,241
7368,32,Female,White,US,US,5,8,sporty,397
7369,30,Female,White,US,US,4,11,sporty,105
7370,22,Male,White,US,US,2,10,dynamic,234
7371,28,Female,White,US,US,4,7,stylish,262
7372,27,Female,Other race,US,US,5,10,sleek,301
7373,55,Male,White,US,US,4,10,modern,617
7374,21,Female,Black,US,US,4,9,aggressive,371
7375,32,Male,White,United States,US,3,9,luxurious,257
7376,69,Female,White,US,US,4,10,dynamic,377
7377,30,Female,White,US,US,5,11,sophisticated,92
7378,49,Female,White,US,US,3,10,sleek,251
7379,30,Female,White,US,US,5,11,sporty,81
7380,30,Female,White,US,US,6,11,aggressive,151
7381,32,Male,American Indian or Alaska native,CA,CA,6,10,elegant,148
7382,42,Female,Black,US,US,7,11,aggressive,344
7383,48,Female,White,US,US,8,11,luxurious,279
7384,27,Male,Black,USA,Usa,3,9,aerodynamic,965
7385,32,Female,White,US,US,3,8,stylish,321
7386,59,Male,White,US,US,5,11,luxurious,34951
7387,57,Female,Black,United States of America,"United States of America, South Region",3,8,modern,403
7388,34,Male,White,US,US,5,10,sleek,406
7389,59,Female,White,US,US,6,11,aggressive,6897
7390,41,Female,White,US,US,2,11,stylish,659
7391,72,Female,White,US,US,4,9,sophisticated,1010
7392,74,Female,White,US,US,6,8,aerodynamic,330
7393,51,Male,White,US,US,8,10,sporty,305
7394,28,Male,Other race,US,US,2,5,aerodynamic,234
7395,57,Female,White,US,US,5,11,sophisticated,493
7396,41,Female,White,US,US,2,9,aerodynamic,415
7397,31,Female,White,US,US,5,10,sophisticated,260
7398,43,Female,White,US,US,5,10,luxurious,299
7399,43,Female,White,US,US,6,11,sleek,336
7400,40,Female,White,US,US,6,10,sporty,304
7401,43,Female,White,US,US,7,8,modern,492
7402,35,Male,White,US,US,5,11,sporty,253
7403,35,Male,Other race,US,US,3,9,stylish,570
7404,25,Male,Asian Indian,US,US,5,10,stylish,1461
7405,28,Female,Korean,US,US,5,11,stylish,254
7406,21,Male,White,US,US,3,10,modern,274
7407,35,Male,White,US,USA,6,11,sleek,33894
7408,29,Male,White,AS,AS,4,10,aggressive,194
7409,64,Female,White,US,US,4,11,luxurious,524
7410,38,Female,White,MO,MO,1,9,sporty,289
7411,59,Female,White,FI,FI,6,9,elegant,175
7412,34,Female,White,US,US,3,11,sleek,444
7413,35,Female,White,CA,USA,4,10,modern,645
7414,26,Male,Other race,US,US,2,8,aggressive,319
7415,52,Male,White,US,US,6,11,sophisticated,12216
7416,52,Male,White,US,US,4,10,elegant,603
7417,41,Male,White,US,US,8,12,dynamic,226
7418,55,Female,White,usa,usa,3,8,luxurious,426
7419,43,Female,White,USA,USA,4,7,modern,587
7420,23,Female,Black,US,US,2,8,aerodynamic,267
7421,36,Female,White,US,US,4,8,elegant,225
7422,35,Female,White,US,US,5,7,stylish,301
7423,35,Female,Black,US,US,4,11,stylish,16516
7424,44,Male,White,US,US,5,13,luxurious,16654
7425,43,Female,Black,US,US,4,11,modern,16718
7426,33,Male,White,us,us,4,10,luxurious,970
7427,46,Female,White,US,US,5,10,sleek,38229
7428,49,Female,White,US,US,4,11,stylish,4687
7429,29,Female,Black,US,US,4,11,luxurious,16784
7430,47,Male,White,US,US,3,10,stylish,16861
7431,28,Female,Black,US,US,4,11,aerodynamic,16890
7432,25,Male,White,US,US,5,10,dynamic,116
7433,39,Male,Black,US,US,6,12,elegant,16966
7434,51,Female,White,US,US,6,11,luxurious,4893
7435,42,Female,Black,US,US,6,12,sleek,17036
7436,46,Male,White,US,US,4,10,stylish,540
7437,39,Female,Black,US,US,6,12,elegant,17094
7438,53,Female,White,US,US,4,10,elegant,1661
7439,34,Female,White,US,US,3,10,elegant,17214
7440,35,Male,White,US,US,6,10,aggressive,379
7441,51,Female,White,US,US,4,8,sporty,329
7442,37,Female,Black,US,US,6,12,luxurious,17286
7443,44,Male,White,US,US,3,10,stylish,17350
7444,48,Male,White,US,US,5,13,stylish,17409
7445,37,Female,Black,US,US,6,12,aerodynamic,17475
7446,29,Male,White,US,US,3,10,aerodynamic,17537
7447,36,Male,White,US,US,5,13,sporty,17607
7448,29,Male,Black,US,US,4,11,sleek,17672
7449,28,Male,Black,US,US,4,11,sporty,17717
7450,47,Female,White,US,US,3,10,luxurious,17773
7451,39,Female,White,US,US,5,8,dynamic,360
7452,41,Female,Black,US,US,4,11,aggressive,17843
7453,47,Female,Black,US,US,4,11,dynamic,17908
7454,34,Female,Black,US,US,4,11,luxurious,17988
7455,38,Male,Black,US,US,4,11,luxurious,18080
7456,36,Female,Black,US,US,6,12,luxurious,18129
7457,36,Female,White,US,US,4,8,stylish,518
7458,46,Male,Black,US,US,6,12,modern,18199
7459,48,Male,Black,US,US,6,12,sleek,18269
7460,45,Female,Black,US,US,4,11,sophisticated,18343
7461,34,Male,White,US,US,3,10,aggressive,18426
7462,34,Male,White,US,US,5,13,aggressive,18511
7463,40,Male,Black,US,US,4,11,sleek,18590
7464,27,Female,Black,US,US,4,7,modern,441
7465,48,Male,White,US,US,5,13,luxurious,18679
7466,45,Female,White,US,US,3,10,sporty,18756
7467,40,Male,White,US,US,5,13,sleek,18831
7468,43,Female,White,US,US,3,10,modern,18898
7469,39,Male,Black,US,US,4,11,luxurious,18994
7470,35,Male,Black,US,US,4,11,aggressive,19052
7471,34,Male,Black,US,US,4,11,dynamic,19107
7472,53,Female,White,US,US,5,10,elegant,347
7473,36,Female,White,US,US,3,10,aerodynamic,19166
7474,45,Male,White,US,US,3,10,dynamic,19215
7475,35,Male,Black,US,US,6,12,sporty,19254
7476,29,Female,White,US,US,3,10,luxurious,19306
7477,46,Male,White,US,US,5,13,aggressive,19353
7478,44,Male,White,US,US,5,13,stylish,19459
7479,37,Male,White,US,US,5,13,modern,19519
7480,34,Male,Black,US,US,6,12,sleek,19547
7481,24,Female,Asian Indian,IN,IN,1,10,aggressive,558
7482,43,Male,White,US,US,3,10,sophisticated,19622
7483,44,Male,Black,US,US,6,12,sophisticated,19686
7484,33,Male,White,US,US,3,10,modern,19741
7485,44,Female,Black,US,US,6,12,dynamic,19842
7486,36,Female,White,nw,bohom,4,11,sleek,403
7487,43,Male,Black,US,US,6,12,dynamic,19948
7488,47,Male,Black,US,US,6,12,aerodynamic,20022
7489,39,Female,White,US,US,5,13,stylish,20083
7490,44,Male,Black,US,US,6,12,luxurious,20163
7491,32,Female,Black,US,US,4,11,aggressive,20384
7492,42,Female,Black,US,US,4,11,modern,20619
7493,33,Male,Black,US,US,4,11,sophisticated,20655
7494,42,Male,Black,US,US,6,12,modern,20698
7495,47,Male,Black,US,US,6,12,sporty,20762
7496,30,Male,White,usa,usa,5,9,aggressive,743
7497,28,Male,Black,US,US,6,12,elegant,18518
7498,46,Male,Black,US,US,6,12,modern,18581
7499,30,Male,White,usa,usa,4,9,sleek,430
7500,34,Female,White,US,US,3,10,sporty,18633
7501,58,Female,White,AS,AS,5,11,elegant,134
7502,46,Male,White,US,US,5,13,dynamic,18716
7503,30,Male,White,usa,usa,5,9,sophisticated,544
7504,40,Female,White,US,US,3,10,stylish,18781
7505,39,Male,Black,US,US,6,12,stylish,18810
7506,30,Male,White,usa,usa,5,9,stylish,874
7507,37,Male,Black,US,US,4,11,stylish,18902
7508,30,Male,White,usa,usa,4,9,sleek,139
7509,48,Male,Black,US,US,6,12,aerodynamic,18926
7510,30,Male,White,usa,usa,5,9,sleek,1159
7511,46,Male,Black,US,US,4,11,luxurious,531
7512,30,Male,White,usa,usa,5,9,sleek,381
7513,36,Female,White,US,US,5,13,stylish,19093
7514,44,Non-binary,White,US,US,4,10,sleek,666
7515,48,Male,Black,US,US,6,12,sporty,19145
7516,28,Female,White,US,US,3,10,modern,19173
7517,30,Male,White,US,US,5,13,sleek,19227
7518,30,Male,White,usa,usa,5,9,sleek,753
7519,43,Female,Black,US,US,6,12,sophisticated,19256
7520,48,Male,White,US,US,5,13,modern,19320
7521,39,Male,White,US,US,3,10,elegant,19360
7522,28,Male,White,US,US,5,13,sporty,19434
7523,31,Male,White,US,US,5,13,sleek,19474
7524,34,Male,White,US,US,5,13,modern,19530
7525,38,Male,Black,US,US,6,12,sleek,19665
7526,32,Male,White,US,US,3,10,sporty,19708
7527,28,Male,Black,US,US,6,12,elegant,19756
7528,44,Female,Black,US,US,6,12,aggressive,19847
7529,36,Female,White,US,US,5,13,sporty,19886
7530,41,Female,White,US,US,3,10,aerodynamic,19915
7531,33,Male,Black,US,US,6,12,aerodynamic,19992
7532,37,Female,White,US,US,5,13,aerodynamic,20012
7533,46,Female,Black,US,US,4,11,elegant,20062
7534,30,Male,White,us,US,6,12,sporty,183
7535,39,Male,Black,US,US,4,11,stylish,20107
7536,41,Male,Black,US,US,4,11,aggressive,20166
7537,39,Male,Black,US,US,6,12,dynamic,20205
7538,32,Non-binary,White,US,US,5,8,dynamic,321
7539,46,Male,Black,US,US,4,11,aerodynamic,20238
7540,42,Male,White,US,US,5,13,sophisticated,20276
7541,39,Female,Black,US,US,6,12,elegant,20327
7542,30,Male,White,US,US,3,10,stylish,20331
7543,34,Female,White,US,US,5,13,sporty,20384
7544,31,Female,Black,US,US,6,12,sporty,20408
7545,45,Male,Black,US,US,6,12,sporty,20460
7546,44,Male,White,US,US,3,10,sporty,20510
7547,34,Female,Black,US,US,6,12,modern,20553
7548,38,Female,Black,US,US,4,11,aerodynamic,20576
7549,46,Male,Black,US,US,4,11,elegant,20630
7550,37,Female,White,US,US,5,13,sporty,20664
7551,41,Male,White,US,US,3,10,modern,20703
7552,40,Female,White,US,US,5,13,modern,20721
7553,50,Female,American Indian or Alaska native,US,US,8,11,sleek,397
7554,57,Female,White,United States,United States,4,7,sleek,512
7555,29,Female,Black,US,US,4,11,sporty,21132
7556,32,Female,White,US,US,5,10,stylish,6899
7557,30,Female,Black,US,US,4,11,modern,21170
7558,38,Male,White,US,US,5,13,elegant,21237
7559,32,Male,White,US,US,3,10,elegant,21291
7560,28,Female,White,US,US,5,13,elegant,19899
7561,47,Male,Black,US,US,6,12,stylish,21446
7562,32,Female,White,US,US,7,11,sophisticated,223
7563,43,Male,Black,US,US,6,12,aerodynamic,21529
7564,47,Female,White,US,US,3,10,luxurious,21597
7565,43,Male,Black,US,US,6,12,luxurious,21643
7566,35,Female,White, US,US,5,10,sophisticated,7372
7567,47,Male,White,US,US,5,13,sophisticated,21799
7568,31,Male,Black,US,NG,7,11,sophisticated,406
7569,37,Female,White,US,US,3,10,sophisticated,21927
7570,28,Male,Black,US,US,4,11,sleek,21983
7571,31,Female,White,US,US,5,13,elegant,22077
7572,48,Female,White,US,US,5,13,sophisticated,22129
7573,32,Male,White,US,US,5,13,sporty,22185
7574,38,Male,White,US,US,3,10,sophisticated,22405
7575,41,Female,White,US,US,3,10,sporty,22453
7576,36,Male,Black,US,US,4,11,modern,22473
7577,39,Male,Black,US,US,4,11,aerodynamic,109
7578,45,Male,White,US,US,3,10,dynamic,22634
7579,48,Female,White,US,US,5,13,aerodynamic,22712
7580,43,Male,White,US,US,5,13,elegant,22758
7581,49,Female,White,US,US,4,10,modern,534
7582,40,Male,White,US,US,3,10,modern,22844
7583,38,Female,Black,US,US,6,12,stylish,22866
7584,36,Male,White,US,US,4,10,modern,1714
7585,64,Female,White,US,US,7,6,modern,615
7586,30,Male,White,us,MICHIGAN ,5,11,elegant,9237
7587,54,Male,White,us,CONNECTICUT ,5,11,stylish,9196
7588,32,Male,White,US,US,4,9,stylish,9924
7589,38,Male,White,US,US,5,10,aggressive,4394
7590,57,Female,White,US,US,3,7,sleek,588
7591,30,Female,White,US,US,5,11,luxurious,63
7592,35,Female,White,ca,ca,5,10,aerodynamic,122
7593,30,Female,White,US,US,4,11,stylish,59
7594,55,Female,White,il,il,5,10,sophisticated,85
7595,45,Female,White,in,in,5,10,sporty,67
7596,41,Female,White,ny,ny,5,11,sporty,78
7597,53,Female,White,va,va,5,11,aerodynamic,85
7598,35,Female,White,in,in,5,10,elegant,82
7599,45,Female,White,in,in,5,11,dynamic,64
7600,45,Female,White,tx,tx,5,10,aggressive,70
7601,45,Female,White,tx,tx,5,11,luxurious,71
7602,53,Female,White,fl,fl,5,10,aerodynamic,61
7603,50,Male,White,US,FI,5,11,dynamic,13110
7604,50,Male,Chinese,US,US,6,10,aggressive,375
7605,51,Male,White,US,US,4,9,luxurious,324
7606,43,Female,Other race,US,US,3,10,luxurious,2285
7607,30,Male,White,AS,AS,6,9,luxurious,1443
7608,31,Female,White,US,US,6,11,modern,186
7609,30,Male,White,AS,AS,4,9,modern,371
7610,46,Male,White,US,US,6,11,elegant,531
7611,31,Male,White,US,US,6,11,sporty,524
7612,31,Female,White,US,US,6,11,sporty,520
7613,31,Male,White,US,US,6,11,stylish,516
7614,50,Female,White,US,US,6,11,sophisticated,512
7615,34,Female,White,US,US,6,11,dynamic,507
7616,31,Male,White,US,US,6,11,modern,546
7617,30,Male,White,AS,AS,4,9,luxurious,480
7618,35,Male,White,US,US,5,10,aggressive,459
7619,30,Male,White,AS,AS,4,9,luxurious,3449
7620,40,Female,Korean,US,US,7,10,dynamic,285
7621,61,Male,White,US,US,3,8,elegant,804
7622,32,Female,White,usa,usa,5,10,aggressive,4560
7623,47,Female,White,US,US,5,10,stylish,305
7624,33,Female,White,US,US,4,6,aggressive,39877
7625,32,Female,White,USA,USA,5,10,luxurious,2925
7626,30,Female,White,US,US,5,11,luxurious,75
7627,29,Female,White,US,US,4,10,sleek,387
7628,24,Female,White,US,US,3,10,dynamic,97
7629,26,Female,White,US,US,3,11,aerodynamic,102
7630,30,Female,White,US,US,5,11,sporty,82
7631,32,Male,Black,US,US,5,10,sleek,389
7632,36,Female,White,US,US,4,8,sophisticated,691
7633,31,Female,White,US,US,6,10,sleek,37877
7634,59,Female,White,US,US,5,10,stylish,605
7635,42,Male,White,US,US,7,11,aerodynamic,234
7636,18,Female,White,US,Wilmington,6,11,stylish,441
7637,42,Male,White,US,US,5,10,luxurious,5805
7638,27,Female,White,US,US,2,11,sleek,1273
7639,40,Male,White,US,US,4,6,sporty,761
7640,24,Female,White,US,US,4,7,sophisticated,860
7641,35,Female,Black,US,US,5,10,stylish,456
7642,36,Female,White,US,US,7,6,aggressive,132
7643,52,Female,White,US,US,3,10,sporty,299
7644,36,Female,White,US,US,3,6,modern,314
7645,63,Female,White,US,US,3,6,stylish,358
7646,55,Female,White,US,US,7,10,modern,366
7647,31,Male,White,US,US,6,11,elegant,302
7648,52,Male,Asian Indian,US,US,2,11,sporty,376
7649,30,Male,White,US,US,8,10,stylish,435
7650,27,Male,White,US,US,4,11,sleek,249
7651,63,Female,Asian Indian,US,IN,2,10,luxurious,933
7652,32,Male,White,usa,usa,5,10,sporty,1415
7653,29,Female,Black,US,US,4,11,elegant,3758
7654,54,Female,White,United States,United States,5,10,sleek,481
7655,48,Male,White,US,US,2,10,luxurious,536
7656,63,Male,White,US,US,5,10,aggressive,1500
7657,39,Male,White,US,US,8,10,aggressive,204
7658,55,Male,White,US,US,2,11,aerodynamic,567
7659,25,Female,White,US,US,4,9,elegant,232
7660,64,Male,White,US,US,5,10,sophisticated,297
7661,69,Male,White,US,US,9,11,stylish,409
7662,33,Male,White,US,US,7,10,aerodynamic,1626
7663,37,Male,White,US,US,6,10,stylish,249
7664,35,Female,White,US,US,5,10,luxurious,3526
7665,32,Male,White,usa,usa,5,10,sporty,650
7666,62,Female,White,US,US,9,14,modern,646
7667,38,Female,White,US,US,3,7,modern,460
7668,41,Male,Black,US,US,5,10,elegant,439
7669,30,Female,Other Asian,US,US,2,8,dynamic,476
7670,44,Male,White,US,US,5,11,stylish,313
7671,56,Female,White,US,US,3,14,sporty,310
7672,31,Male,Black,US,US,4,10,elegant,2219
7673,40,Male,Black,US,US,9,10,modern,620
7674,29,Female,White,US,US,7,8,aerodynamic,386
7675,31,Female,Black,US,US,3,10,stylish,432
7676,33,Male,White,US,US,5,11,modern,689
7677,43,Female,White,US,US,5,10,stylish,286
7678,35,Female,White,US,US,4,9,sporty,8485
7679,41,Male,White,US,US,2,11,modern,342
7680,44,Female,Black,US,US,4,10,luxurious,510
7681,27,Male,White,US,US,2,5,aggressive,424
7682,82,Male,White,US,US,6,10,aggressive,421
7683,50,Male,White,US,US,3,6,sleek,366
7684,39,Female,White,US,US,5,10,sporty,281
7685,63,Female,White,US,US,4,11,aerodynamic,385
7686,55,Male,White,US,US,4,9,sporty,376
7687,30,Male,Black,US,US,6,10,stylish,1145
7688,68,Female,Black,US,US,5,9,modern,628
7689,52,Female,White,US,US,6,7,elegant,615
7690,36,Female,Vietnamese,US,VN,2,10,dynamic,344
7691,30,Male,Korean,AL,AL,4,11,aerodynamic,161
7692,50,Female,White,US,US,6,5,elegant,344
7693,30,Female,Prefer not to answer,US,US,6,10,sleek,297
7694,45,Female,White,US,US,7,10,sophisticated,875
7695,31,Male,White,US,US,6,12,sleek,377
7696,60,Male,White,US,US,3,10,sophisticated,1113
7697,44,Female,White,US,US,5,11,modern,251
7698,61,Female,White,US,US,6,11,stylish,939
7699,54,Male,White,US,CA,6,10,aerodynamic,281
7700,40,Male,White,US,US,7,12,luxurious,320
7701,49,Male,White,US,US,6,11,sleek,501
7702,47,Male,White,US,US,7,11,modern,289
7703,48,Male,White,US,US,7,10,sporty,241
7704,41,Male,White,US,US,7,11,aerodynamic,22517
7705,31,Female,Black,US,US,4,10,stylish,2359
7706,47,Male,White,US,US,6,10,stylish,659
7707,42,Female,White,US,US,2,8,aggressive,357
7708,21,Female,Black,US,US,3,10,aggressive,633
7709,54,Male,White,US,US,5,10,sophisticated,187
7710,32,Female,White,US,US,4,10,stylish,692
7711,42,Female,White,US,US,5,11,sleek,277
7712,40,Female,White,US,US,7,6,stylish,354
7713,25,Male,Black,US,US,3,10,sophisticated,794
7714,33,Male,White,US,GB,3,9,aggressive,3376
7715,32,Male,White,AX,AF,3,10,sleek,4198
7716,32,Male,White,US,GB,3,6,sleek,3937
7717,32,Male,White,US,AL,3,10,luxurious,4796
7718,60,Female,White,US,US,4,6,dynamic,731
7719,31,Female,White,US,US,6,7,stylish,1329
7720,45,Male,White,US,VU,4,9,modern,152
7721,32,Female,White,US,US,2,10,sleek,357
7722,38,Female,White,US,US,7,7,stylish,232
7723,54,Female,White,us,us,4,7,dynamic,429
7724,40,Female,White,US,US,7,11,sophisticated,25114
7725,26,Male,Black,USA,USA,5,10,dynamic,3759
7726,37,Female,Other race,US,US,4,11,dynamic,2645
7727,46,Male,White,United States,United States,7,10,sporty,1428
7728,42,Female,Other race,US,US,6,10,stylish,444
7729,47,Female,White,US,US,4,10,stylish,6338
7730,31,Female,White,US,US,5,7,stylish,385
7731,53,Female,White,US,US,5,10,dynamic,611
7732,55,Female,White,US,US,3,1,sporty,508
7733,47,Female,Japanese,US,US,7,10,sophisticated,5069
7734,30,Female,American Indian or Alaska native,FL,FL,2,11,elegant,580
7735,37,Male,White,OR,US,2,6,elegant,192
7736,32,Female,Other race,US,US,3,8,sporty,2909
7737,37,Female,White,US,US,3,10,sporty,190
7738,43,Male,White,US,US,4,9,sporty,804
7739,34,Female,White,US,US,4,10,sleek,248
7740,55,Male,White,US,US,5,8,aerodynamic,410
7741,54,Female,White,US,US,4,10,elegant,137
7742,59,Female,Filipino,United States,United States,5,10,dynamic,282
7743,34,Male,White,US,US,3,10,sporty,2383
7744,34,Male,White,US,US,5,10,sleek,2617
7745,53,Male,American Indian or Alaska native,US,US,5,10,sophisticated,2150
7746,56,Female,White,US,US,5,6,modern,379
7747,68,Female,White,US,US,5,11,elegant,400
7748,55,Female,Other race,US,US,5,10,stylish,766
7749,29,Male,White,US,US,5,9,sporty,284
7750,35,Female,White,US,US,8,11,elegant,319
7751,27,Male,White,US,US,7,10,sophisticated,303
7752,33,Male,White,US,US,6,11,stylish,389
7753,31,Female,White,US,US,2,9,stylish,436
7754,62,Female,White,US,US,6,11,sophisticated,629
7755,34,Female,White,US,US,5,13,modern,296
7756,44,Male,White,US,US,7,11,luxurious,473
7757,30,Male,White,US,US,6,10,sleek,191
7758,27,Female,American Indian or Alaska native,fl,fl,4,10,elegant,265
7759,42,Male,White,US,US,6,10,dynamic,375
7760,32,Male,White,US,US,6,8,aggressive,330
7761,40,Male,White,US,US,7,11,sophisticated,917
7762,40,Male,White,US,US,4,5,elegant,449
7763,25,Female,White,US,US,4,7,dynamic,139
7764,40,Female,White,US,US,4,10,elegant,1364
7765,56,Male,White,US,US,3,10,stylish,397
7766,25,Female,White,US,US,4,8,aerodynamic,875
7767,43,Female,Black,US,US,2,10,elegant,6396
7768,80,Female,White,US,US,3,6,modern,569
7769,50,Prefer not to answer,Prefer not to answer,US,NO-ANSWER,9,14,sleek,428
7770,27,Non-binary,White,US,US,2,10,sporty,355
7771,35,Male,White,US,US,4,10,sophisticated,887
7772,59,Male,White,US,US,4,10,elegant,518
7773,39,Male,White,US,US,4,10,dynamic,308
7774,41,Male,White,US,US,2,9,sleek,320
7775,62,Female,White,US,US,3,7,elegant,485
7776,37,Female,White,US,US,2,9,stylish,443
7777,29,Male,White,AS,BZ,4,11,elegant,564
7778,27,Male,American Indian or Alaska native,US,US,5,10,aerodynamic,628
7779,57,Female,White,US,US,4,10,luxurious,644
7780,55,Male,White,US,US,6,10,elegant,374
7781,30,Male,White,US,US,5,10,sleek,727
7782,48,Female,White,us,us,3,11,aerodynamic,378
7783,58,Male,Filipino,US,US,9,11,modern,793
7784,35,Female,White,US,US,5,7,dynamic,793
7785,65,Female,White,US,US,4,10,aerodynamic,804
7786,36,Male,White,US,US,3,10,sporty,636
7787,42,Male,White,US,US,7,10,aggressive,920
7788,53,Female,White,US,US,4,10,sporty,378
7789,36,Male,White,US,US,4,8,stylish,983
7790,63,Male,White,US,US,5,10,elegant,846
7791,36,Male,White,US,US,6,10,sophisticated,604
7792,46,Female,White,US,US,3,11,sporty,720
7793,46,Male,White,US,US,9,10,elegant,1015
7794,38,Female,Black,United States,United States,2,11,sporty,376
7795,35,Male,White,US,US,4,10,sophisticated,1034
7796,44,Male,White,US,US,4,10,dynamic,1059
7797,45,Male,White,US,US,6,10,aerodynamic,1132
7798,59,Male,White,US,US,4,10,sporty,1003
7799,42,Male,White,US,US,4,6,dynamic,413
7800,49,Female,White,US,US,5,10,modern,1075
7801,39,Male,White,US,US,7,11,elegant,202
7802,49,Male,White,US,US,4,10,sporty,178
7803,32,Female,White,US,US,7,11,aerodynamic,1100
7804,30,Male,White,fl,fl,6,10,aerodynamic,817
7805,48,Male,Black,US,US,5,10,sophisticated,1027
7806,60,Female,White,US,US,3,10,sleek,657
7807,36,Female,White,US,US,4,10,sophisticated,205
7808,27,Male,White,US,US,3,8,sporty,220
7809,52,Male,White,US,US,3,10,dynamic,1285
7810,30,Male,Other Asian,US,US,9,10,elegant,297
7811,65,Female,White,US,us,5,5,elegant,408
7812,47,Male,White,US,US,6,9,sleek,269
7813,25,Female,White,US,US,4,10,sleek,1372
7814,43,Male,White,US,US,7,11,sleek,510
7815,46,Female,White,US,US,4,10,aggressive,1446
7816,29,Female,White,US,US,4,10,sporty,1590
7817,35,Male,White,US,US,6,6,dynamic,755
7818,59,Male,White,usa,usa,5,10,aggressive,386
7819,51,Female,White,US,US,6,10,sophisticated,769
7820,41,Female,White,US,US,8,11,luxurious,1758
7821,35,Male,White,US,US,5,10,luxurious,1612
7822,25,Male,White,US,US,4,10,sporty,1662
7823,31,Female,White,USA,USA,2,10,sleek,597
7824,35,Male,White,US,US,4,10,dynamic,1520
7825,30,Male,Black,US,US,2,7,dynamic,436
7826,19,Male,Other Asian,US,US,2,6,sporty,180
7827,25,Male,White,MO,MO,7,10,sporty,1898
7828,36,Female,White,US,US,4,11,modern,287
7829,57,Male,White,US,US,3,10,luxurious,344
7830,29,Female,American Indian or Alaska native,US,US,4,10,stylish,841
7831,34,Female,White,US,US,5,10,aerodynamic,1870
7832,24,Female,White,US,US,4,10,sporty,1230
7833,41,Female,White,US,US,5,10,modern,748
7834,21,Female,White,US,US,3,10,luxurious,1989
7835,62,Female,White,US,US,6,10,sophisticated,2122
7836,54,Male,White,US,US,7,10,elegant,1034
7837,30,Male,White,IN,IN,6,10,aggressive,1659
7838,37,Female,Black,US,US,5,8,sophisticated,675
7839,30,Male,Black,AS,AD,7,11,sophisticated,1333
7840,42,Female,Japanese,US,US,8,10,elegant,470
7841,38,Male,White,usa,usa,7,12,luxurious,220
7842,33,Female,White,US,US,5,8,sleek,650
7843,30,Female,White,US,US,4,10,dynamic,1921
7844,39,Male,White,US,US,4,6,sporty,2236
7845,25,Female,White,US,US,5,10,stylish,1661
7846,52,Female,White,US,US,4,7,aerodynamic,720
7847,56,Male,White,US,US,5,10,aggressive,2060
7848,33,Male,White,US,AD,3,10,elegant,1583
7849,77,Male,White,US,US,4,5,sporty,834
7850,63,Female,White,US,US,6,10,stylish,1530
7851,37,Female,White,US,US,7,10,dynamic,2615
7852,45,Female,White,US,US,4,10,dynamic,1798
7853,29,Female,White,US,US,4,12,sophisticated,429
7854,32,Male,White,US,AL,3,10,dynamic,1614
7855,42,Male,White,US,US,4,10,dynamic,2540
7856,27,Female,White,US,US,4,10,elegant,416
7857,37,Female,White,US,US,4,10,dynamic,2573
7858,44,Female,White,US,US,5,10,stylish,1972
7859,70,Female,White,US,US,5,10,sophisticated,1623
7860,65,Female,White,US,US,6,10,stylish,458
7861,22,Male,White,USA,USA,5,7,sporty,241
7862,25,Male,Black,US,US,6,10,stylish,2450
7863,59,Female,White,US,US,6,10,sophisticated,2916
7864,40,Female,White,US,US,7,10,stylish,1748
7865,28,Male,White,US,US,9,14,stylish,3034
7866,37,Male,White,US,US,4,10,dynamic,2801
7867,32,Male,White,US,AL,3,10,luxurious,1347
7868,50,Male,White,US,US,7,10,aerodynamic,3121
7869,64,Female,White,US,US,4,10,modern,3109
7870,25,Female,White,US,US,4,10,dynamic,784
7871,27,Male,White,US,US,5,10,luxurious,3015
7872,54,Male,White,AS,US,6,11,dynamic,458
7873,68,Female,White,US,US,4,10,modern,1047
7874,32,Male,White,US,AS,3,10,elegant,1398
7875,55,Male,White,US,TW,2,10,sophisticated,510
7876,41,Female,White,US,US,7,10,dynamic,2122
7877,30,Male,White,AS,AS,4,9,aggressive,3107
7878,31,Male,White,OK,OK,4,10,aerodynamic,2413
7879,56,Female,White,US,US,5,10,stylish,3200
7880,30,Female,White,US,US,4,6,modern,2854
7881,36,Male,White,US,US,3,10,elegant,476
7882,26,Female,White,US,US,4,10,sleek,3281
7883,43,Female,White,US,US,3,10,sporty,3369
7884,25,Female,White,US,US,4,10,elegant,158
7885,27,Female,White,IN,IN,4,10,elegant,2627
7886,56,Female,White,US,US,7,10,modern,1284
7887,26,Female,White,US,US,5,10,elegant,2736
7888,25,Male,Black,US,US,6,10,sleek,3265
7889,45,Female,White,US,US,2,5,aggressive,373
7890,38,Female,White,US,US,8,11,aerodynamic,3414
7891,58,Male,White,US,US,4,10,sophisticated,3635
7892,69,Female,White,US,US,6,12,dynamic,930
7893,42,Female,White,US,US,6,10,dynamic,437
7894,33,Female,White,IL,IL,4,10,dynamic,2880
7895,43,Female,White,US,US,7,10,sporty,234
7896,27,Male,White,IN,IN,5,10,luxurious,562
7897,26,Male,American Indian or Alaska native,,,4,4,sleek,1634
7898,48,Female,White,US,US,6,10,aggressive,726
7899,34,Male,White,US,US,6,10,dynamic,6238
7900,20,Male,White,us,us,5,10,sleek,1997
7901,22,Female,White,US,US,5,10,dynamic,1977
7902,37,Male,Black,US,US,4,9,elegant,4013
7903,59,Female,White,US,US,6,10,sleek,4099
7904,24,Female,White,US,US,4,10,sophisticated,4123
7905,60,Female,White,US,US,7,10,dynamic,268
7906,32,Male,White,US,DZ,3,10,luxurious,3309
7907,25,Female,White,US,US,5,10,aggressive,1350
7908,28,Male,White,US,US,4,10,aerodynamic,4183
7909,38,Female,White,usa,usa,5,10,sporty,1073
7910,55,Male,White,US,US,4,10,modern,4120
7911,26,Male,White,US,US,5,10,luxurious,182
7912,31,Female,White,US,US,4,10,sophisticated,958
7913,26,Male,American Indian or Alaska native,,,4,4,sporty,2358
7914,25,Female,White,ca,ca,2,4,aerodynamic,176
7915,36,Male,White,US,US,7,11,elegant,487
7916,53,Female,White,US,US,5,10,stylish,448
7917,60,Female,White,US,US,6,10,sophisticated,209
7918,24,Female,White,US,US,6,10,modern,4784
7919,30,Female,White,usa,usa,3,10,dynamic,3869
7920,49,Female,White,US,US,7,10,aggressive,213
7921,30,Male,White,US,US,3,10,sporty,4503
7922,25,Male,White,US,US,5,10,dynamic,5006
7923,67,Female,White,US,US,3,12,aggressive,844
7924,26,Male,American Indian or Alaska native,,,4,4,luxurious,3103
7925,42,Male,White,US,US,6,11,modern,323
7926,30,Male,White,US,US,7,11,sleek,5024
7927,44,Female,White,US,US,4,10,sporty,769
7928,68,Male,White,US,US,8,10,sporty,214
7929,47,Female,White,US,US,2,10,aggressive,527
7930,53,Male,White,US,US,5,10,aggressive,3841
7931,29,Female,White,US,US,3,9,dynamic,301
7932,28,Male,White,US,US,5,10,modern,716
7933,30,Female,White,US,US,6,10,dynamic,479
7934,30,Male,White,US,US,6,11,stylish,2655
7935,29,Female,Other race,US,US,4,10,aggressive,1648
7936,41,Male,White,US,US,4,10,modern,1155
7937,49,Female,White,US,US,5,10,elegant,444
7938,43,Male,Korean,US,US,7,10,elegant,329
7939,34,Female,White,US,US,2,10,dynamic,389
7940,52,Female,White,US,US,7,7,elegant,544
7941,30,Male,White,US,US,6,11,sophisticated,2582
7942,63,Male,White,US,US,5,10,aerodynamic,4891
7943,22,Female,Black,US,US,5,6,dynamic,1267
7944,25,Female,White,US,US,3,10,sleek,358
7945,26,Male,White,US,US,4,10,sleek,1209
7946,76,Male,White,US,US,4,11,aerodynamic,945
7947,56,Male,White,US,US,6,8,stylish,387
7948,30,Male,White,US,US,6,11,sporty,2724
7949,38,Female,White,US,US,6,11,stylish,335
7950,30,Female,White,US,US,5,10,dynamic,426
7951,54,Female,White,US,US,2,10,dynamic,605
7952,25,Male,Black,US,US,6,10,stylish,5488
7953,29,Male,White,US,US,5,11,sleek,4104
7954,48,Male,White,US,US,5,8,sleek,240
7955,27,Female,American Indian or Alaska native,IN,IN,4,4,modern,1291
7956,38,Male,White,US,US,4,10,aerodynamic,1742
7957,26,Male,American Indian or Alaska native,,,4,4,sophisticated,3967
7958,62,Female,White,US,US,4,10,sophisticated,1899
7959,35,Male,White,US,US,5,6,luxurious,2815
7960,39,Female,Japanese,US,US,7,11,sleek,1069
7961,40,Female,White,US,US,5,10,stylish,1050
7962,66,Male,White,US,US,5,11,sophisticated,327
7963,41,Female,White,US,US,8,11,aerodynamic,189
7964,32,Male,White,US,US,5,7,dynamic,336
7965,61,Female,White,US,US,6,10,sleek,6480
7966,33,Male,Other race,US,US,5,10,sporty,3576
7967,45,Male,White,US,US,5,6,luxurious,506
7968,39,Female,White,US,US,5,10,modern,5875
7969,31,Female,White,US,US,6,10,luxurious,6742
7970,45,Male,White,US,US,7,8,sleek,391
7971,27,Female,Asian Indian,IN,IN,4,4,aerodynamic,633
7972,48,Female,White,US,US,6,10,aggressive,496
7973,35,Male,Chinese,US,US,2,11,elegant,296
7974,47,Female,White,US,US,6,10,sophisticated,7063
7975,58,Female,White,US,US,4,9,sleek,466
7976,56,Female,White,US,US,4,8,aggressive,657
7977,32,Male,White,USA,USA,4,10,aerodynamic,6868
7978,65,Male,White,US,US,6,10,stylish,7387
7979,25,Male,Black,US,US,6,10,sporty,6957
7980,47,Female,White,US,US,5,7,luxurious,270
7981,40,Male,White,US,US,6,10,luxurious,6961
7982,56,Male,White,US,US,5,7,dynamic,320
7983,25,Male,Black,US,US,6,10,sophisticated,7080
7984,27,Female,American Indian or Alaska native,IN,IN,4,4,sophisticated,587
7985,25,Male,Black,US,US,6,10,stylish,7214
7986,41,Male,White,US,US,5,10,aggressive,515
7987,29,Male,White,United States,United States,2,10,dynamic,396
7988,38,Male,White,us,us,5,10,sleek,342
7989,25,Male,Black,US,US,6,10,sophisticated,7388
7990,69,Female,White,USA,USA,4,10,sleek,481
7991,27,Female,American Indian or Alaska native,IN,IN,4,4,luxurious,353
7992,32,Male,White,USA,USA,4,10,modern,7455
7993,25,Male,Black,US,US,6,10,stylish,7663
7994,36,Male,White,us,us,5,10,sophisticated,768
7995,38,Prefer not to answer,Prefer not to answer,US,IN,9,10,sophisticated,299
7996,32,Male,White,USA,USA,4,10,sleek,6680
7997,33,Non-binary,White,US,US,3,7,elegant,4319
7998,35,Female,White,US,US,3,11,sophisticated,351
7999,34,Female,White,us,us,6,11,elegant,8058
8000,30,Female,White,US,US,4,6,aerodynamic,8035
8001,25,Male,Black,US,US,6,10,sporty,8391
8002,46,Female,White,US,US,2,10,dynamic,410
8003,27,Female,Other race,US,US,5,10,luxurious,395
8004,28,Female,White,US,US,3,6,elegant,5465
8005,43,Female,White,US,US,6,10,aggressive,289
8006,25,Male,Black,US,US,6,10,stylish,8693
8007,53,Female,White,US,US,5,8,sophisticated,948
8008,33,Female,Black,US,US,3,10,dynamic,396
8009,57,Male,White,US,DZ,2,10,elegant,505
8010,25,Male,Black,US,US,6,10,luxurious,8836
8011,40,Male,White,US,US,5,10,aerodynamic,1177
8012,45,Male,White,US,US,8,10,stylish,554
8013,30,Male,White,US,US,6,11,sophisticated,9103
8014,32,Male,White,US,US,5,10,dynamic,301
8015,35,Female,White,US,US,1,10,sleek,244
8016,39,Female,White,US,US,7,10,aerodynamic,207
8017,39,Male,White,US,US,5,10,elegant,333
8018,46,Female,White,US,US,7,11,aggressive,291
8019,41,Male,White,US,Us,7,11,stylish,7263
8020,39,Male,Japanese,US,US,7,10,elegant,318
8021,27,Female,American Indian or Alaska native,IN,IN,4,4,luxurious,2188
8022,30,Male,White,US,US,6,11,sophisticated,9610
8023,39,Female,White,CO,US,6,11,aerodynamic,1146
8024,30,Male,White,US,US,6,11,sporty,6801
8025,41,Male,White,US,US,7,11,sleek,7731
8026,37,Male,White,US,US,4,6,luxurious,297
8027,33,Male,Black,US,US,5,10,modern,537
8028,37,Female,Other race,US,US,5,8,elegant,370
8029,38,Female,White,CO,US,7,11,modern,1650
8030,25,Male,Black,US,US,6,10,luxurious,10176
8031,33,Male,Black,US,US,4,10,sleek,240
8032,32,Female,White,US,US,5,10,aerodynamic,10234
8033,48,Female,White,AF,AF,8,10,sophisticated,372
8034,34,Male,White,US,US,4,10,aggressive,3738
8035,34,Female,White,us,us,7,11,elegant,10010
8036,25,Male,Black,US,US,6,10,sophisticated,10351
8037,44,Male,White,US,US,5,11,dynamic,372
8038,30,Male,White,US,US,6,11,aerodynamic,10626
8039,25,Male,Black,US,US,6,10,aggressive,10466
8040,30,Male,White,US,US,6,11,luxurious,10673
8041,36,Female,White,US,US,4,6,luxurious,7463
8042,72,Male,White,US,US,5,10,stylish,794
8043,25,Male,Black,US,US,6,10,aggressive,10652
8044,30,Male,White,US,US,6,11,elegant,10823
8045,68,Male,Other race,USA,USA,5,10,elegant,486
8046,32,Female,White,US,US,5,6,elegant,7615
8047,36,Female,White,US,US,4,10,aggressive,350
8048,30,Male,White,US,US,6,11,modern,11107
8049,25,Male,Black,US,US,6,10,modern,10923
8050,34,Male,White,US,US,6,10,aerodynamic,3965
8051,30,Male,White,US,US,6,11,dynamic,11263
8052,33,Female,White,NC,US,2,10,luxurious,365
8053,30,Male,White,US,US,7,11,aggressive,11407
8054,25,Male,Black,US,US,6,10,aerodynamic,11274
8055,30,Male,White,US,US,5,11,aerodynamic,11525
8056,47,Male,Prefer not to answer,Central valley,Central valley,5,10,aerodynamic,550
8057,25,Male,Black,US,US,6,10,modern,11427
8058,38,Male,White,US,US,8,11,luxurious,193
8059,25,Female,White,US,US,6,11,sleek,1027
8060,30,Male,White,US,US,6,11,dynamic,11834
8061,28,Male,Korean,AS,AL,6,3,aggressive,84
8062,72,Female,White,US,US,4,8,sophisticated,474
8063,25,Male,Black,US,US,6,10,sporty,11898
8064,25,Male,Black,US,US,6,10,sophisticated,11953
8065,30,Male,White,US,US,6,11,aggressive,12101
8066,69,Female,White,US,US,7,11,luxurious,495
8067,30,Male,White,US,US,6,12,dynamic,12283
8068,25,Male,Black,US,US,6,10,dynamic,12300
8069,43,Female,White,US,US,6,11,sleek,3800
8070,63,Female,White,US,US,6,10,elegant,388
8071,41,Female,White,US,US,8,11,stylish,221
8072,30,Male,White,US,US,6,11,elegant,12513
8073,26,Female,Other race,US,US,2,8,luxurious,919
8074,36,Female,White,US,US,5,6,sleek,9571
8075,30,Male,White,US,US,6,11,stylish,12789
8076,49,Male,White,US,US,5,10,sophisticated,228
8077,30,Male,White,US,US,6,11,sporty,12962
8078,33,Male,Korean,US,US,4,10,aerodynamic,350
8079,52,Female,White,US,US,5,10,sleek,243
8080,37,Female,White,US,US,8,11,sophisticated,548
8081,46,Female,White,US,US,5,10,luxurious,252
8082,25,Male,Filipino,US,US,4,10,sleek,445
8083,68,Female,White,US,USA,7,13,sophisticated,418
8084,25,Female,White,US,US,6,11,stylish,1754
8085,35,Male,White,US,US,5,10,aggressive,727
8086,40,Male,White,US,US,6,11,sophisticated,10831
8087,43,Male,White,US,US,7,10,stylish,388
8088,45,Male,White,US,US,5,10,elegant,527
8089,39,Female,White,US,US,5,10,luxurious,215
8090,25,Female,White,US,US,5,11,luxurious,5449
8091,32,Female,Chinese,US,US,2,10,modern,492
8092,41,Female,White,US,US,3,9,luxurious,665
8093,25,Female,White,US,US,5,11,modern,5658
8094,25,Female,White,US,US,6,11,sporty,2164
8095,25,Female,White,US,US,5,11,aggressive,3707
8096,27,Female,White,US,US,6,10,sporty,6426
8097,25,Male,White,US,US,5,10,sleek,448
8098,25,Female,White,US,US,5,11,luxurious,3693
8099,26,Female,White,US,US,5,10,luxurious,810
8100,57,Female,White,US,US,4,10,elegant,15112
8101,34,Male,White,US,US,4,10,aerodynamic,279
8102,62,Female,White,US,US,6,11,dynamic,513
8103,25,Female,White,US,US,6,11,aggressive,6024
8104,32,Female,White,US,US,5,10,aggressive,1577
8105,41,Female,White,US,US,4,7,stylish,353
8106,25,Male,White,US,US,5,10,modern,224
8107,34,Female,White,US,US,5,10,elegant,273
8108,25,Female,White,US,US,6,11,elegant,248
8109,40,Male,White,US,US,8,6,luxurious,272
8110,46,Female,White,US,US,7,10,sophisticated,371
8111,29,Prefer not to answer,Prefer not to answer,US,US,4,10,sophisticated,249
8112,26,Female,White,US,US,5,10,elegant,705
8113,25,Female,White,USA,USA,5,11,modern,222
8114,33,Female,White,US,US,3,10,sleek,366
8115,28,Male,White,US,US,4,6,elegant,160
8116,53,Male,White,US,US,7,11,elegant,291
8117,37,Female,Chinese,usa,usa,5,10,luxurious,259
8118,33,Non-binary,White,US,US,3,7,sleek,707
8119,31,Female,Black,US,US,5,10,sporty,17980
8120,25,Female,White,US,US,5,10,sophisticated,8467
8121,75,Female,White,US,US,4,7,elegant,568
8122,65,Female,White,US,US,6,10,sleek,363
8123,41,Female,White,US,US,2,11,luxurious,307
8124,42,Male,White,US,US,4,6,sporty,358
8125,48,Female,White,AX,AL,5,11,dynamic,37662
8126,42,Male,Filipino,US,US,8,10,stylish,218
8127,73,Female,White,US,US,5,8,modern,577
8128,57,Male,White,TX,FL,7,11,aggressive,18817
8129,69,Male,White,US,US,5,11,dynamic,243
8130,55,Female,White,US,US,6,10,dynamic,479
8131,51,Female,White,United States,United States,7,10,sleek,273
8132,61,Female,White,US,us,4,9,aggressive,551
8133,20,Female,White,US,US,4,8,aerodynamic,253
8134,25,Female,White,US,US,6,11,luxurious,1575
8135,35,Female,White,AL,AL,2,11,sleek,1313
8136,50,Female,White,US,US,6,10,stylish,7767
8137,51,Male,White,US,US,6,10,sporty,16076
8138,25,Female,Black,United States ,United States ,2,9,modern,651
8139,21,Male,White,US,US,7,10,luxurious,116
8140,32,Female,White,US,US,5,11,elegant,770
8141,37,Male,Chinese,US,US,4,10,elegant,311
8142,43,Female,Black,US,US,7,11,aggressive,987
8143,69,Female,White,US,US,4,10,aggressive,295
8144,28,Female,White,US,US,2,9,dynamic,811
8145,43,Male,White,US,US,4,10,luxurious,306
8146,24,Female,White,US,US,3,10,sleek,556
8147,47,Female,Black,United states,United States,3,9,aggressive,1166
8148,57,Female,White,US,US,5,8,aerodynamic,466
8149,68,Male,White,US,US,4,10,aggressive,463
8150,48,Female,White,US,US,8,11,aerodynamic,260
8151,51,Female,White,US,US,6,10,aerodynamic,591
8152,25,Female,White,US,US,5,10,sleek,14101
8153,30,Male,White,US,US,5,11,dynamic,23971
8154,30,Male,White,US,US,6,11,sleek,17476
8155,37,Male,White,US,US,2,10,aerodynamic,1119
8156,30,Male,White,US,US,7,11,aggressive,17599
8157,25,Female,White,US,US,5,10,aggressive,13248
8158,30,Male,White,US,US,6,11,stylish,17655
8159,30,Non-binary,Prefer not to answer,US,US,2,10,dynamic,350
8160,30,Male,White,US,US,7,11,sleek,22592
8161,60,Female,White,US,US,4,10,aggressive,304
8162,25,Female,White,US,US,5,10,sporty,13235
8163,30,Male,White,US,US,6,11,aerodynamic,22777
8164,42,Male,White,US,US,4,9,dynamic,436
8165,30,Male,White,US,US,6,11,sophisticated,24793
8166,60,Female,White,USA,USA,2,7,stylish,667
8167,25,Female,White,US,US,5,10,stylish,14887
8168,30,Male,White,US,US,6,11,dynamic,24891
8169,30,Male,White,US,US,6,11,sophisticated,24964
8170,47,Male,White,US,US,8,5,elegant,689
8171,69,Male,Black,US,US,4,4,aerodynamic,533
8172,31,Female,White,US,US,6,10,sophisticated,22995
8173,30,Male,White,US,US,6,11,sporty,25017
8174,30,Male,White,US,US,6,11,sleek,25112
8175,25,Female,White,US,US,5,10,aggressive,15022
8176,30,Male,White,US,US,3,10,stylish,18867
8177,25,Female,White,US,US,5,10,aerodynamic,9869
8178,25,Female,White,US,US,5,10,modern,9925
8179,35,Male,White,US,US,4,10,stylish,1559
8180,56,Male,Chinese,US,CN,4,12,aggressive,558
8181,25,Female,White,US,US,5,10,modern,14507
8182,25,Female,White,US,US,5,10,sleek,14460
8183,50,Female,White,US,US,8,10,stylish,392
8184,25,Female,White,US,US,5,10,dynamic,14638
8185,19,Male,Black,US,US,4,8,aggressive,363
8186,31,Female,White,NO-ANSWER,NO-ANSWER,2,10,aggressive,5373
8187,47,Female,Black,US,US,7,10,luxurious,420
8188,35,Male,Chinese,US,US,5,10,modern,271
8189,24,Male,Other race,US,US,3,10,sporty,242
8190,46,Male,White,US,US,4,10,elegant,380
8191,59,Female,Black,US,US,4,8,sleek,520
8192,30,Male,White,US,US,6,10,luxurious,529
8193,57,Female,Black,US,US,2,7,aggressive,424
8194,30,Male,White,US,US,7,11,stylish,28111
8195,32,Male,White,US,US,5,10,stylish,495
8196,30,Male,White,US,US,6,11,sleek,28218
8197,30,Male,White,US,US,7,11,luxurious,28343
8198,39,Male,White,US,US,5,10,stylish,629
8199,30,Male,White,US,US,6,11,sporty,28397
8200,29,Female,White,US,US,7,13,luxurious,421
8201,30,Female,Other race,US,US,2,7,modern,346
8202,35,Female,White,US,AX,4,11,stylish,2712
8203,52,Female,White,CA,CA,3,11,sophisticated,1319
8204,60,Female,Black,US,US,3,10,dynamic,724
8205,33,Female,Filipino,US,US,3,7,luxurious,293
8206,53,Female,White,ga,ga,5,11,sleek,219
8207,40,Male,White,US,US,4,10,stylish,681
8208,58,Male,White,US,US,5,7,aggressive,708
8209,31,Male,White,US,YT,2,10,sleek,1138
8210,29,Female,White,DZ,DZ,3,3,stylish,168
8211,33,Female,White,US,US,1,8,luxurious,462
8212,27,Female,White,US,US,4,10,sleek,522
8213,30,Male,White,US,US,6,11,aerodynamic,12749
8214,36,Male,White,US,US,7,8,aerodynamic,10562
8215,30,Male,White,US,US,6,11,modern,24085
8216,30,Male,White,US,US,6,11,sporty,24057
8217,43,Male,White,US,GS,4,10,aerodynamic,644
8218,25,Female,White,US,US,5,10,sleek,741
8219,30,Male,White,US,US,6,11,elegant,24148
8220,30,Male,White,US,US,6,11,sophisticated,24077
8221,31,Male,White,US,YT,2,10,modern,435
8222,35,Male,White,US,US,5,4,dynamic,338
8223,24,Male,White,US,US,4,10,sleek,721
8224,36,Female,White,US,US,3,10,aerodynamic,3853
8225,25,Male,White,US,US,4,10,luxurious,1133
8226,60,Male,White,US,US,8,11,sophisticated,320
8227,43,Male,White,US,AS,5,7,stylish,1522
8228,25,Male,White,US,US,4,10,aerodynamic,438
8229,27,Male,White,US,US,3,4,aggressive,456
8230,24,Male,White,US,US,4,10,aggressive,1390
8231,37,Female,White,US,US,5,10,modern,31901
8232,29,Male,Black,US,US,5,11,dynamic,278
8233,36,Male,White,US,US,5,10,stylish,31980
8234,30,Male,White,MN,MN,6,10,luxurious,493
8235,41,Female,White,US,US,4,10,dynamic,210
8236,46,Female,Black,US,US,3,5,sporty,425
8237,36,Female,White,US,US,3,10,luxurious,5139
8238,51,Female,American Indian or Alaska native,US,US,2,6,aerodynamic,174
8239,25,Male,White,US,US,5,10,dynamic,129
8240,54,Female,White,US,US,4,9,luxurious,1015
8241,25,Male,White,US,US,4,10,aerodynamic,2072
8242,41,Female,White,US,US,5,11,sophisticated,486
8243,24,Female,White,US,US,2,6,sleek,237
8244,44,Female,American Indian or Alaska native,US,US,2,5,dynamic,159
8245,25,Male,White,US,US,4,10,elegant,2191
8246,25,Female,White,US,US,4,10,sporty,2092
8247,30,Male,White,or,or,7,10,sophisticated,31859
8248,38,Male,White,US,US,4,10,aerodynamic,2736
8249,40,Male,White,US,US,3,10,stylish,531
8250,22,Female,White,US,US,3,10,elegant,960
8251,25,Male,White,US,US,4,10,sophisticated,2283
8252,40,Female,White,US,US,7,5,aggressive,269
8253,31,Male,White,US,US,7,10,sleek,510
8254,25,Male,White,US,US,3,10,aerodynamic,618
8255,25,Male,White,US,US,4,10,aerodynamic,2454
8256,24,Male,White,US,US,3,10,aggressive,1799
8257,40,Male,White,US,US,3,10,sophisticated,491
8258,28,Male,White,US,US,4,10,sporty,2747
8259,41,Male,White,US,US,3,3,stylish,476
8260,30,Male,White,US,US,5,11,luxurious,33635
8261,25,Male,White,US,US,5,10,dynamic,2920
8262,34,Male,White,US,US,7,11,dynamic,228
8263,28,Female,Other race,US,US,4,6,luxurious,32796
8264,49,Male,White,US,US,7,12,elegant,298
8265,68,Female,White,US,US,4,11,sophisticated,588
8266,25,Male,White,US,US,5,10,luxurious,3275
8267,40,Female,Filipino,US,US,6,10,sleek,329
8268,32,Male,White,US,US,4,10,modern,435
8269,59,Male,White,US,US,4,7,modern,32705
8270,38,Male,Japanese,US,US,7,10,luxurious,728
8271,35,Female,White,US,US,3,10,stylish,554
8272,40,Male,Chinese,US,US,6,13,elegant,348
8273,40,Female,White,US,AL,6,11,stylish,381
8274,35,Female,White,US,US,2,9,sleek,296
8275,43,Female,Black,US,US,4,11,luxurious,401
8276,48,Male,White,US,US,5,11,luxurious,1665
8277,28,Male,White,US,US,4,10,stylish,5247
8278,26,Male,Black,US,US,6,10,sporty,359
8279,33,Female,White,US,us,3,10,elegant,178
8280,34,Male,White,US,US,2,6,aggressive,417
8281,18,Male,White,US,US,2,3,sporty,463
8282,21,Prefer not to answer,Prefer not to answer,US,US,9,14,luxurious,454
8283,35,Male,White,US,US,4,10,sophisticated,5762
8284,41,Female,American Indian or Alaska native,US,US,5,10,stylish,331
8285,30,Male,White,US,US,5,10,modern,36116
8286,30,Male,White,US,US,5,10,luxurious,35984
8287,25,Female,White,US,US,6,10,stylish,36932
8288,40,Female,White,US,US,8,10,elegant,329
8289,44,Male,White,US,US,8,11,stylish,358
8290,30,Male,White,AL,AL,4,11,aggressive,32849
8291,25,Male,White,US,US,3,10,aerodynamic,5385
8292,25,Male,White,US,US,5,10,elegant,6164
8293,40,Male,White,US,US,6,10,elegant,468
8294,34,Male,White,US,US,2,8,stylish,258
8295,41,Male,White,US,US,7,9,modern,280
8296,30,Male,White,USA ,Usa,6,10,sporty,315
8297,38,Male,Chinese,US,US,8,10,sleek,196
8298,48,Female,White,US,US,4,11,elegant,999
8299,34,Female,White,US,MN,4,11,elegant,11458
8300,49,Male,White,US,US,7,10,luxurious,293
8301,36,Male,White,CA,CA,7,11,dynamic,386
8302,46,Female,White,US,US,6,10,elegant,686
8303,28,Female,White,US,US,2,10,sleek,8185
8304,34,Female,White,US,PA,4,11,sleek,12026
8305,35,Female,White,US,US,5,10,sleek,1647
8306,24,Male,White,US,US,4,10,stylish,329
8307,33,Male,White,US,US,6,10,luxurious,737
8308,47,Male,Chinese,US,US,2,10,sophisticated,410
8309,56,Male,White,US,US,5,11,modern,1666
8310,29,Male,White,US,US,4,5,modern,343
8311,42,Male,White,US,US,5,10,elegant,383
8312,36,Male,Chinese,US,US,6,10,luxurious,289
8313,30,Female,White,US,US,6,10,aggressive,305
8314,54,Male,White,US,US,5,10,sophisticated,854
8315,37,Female,Black,US,US,3,10,sporty,781
8316,53,Male,White,US,US,4,8,sophisticated,399
8317,33,Female,White,US,US,6,11,sporty,592
8318,71,Male,White,United States ,United States ,3,10,dynamic,916
8319,46,Female,White,US,US,6,10,modern,411
8320,49,Female,Black,US,US,1,7,elegant,1342
8321,48,Male,White,usa,usa,4,11,dynamic,1465
8322,53,Male,White,US,US,5,8,elegant,315
8323,46,Male,White,NZ,NZ,7,1,sleek,214
8324,52,Male,White,US,US,6,10,aerodynamic,1502
8325,68,Female,White,US,US,4,8,sleek,1227
8326,26,Female,White,US,US,4,10,dynamic,378
8327,25,Male,White,US,US,4,10,aerodynamic,10815
8328,42,Female,American Indian or Alaska native,US,US,4,10,sophisticated,997
8329,36,Female,American Indian or Alaska native,US,US,6,8,sleek,597
8330,29,Female,Asian Indian,IN,IN,3,10,elegant,1930
8331,66,Male,White,US,US,3,10,sleek,3436
8332,48,Female,Filipino,US,PH,3,10,elegant,635
8333,56,Male,White,US,US,3,10,sophisticated,3524
8334,50,Female,Black,US,US,5,10,sophisticated,375
8335,30,Male,Vietnamese,us,us,2,11,aggressive,518
8336,53,Female,White,US,US,4,11,luxurious,2981
8337,53,Male,White,US,US,7,10,sleek,3664
8338,32,Female,White,US,US,3,7,modern,326
8339,31,Female,White,CA,CA,6,11,sporty,1488
8340,48,Female,White,US,US,3,6,stylish,989
8341,59,Female,White,US,us,4,9,modern,391
8342,36,Male,White,US,US,3,7,aggressive,28860
8343,43,Male,White,US,US,5,10,sporty,497
8344,50,Female,White,US,IS,7,12,aerodynamic,1104
8345,30,Female,White,US,US,6,10,sporty,1865
8346,30,Female,White,US,US,6,10,aerodynamic,1924
8347,30,Female,White,US,US,6,10,elegant,2007
8348,31,Female,White,PA,PA,6,11,modern,594
8349,32,Male,White,usa,usa,4,11,stylish,732
8350,32,Male,White,usa,usa,4,11,elegant,639
8351,64,Female,White,CA,CA,8,11,stylish,216
8352,25,Male,White,US,US,6,10,luxurious,35180
8353,30,Female,Asian Indian,IN,IN,2,11,stylish,6154
8354,48,Male,Black,US,US,5,6,stylish,733
8355,28,Female,White,USA,USA,3,8,aggressive,695
8356,46,Male,White,CA,CA,8,11,stylish,678
8357,62,Female,White,United States,United States,7,10,elegant,1043
8358,30,Male,American Indian or Alaska native,AS,AS,6,10,sophisticated,183
8359,48,Female,White,US,US,4,5,aggressive,423
8360,30,Male,American Indian or Alaska native,AS,AS,6,10,stylish,273
8361,32,Male,White,CA,CA,4,10,aggressive,963
8362,48,Female,White,AF,AX,5,11,aggressive,27546
8363,48,Female,White,AF,AX,5,11,aggressive,30846
8364,35,Female,White,ca,ca,5,10,aerodynamic,78
8365,50,Female,White,US,US,5,12,sporty,2762
8366,31,Male,White,US,US,7,11,luxurious,331
8367,25,Male,White,US,US,6,10,aerodynamic,4020
8368,1975,Male,White,US,US,4,11,sophisticated,278
8369,40,Female,White,US,US,6,10,stylish,268
8370,1970,Male,White,US,US,4,11,aggressive,188
8371,35,Male,White,US,US,5,10,aerodynamic,175
8372,47,Male,White,AF,AF,8,10,sophisticated,110
8373,30,Male,White,USA,USA,6,13,modern,551
8374,27,Female,American Indian or Alaska native,US,US,4,9,sleek,802
8375,58,Female,White,ATLANTA,ATLANTA,2,10,sophisticated,564
8376,30,Male,White,AS,AS,5,9,aggressive,3536
8377,37,Female,White,US,US,7,10,aerodynamic,366
8378,32,Female,Filipino,US,US,6,13,sleek,426
8379,43,Male,White,US,US,4,6,modern,686
8380,26,Female,White,US,US,6,10,elegant,618
8381,19,Male,Filipino,US,US,9,7,aerodynamic,455
8382,31,Male,White,UM,UM,6,10,stylish,462
8383,35,Female,White,US,US,7,10,elegant,936
8384,44,Female,Other race,US,US,8,11,modern,599
8385,25,Female,White,US,US,5,10,elegant,2442
8386,35,Female,White,US,US,5,10,sporty,12649
8387,37,Female,White,US,US,7,10,sleek,931
8388,45,Male,White,US,US,5,10,sophisticated,2042
8389,40,Male,White,AS,AG,6,11,sleek,206
8390,50,Male,White,US,US,5,10,sporty,264
8391,35,Male,White,US,US,2,10,sporty,766
8392,33,Male,Asian Indian,NI,AR,4,10,modern,202
8393,33,Female,White,US,US,7,10,sleek,2720
8394,34,Female,White,US,US,7,11,sophisticated,3489
8395,29,Male,White,US,US,5,10,elegant,1259
8396,34,Female,White,US,US,7,11,stylish,4529
8397,40,Male,White,US,US,8,10,luxurious,342
8398,68,Female,White,US,US,4,10,stylish,1064
8399,48,Female,White,US,US,4,10,sophisticated,1249
8400,63,Female,White,US,US,4,10,aggressive,1376
8401,49,Male,White,US,US,5,10,aggressive,413
8402,23,Female,White,US,US,4,6,sporty,174
8403,35,Female,White,US,US,7,11,aerodynamic,3985
8404,42,Female,White,US,US,4,10,aerodynamic,1155
8405,51,Male,White,SC,SC,7,10,aggressive,2896
8406,49,Female,White,US,US,7,10,luxurious,2145
8407,35,Female,White,US,US,4,10,aerodynamic,1881
8408,30,Male,White,US,US,4,4,elegant,14223
8409,30,Male,White,US,US,4,6,luxurious,16149
8410,30,Male,White,US,US,4,6,sophisticated,15782
8411,35,Female,White,US,US,7,10,aggressive,6834
8412,30,Male,White,US,US,4,6,dynamic,19816
8413,44,Male,White,US,US,2,10,sophisticated,1078
8414,29,Male,Vietnamese,US,us,9,10,sporty,496
8415,52,Female,White,US,US,5,9,aggressive,401
8416,26,Female,White,US,US,2,9,luxurious,298
8417,48,Female,White,US,US,4,10,stylish,1326
8418,39,Male,White,USA,USA,4,10,sleek,19823
8419,34,Female,White,oh,usa,5,11,luxurious,307
8420,56,Female,White,US,US,4,10,sophisticated,2115
8421,49,Female,White,US,US,4,10,aggressive,2522
8422,38,Female,White,US,US,4,10,luxurious,461
8423,70,Female,White,US,US,4,10,aerodynamic,3138
8424,38,Male,White,US,US,7,10,dynamic,311
8425,57,Female,White,US,US,4,10,sleek,4069
8426,38,Male,White,US,US,7,10,luxurious,265
8427,50,Female,White,US,US,4,10,modern,4640
8428,29,Male,White,US,US,7,11,sophisticated,285
8429,28,Male,White,US,US,5,10,dynamic,11638
8430,33,Female,White,US,US,4,9,aggressive,262
8431,32,Male,White,US,US,6,10,sophisticated,993
8432,52,Female,Prefer not to answer,USA,Europe,4,13,elegant,485
8433,36,Male,American Indian or Alaska native,US,US,3,10,sleek,546
8434,30,Female,Asian Indian,IN,IN,2,11,stylish,27687
8435,45,Female,White,US,US,7,10,sleek,3480
8436,26,Male,White,US,US,5,8,sporty,190
8437,45,Female,Black,US,US,6,10,stylish,594
8438,76,Female,White,US,US,5,6,dynamic,366
8439,65,Male,White,US,US,8,11,aggressive,390
8440,35,Male,White,US,US,4,5,sophisticated,936
8441,39,Male,White,US,US,5,7,stylish,267
8442,48,Female,White,US,us,4,7,sophisticated,395
8443,34,Male,White,US,US,6,10,dynamic,313
8444,38,Female,White,USA,TN,4,10,aerodynamic,911
8445,62,Female,White,US,US,5,9,luxurious,409
8446,44,Female,White,US,US,2,10,dynamic,319
8447,44,Male,White,US,US,5,10,dynamic,1841
8448,41,Female,Black,US,US,4,7,sporty,557
8449,36,Female,White,AL,AL,5,10,dynamic,409
8450,27,Male,White,US,US,7,10,dynamic,1203
8451,27,Male,White,US,US,7,10,dynamic,972
8452,28,Male,White,US,US,7,10,modern,720
8453,28,Male,White,US,US,7,10,aggressive,684
8454,30,Female,Asian Indian,IN,IN,2,11,stylish,31704
8455,33,Female,White,US,US,3,10,elegant,1630
8456,49,Female,White,US,US,5,10,sleek,420
8457,52,Male,White,US,US,6,10,elegant,299
8458,46,Male,White,US,US,4,10,aggressive,327
8459,36,Male,White,US,US,3,10,stylish,658
8460,29,Female,White,US,US,6,10,aggressive,309
8461,34,Female,White,US,US,8,11,aggressive,305
8462,38,Male,American Indian or Alaska native,US,US,4,10,luxurious,621
8463,39,Male,White,US,US,4,7,stylish,522
8464,70,Female,White,US,US,5,11,sporty,463
8465,35,Female,White,US,US,6,11,dynamic,956
8466,27,Female,White,US,US,2,8,dynamic,1325
8467,43,Female,White,US,US,1,9,luxurious,395
8468,30,Male,White,usa,usa,6,13,aerodynamic,598
8469,35,Female,White,US,US,5,10,elegant,35586
8470,32,Male,Black,US,US,5,10,aerodynamic,222
8471,40,Male,White,US,US,4,10,modern,194
8472,52,Female,White,US,US,5,10,luxurious,308
8473,32,Male,White,us,AW,4,10,luxurious,251
8474,73,Male,White,US,US,4,10,sporty,491
8475,32,Male,White,us,us,6,10,sleek,776
8476,33,Male,Korean,US,US,4,10,dynamic,227
8477,30,Female,White,US,US,5,11,sporty,541
8478,36,Female,White,US,US,7,10,sleek,854
8479,47,Female,White,US,US,2,10,dynamic,457
8480,43,Female,White,US,US,6,10,sleek,545
8481,45,Female,White,US,US,8,5,sleek,410
8482,29,Female,White,US,US,8,6,luxurious,284
8483,48,Female,White,AX,AD,8,7,sophisticated,354
8484,47,Male,White,US,US,7,11,sleek,332
8485,41,Male,Other Pacific Islander,US,US,7,10,modern,736
8486,46,Male,Filipino,US,US,2,6,sporty,419
8487,33,Female,White,US,US,6,11,modern,1390
8488,25,Female,White,US,US,6,10,modern,563
8489,30,Female,White,US,US,4,9,sleek,785
8490,32,Female,White,US,US,5,9,elegant,328
8491,36,Female,White,US,US,5,10,luxurious,1841
8492,22,Female,White,US,US,2,9,dynamic,208
8493,37,Male,White,US,US,7,11,modern,207
8494,35,Female,White,US,US,5,6,aggressive,375
8495,42,Female,White,US,US,8,11,luxurious,884
8496,44,Male,White,US,US,4,10,sporty,335
8497,34,Male,White,US,US,7,11,stylish,979
8498,45,Female,Black,US,US,5,11,stylish,311
8499,43,Male,White,US,US,6,11,sophisticated,1725
8500,36,Male,White,US,US,4,10,aerodynamic,405
8501,64,Female,White,US,US,6,10,sporty,439
8502,28,Male,White,US,US,5,10,sophisticated,269
8503,48,Male,White,US,US,6,11,aerodynamic,5065
8504,55,Male,White,US,US,5,6,stylish,308
8505,61,Male,White,US,US,7,7,luxurious,969
8506,39,Male,White,US,US,5,11,sophisticated,301
8507,45,Female,White,US,US,5,9,modern,277
8508,45,Female,American Indian or Alaska native,US,US,3,10,dynamic,572
8509,54,Male,White,US,US,8,10,modern,418
8510,60,Male,White,US,US,7,10,modern,2145
8511,36,Female,White,US,US,4,10,aggressive,366
8512,44,Male,White,US,US,5,10,modern,6979
8513,41,Male,White,US,US,8,10,dynamic,241
8514,54,Female,American Indian or Alaska native,US,US,2,10,sophisticated,580
8515,30,Male,White,US,US,5,10,sleek,2625
8516,25,Female,White,USA,USA,6,10,sophisticated,857
8517,41,Female,American Indian or Alaska native,US,US,4,10,sporty,703
8518,32,Male,Vietnamese,US,US,4,10,aerodynamic,714
8519,30,Female,White,US,VE,7,10,aerodynamic,470
8520,40,Male,White,USA,USA,5,10,sporty,413
8521,46,Male,White,US,US,4,10,sleek,648
8522,25,Female,White,US,US,5,10,sleek,903
8523,54,Female,White,US,US,3,6,modern,12900
8524,55,Male,White,US,US,7,8,sporty,493
8525,50,Female,American Indian or Alaska native,US,US,4,5,sleek,405
8526,37,Male,White,usa,usa,4,10,aggressive,419
8527,33,Female,White,US,US,3,9,modern,400
8528,47,Male,White,US,US,6,8,luxurious,671
8529,42,Male,Black,US,US,6,11,sporty,529
8530,43,Female,White,US,US,5,10,aerodynamic,360
8531,40,Male,White,US,US,5,10,luxurious,922
8532,24,Male,American Indian or Alaska native,US,US,4,10,aggressive,521
8533,25,Female,White,US,US,6,10,aggressive,476
8534,38,Male,White,US,US,6,10,dynamic,464
8535,51,Female,White,US,US,2,10,sporty,595
8536,42,Female,White,US,US,4,8,elegant,327
8537,42,Female,White,US,US,6,11,dynamic,475
8538,43,Female,White,US,US,8,11,elegant,453
8539,62,Male,American Indian or Alaska native,US,US,3,10,elegant,729
8540,36,Female,Black,US,US,5,10,luxurious,666
8541,43,Male,Black,US,US,4,10,aggressive,309
8542,43,Female,White,US,US,4,9,modern,1894
8543,34,Male,White,US,US,4,6,sophisticated,234
8544,53,Female,White,US,US,4,10,sophisticated,802
8545,43,Male,White,US,US,6,10,elegant,1804
8546,36,Female,White,US,US,5,11,modern,228
8547,26,Male,Japanese,US,US,4,6,aerodynamic,411
8548,56,Female,Black,US,US,9,8,aerodynamic,367
8549,32,Female,White,US,US,8,11,sporty,634
8550,38,Female,American Indian or Alaska native,US,US,6,9,aerodynamic,341
8551,38,Female,White,US,US,5,10,aggressive,377
8552,31,Female,Black,AS,AS,6,10,aerodynamic,972
8553,37,Female,White,US,US,4,11,sleek,248
8554,24,Female,White,US,US,6,10,sophisticated,282
8555,36,Male,White,US,US,5,11,sophisticated,313
8556,33,Non-binary,White,US,US,2,10,sophisticated,1995
8557,40,Female,White,US,US,5,6,aerodynamic,337
8558,62,Female,White,US,US,3,6,sleek,332
8559,30,Male,White,US,US,5,6,elegant,5757
8560,29,Female,White,US,US,5,7,stylish,276
8561,44,Female,Black,US,US,4,8,modern,448
8562,31,Female,White,US,US,5,10,elegant,339
8563,37,Non-binary,White,US,US,1,9,stylish,137
8564,52,Male,White,US,US,2,8,stylish,551
8565,22,Female,White,US,US,3,8,dynamic,297
8566,38,Female,White,BY,US,4,9,aerodynamic,477
8567,35,Female,White,US,US,6,10,sporty,324
8568,56,Male,White,US,US,5,10,sporty,306
8569,39,Male,White,US,US,7,11,sleek,277
8570,46,Female,Black,US,US,5,6,luxurious,445
8571,27,Female,White,US,US,6,11,elegant,297
8572,54,Male,White,US,US,5,8,stylish,372
8573,59,Male,White,US,US,1,7,stylish,530
8574,46,Female,White,US,US,2,10,dynamic,8548
8575,57,Female,White,US,US,2,10,stylish,327
8576,56,Male,White,US,US,7,10,sophisticated,761
8577,53,Male,White,US,US,5,10,elegant,415
8578,34,Female,Chinese,US,US,4,12,modern,495
8579,44,Female,Filipino,US,US,8,7,stylish,175
8580,67,Non-binary,White,US,US,4,11,aerodynamic,413
8581,51,Female,White,US,US,6,8,stylish,540
8582,59,Male,White,US,US,2,10,sleek,8489
8583,51,Female,White,USA,USA,7,12,stylish,427
8584,41,Male,White,US,US,6,10,sophisticated,2171
8585,40,Male,White,US,US,6,10,sophisticated,1001
8586,54,Male,White,US,US,7,11,sleek,296
8587,40,Male,White,US,US,7,11,sleek,271
8588,30,Male,White,AL,AL,5,11,sleek,106
8589,39,Female,White,US,US,7,10,dynamic,356
8590,55,Female,White,US,US,2,10,elegant,434
8591,29,Female,White,US,US,8,10,aggressive,286
8592,29,Male,White,US,US,7,10,aggressive,451
8593,51,Female,White,US,US,3,10,sophisticated,596
8594,43,Female,Other Asian,US,US,7,12,aggressive,3075
8595,55,Female,White,US,US,6,8,aerodynamic,365
8596,40,Female,White,US,US,2,12,sporty,292
8597,40,Female,White,US,US,3,9,aerodynamic,490
8598,27,Female,Black,US,US,3,10,modern,415
8599,53,Female,Other race,US,US,4,9,stylish,312
8600,35,Female,White,US,US,6,10,aerodynamic,272
8601,39,Male,White,US,US,4,11,dynamic,537
8602,45,Female,White,US,US,3,7,luxurious,428
8603,36,Female,White,LA,LA,6,10,stylish,900
8604,53,Male,White,US,US,6,10,luxurious,425
8605,38,Male,White,US,US,7,7,stylish,487
8606,71,Female,White,US,US,5,7,modern,507
8607,40,Male,White,United States ,United States ,4,7,aggressive,726
8608,54,Female,White,US,US,7,10,elegant,460
8609,40,Male,Black,US,US,2,7,sporty,751
8610,58,Male,White,US,US,3,6,dynamic,696
8611,44,Female,Black,US,US,5,10,dynamic,453
8612,29,Male,Black,US,US,2,9,aggressive,593
8613,52,Male,White,US,US,3,5,aerodynamic,563
8614,40,Female,White,US,US,4,8,aggressive,433
8615,52,Female,Black,US,US,9,6,dynamic,559
8616,41,Female,Filipino,US,PH,4,7,aerodynamic,943
8617,27,Female,White,US,US,5,10,elegant,1282
8618,43,Female,White,US,US,5,11,aggressive,1103
8619,59,Female,White,US,US,2,10,elegant,340
8620,38,Female,White,NC,NC,6,10,modern,535
8621,53,Female,White,US,US,5,10,dynamic,418
8622,54,Female,White,US,US,3,3,elegant,295
8623,50,Female,White,US,AU,4,6,aggressive,979
8624,39,Female,White,US,US,4,10,stylish,333
8625,31,Male,White,US,US,4,11,sporty,240
8626,45,Male,White,US,US,3,12,elegant,271
8627,54,Male,White,US,US,2,7,luxurious,685
8628,28,Male,White,US,US,3,11,dynamic,1051
8629,27,Male,Other Asian,US,PK,2,11,luxurious,328
8630,23,Female,White,US,US,4,9,elegant,258
8631,34,Male,White,US,US,8,11,dynamic,469
8632,34,Male,White,US,US,3,4,modern,1717
8633,43,Female,White,United States,United States,6,10,sophisticated,494
8634,30,Male,White,US,US,7,11,aggressive,145
8635,37,Female,Other race,US,US,3,6,dynamic,2100
8636,32,Female,White,US,US,2,10,sporty,298
8637,31,Female,Black,US,US,4,11,luxurious,418
8638,27,Female,Vietnamese,US,VN,6,10,dynamic,404
8639,25,Male,White,US,US,6,10,sporty,356
8640,39,Male,Black,US,US,5,10,aerodynamic,295
8641,31,Male,White,US,US,8,10,dynamic,281
8642,44,Male,White,US,US,7,11,modern,318
8643,60,Female,White,US,US,5,7,dynamic,454
8644,62,Female,White,US,US,4,8,luxurious,620
8645,36,Male,Black,US,US,2,8,sporty,398
8646,50,Female,White,US,US,5,10,sleek,1200
8647,38,Male,Prefer not to answer,US,US,3,14,sleek,712
8648,37,Male,White,US,MX,8,11,aerodynamic,396
8649,63,Male,White,us,us,5,11,sophisticated,312
8650,33,Male,White,US,US,5,11,luxurious,870
8651,38,Male,White,US,US,4,11,luxurious,3176
8652,27,Female,White,US,US,5,10,dynamic,4345
8653,55,Female,White,US,US,3,10,sleek,369
8654,45,Male,White,US,US,4,11,sophisticated,2620
8655,37,Female,White,US,US,4,10,aerodynamic,3547
8656,29,Female,White,USA,USA,3,10,sleek,247
8657,32,Male,White,US,US,6,10,luxurious,2718
8658,29,Male,White,US,US,2,9,stylish,464
8659,24,Female,White,AS,AS,4,10,sleek,228
8660,32,Male,Black,US,US,2,8,aerodynamic,1002
8661,25,Female,White,US,US,4,10,sophisticated,203
8662,33,Male,White,US,US,4,11,sophisticated,324
8663,25,Female,White,US,US,5,10,luxurious,661
8664,23,Female,White,USA,USA,5,10,sleek,359
8665,25,Male,White,US,US,5,11,luxurious,376
8666,28,Female,White,US,US,5,11,luxurious,276
8667,21,Male,Black,US,US,4,7,sophisticated,377
8668,26,Male,White,US,US,6,10,aggressive,877
8669,53,Female,White,US,US,6,11,aggressive,931
8670,30,Female,White,US,US,3,10,stylish,285
8671,40,Female,White,US,US,7,10,elegant,230
8672,37,Female,Prefer not to answer,US,US,4,10,aggressive,414
8673,33,Male,White,US,US,7,10,sporty,1269
8674,34,Male,American Indian or Alaska native,USA,USA,4,11,aerodynamic,534
8675,35,Male,White,US,US,4,8,stylish,389
8676,30,Female,White,US,MN,5,8,aggressive,309
8677,62,Female,White,US,US,5,8,sporty,5259
8678,38,Female,White,US,US,4,9,luxurious,579
8679,40,Male,White,US,US,8,10,luxurious,255
8680,21,Female,Black,US,US,4,6,aggressive,339
8681,61,Male,Black,Atlanta,Atlanta,9,14,aggressive,3099
8682,70,Male,White,US,US,4,11,aerodynamic,169
8683,39,Male,White,US,US,4,9,luxurious,304
8684,54,Female,White,US,US,4,10,aerodynamic,925
8685,31,Male,White,US,US,4,9,aggressive,1637
8686,32,Male,White,US,US,4,6,sleek,411
8687,40,Male,White,US,US,5,11,sleek,301
8688,33,Male,White,US,US,4,10,sleek,1093
8689,40,Male,White,US,US,5,11,modern,260
8690,59,Female,White,US,US,6,8,sporty,356
8691,30,Female,White,US,US,5,11,sophisticated,266
8692,40,Male,White,US,US,5,11,dynamic,356
8693,59,Prefer not to answer,Prefer not to answer,US,US,9,11,aggressive,498
8694,Prefer not to answer,Male,Prefer not to answer,US,US,9,14,elegant,438
8695,26,Male,White,US,US,5,10,sporty,1362
8696,52,Female,Black,US,us,2,9,stylish,286
8697,64,Female,White,US,US,5,10,sleek,581
8698,41,Female,Chinese,US,US,7,10,sleek,328
8699,34,Male,White,US,US,6,10,dynamic,492
8700,29,Male,Black,US,US,5,6,elegant,880
8701,38,Male,Black,US,US,5,10,sophisticated,233
8702,33,Male,Korean,US,US,6,10,stylish,427
8703,34,Male,White,US,US,6,10,stylish,165
8704,52,Female,White,US,US,4,10,stylish,124
8705,53,Male,White,US,US,5,10,sophisticated,387
8706,38,Female,White,US,US,5,7,aggressive,1602
8707,35,Male,White,US,US,6,11,sophisticated,474
8708,42,Female,Asian Indian,US,US,8,10,modern,407
8709,54,Female,Black,US,US,6,10,luxurious,444
8710,47,Female,White,US,US,5,5,stylish,304
8711,55,Female,White,US,US,5,12,aerodynamic,290
8712,64,Male,White,US,US,5,10,aggressive,654
8713,52,Female,White,US,US,5,10,modern,943
8714,40,Female,White,US,US,5,10,modern,637
8715,67,Female,Black,US,US,5,10,aggressive,109
8716,56,Male,White,US,US,6,9,dynamic,526
8717,36,Male,White,US,NO-ANSWER,4,8,sophisticated,388
8718,59,Male,White,US,US,5,10,stylish,1963
8719,63,Female,White,US,US,5,10,elegant,2019
8720,32,Male,White,US,US,4,8,modern,299
8721,46,Male,White,US,US,5,10,dynamic,2037
8722,38,Female,White,US,US,6,7,stylish,231
8723,67,Female,American Indian or Alaska native,US,US,3,10,sleek,1699
8724,59,Male,White,US,US,5,7,luxurious,755
8725,32,Male,White,US,US,4,11,dynamic,821
8726,29,Female,Other race,US,NO-ANSWER,6,6,luxurious,196
8727,63,Female,White,us,us,3,10,sporty,86
8728,29,Female,White,US,US,3,10,elegant,261
8729,43,Male,White,US,US,5,10,sporty,1278
8730,40,Female,White,US,US,8,10,modern,3914
8731,57,Male,White,US,US,4,10,sporty,125
8732,58,Male,White,US,US,4,9,sleek,154
8733,39,Male,Prefer not to answer,US,US,4,8,sleek,428
8734,39,Male,White,US,US,5,13,elegant,1684
8735,63,Female,White,US,US,6,10,sophisticated,336
8736,32,Male,White,US,US,7,6,aerodynamic,412
8737,40,Male,White,US,US,6,10,elegant,388
8738,32,Male,Native Hawaiian,US,US,6,10,elegant,551
8739,29,Male,White,US,US,6,10,luxurious,184
8740,44,Male,White,US,US,5,10,luxurious,333
8741,45,Female,White,US,US,4,7,sleek,398
8742,38,Male,Other race,US,US,6,7,stylish,742
8743,54,Female,White,US,US,4,10,aerodynamic,485
8744,42,Female,White,US,US,5,8,dynamic,403
8745,32,Male,White,US,US,5,10,stylish,3147
8746,65,Male,White,US,US,6,10,aggressive,456
8747,26,Female,Chinese,US,CN,7,11,aerodynamic,235
8748,46,Male,White,US,US,2,7,stylish,2522
8749,32,Male,White,US,GB,3,6,aerodynamic,1248
8750,31,Male,White,US,GB,3,6,aggressive,1450
8751,34,Male,White,US,US,5,10,dynamic,4778
8752,33,Male,White,US,US,4,9,stylish,618
8753,28,Female,White,MD,MD,5,10,sophisticated,1203
8754,39,Female,White,US,US,3,8,sporty,446
8755,73,Female,White,US,US,3,11,elegant,562
8756,43,Female,White,US,US,8,10,sophisticated,255
8757,44,Male,White,US,US,5,11,stylish,5785
8758,43,Female,White,US,US,5,10,sporty,302
8759,44,Female,White,US,US,9,10,luxurious,233
8760,35,Female,White,USA,USA,7,10,aggressive,2418
8761,30,Female,White,US,US,5,11,aggressive,175
8762,29,Female,White,US,US,5,11,aggressive,2716
8763,36,Female,White,US,US,6,11,sporty,2753
8764,40,Male,White,US,US,4,6,stylish,417
8765,32,Male,White,US,US,5,11,dynamic,400
8766,64,Female,White,US,US,6,10,luxurious,2869
8767,31,Female,White,US,US,3,6,aggressive,235
8768,73,Female,White,US,US,4,8,sporty,1906
8769,80,Male,White,US,US,4,7,modern,862
8770,44,Male,White,US,US,5,11,aerodynamic,7172
8771,30,Male,White,US,US,5,11,luxurious,6626
8772,45,Female,White,US,US,2,8,sophisticated,297
8773,33,Male,White,US,Us,4,6,aerodynamic,190
8774,52,Female,Black,USA,USA,5,8,modern,540
8775,30,Female,White,US,US,6,8,sporty,485
8776,36,Female,White,US,US,6,10,stylish,886
8777,45,Female,White,US,US,6,10,aerodynamic,3486
8778,42,Female,White,US,US,6,10,aerodynamic,1043
8779,44,Female,White,US,US,6,10,sporty,670
8780,32,Male,White,US,US,6,11,modern,658
8781,46,Female,White,US,US,7,10,sleek,604
8782,35,Male,White,United States,United States,3,10,stylish,500
8783,42,Female,White,US,US,6,10,sophisticated,129
8784,58,Male,American Indian or Alaska native,US,US,7,10,dynamic,1146
8785,42,Female,White,US,US,6,11,modern,631
8786,47,Female,White,US,US,7,10,aggressive,227
8787,25,Male,White,US,US,4,11,sleek,505
8788,38,Male,White,US,US,8,13,luxurious,332
8789,41,Female,White,US,US,7,10,dynamic,629
8790,45,Female,White,US,US,6,10,modern,92
8791,47,Male,White,US,US,7,10,aerodynamic,96
8792,46,Male,White,US,US,6,10,sophisticated,99
8793,39,Female,White,US,US,6,10,dynamic,386
8794,37,Female,Other race,US,US,5,10,luxurious,446
8795,28,Male,White,US,US,6,11,sleek,213
8796,52,Male,Black,US,US,4,8,sporty,524
8797,35,Female,Other Asian,US,ID,2,11,stylish,287
8798,27,Female,White,US,US,4,10,aerodynamic,295
8799,41,Female,White,US,us,7,8,stylish,320
8800,48,Male,White,US,US,6,10,sleek,513
8801,33,Female,White,US,US,9,11,modern,242
8802,32,Male,Other race,US,US,2,7,aerodynamic,284
8803,36,Male,White,US,US,6,6,modern,417
8804,45,Female,Other race,US,US,7,10,elegant,754
8805,29,Male,White,US,US,6,10,sophisticated,318
8806,44,Male,White,US,US,5,6,modern,505
8807,45,Male,White,US,US,5,11,stylish,381
8808,35,Male,White,CA,CA,4,10,sporty,715
8809,30,Male,White,AS,AS,4,10,dynamic,3016
8810,35,Male,White,US,US,2,10,sophisticated,412
8811,46,Female,White,US,US,2,12,sleek,577
8812,20,Female,Black,US,US,2,9,elegant,617
8813,50,Male,White,US,US,5,8,modern,391
8814,44,Female,White,TX,TX,6,10,stylish,452
8815,43,Female,Vietnamese,US,GB,7,10,sporty,206
8816,26,Female,Other race,US,US,3,10,elegant,385
8817,32,Male,White,AS,AS,5,11,elegant,3908
8818,60,Female,Asian Indian,US,IN,1,11,elegant,403
8819,22,Female,White,USA,USA,5,10,sporty,325
8820,34,Male,White,US,US,7,11,luxurious,401
8821,60,Male,White,US,US,8,12,elegant,299
8822,33,Male,Korean,US,US,4,6,dynamic,313
8823,28,Male,White,US,US,5,11,dynamic,463
8824,39,Female,White,US,US,7,10,stylish,221
8825,44,Female,Asian Indian,US,IN,5,10,modern,2500
8826,72,Female,White,US,US,3,7,stylish,400
8827,40,Male,White,US,US,6,6,aggressive,6204
8828,40,Male,White,US,US,5,6,luxurious,6293
8829,32,Male,Other race,US,US,3,7,aerodynamic,295
8830,40,Female,White,US,US,5,6,sleek,6539
8831,40,Male,White,US,US,5,6,aerodynamic,6690
8832,51,Male,White,US,US,4,10,aerodynamic,297
8833,45,Female,White,OK,OK,6,10,aerodynamic,1401
8834,47,Female,White,US,US,7,10,sporty,263
8835,39,Female,White,US,US,4,10,modern,258
8836,70,Female,White,US,US,5,10,modern,534
8837,56,Female,White,US,US,6,11,modern,394
8838,30,Male,White,US,US,5,10,modern,11768
8839,52,Female,White,US,US,3,7,modern,327
8840,30,Male,White,US,US,5,10,sophisticated,11984
8841,49,Male,Black,US,US,3,6,stylish,520
8842,41,Female,White,US,US,7,11,sporty,726
8843,53,Male,White,US,US,5,10,sporty,281
8844,31,Female,Prefer not to answer,US,US,9,11,dynamic,3532
8845,32,Female,White,US,US,2,9,luxurious,318
8846,23,Female,White,US,US,4,9,sleek,286
8847,40,Female,White,AS,US,3,10,modern,431
8848,27,Female,White,US,US,2,9,luxurious,457
8849,35,Male,White,US,US,4,10,stylish,16860
8850,71,Female,White,AZ,CA,4,8,modern,920
8851,67,Female,White,US,us,7,10,aggressive,1880
8852,43,Female,Korean,US,US,7,10,elegant,557
8853,34,Female,White,US,US,5,9,elegant,608
8854,30,Female,White,US,US,7,12,dynamic,1668
8855,29,Male,White,US,US,3,10,sleek,419
8856,37,Male,White,US,US,4,11,sporty,345
8857,54,Male,Korean,US,US,8,11,elegant,329
8858,54,Female,White,US,US,5,10,dynamic,430
8859,39,Female,White,US,US,8,10,aerodynamic,362
8860,67,Female,White,US,US,3,8,modern,601
8861,39,Male,Korean,US,KR,3,7,aerodynamic,381
8862,70,Female,White,US,US,4,11,sophisticated,653
8863,29,Male,White,US,US,5,12,stylish,230
8864,53,Male,White,US,US,6,7,aggressive,288
8865,33,Male,White,CA,CA,6,5,sleek,4958
8866,34,Female,White,United States ,United States ,3,8,dynamic,284
8867,42,Male,Black,US,US,5,10,stylish,447
8868,31,Female,White,US,US,4,13,aerodynamic,172
8869,32,Female,White,US,US,4,6,dynamic,7225
8870,42,Male,White,US,US,6,10,dynamic,427
8871,70,Female,White,US,US,4,10,stylish,637
8872,74,Female,White,US,US,3,10,stylish,632
8873,51,Female,White,AS,51,2,8,dynamic,308
8874,39,Female,White,US,AL,3,6,aerodynamic,339
8875,33,Male,White,US,US,5,11,aggressive,512
8876,31,Non-binary,Other race,US,US,6,7,dynamic,333
8877,22,Female,White,US,US,2,6,sophisticated,364
8878,37,Male,Chinese,US,US,4,7,sophisticated,514
8879,30,Female,White,US,US,4,10,luxurious,432
8880,49,Female,Other Asian,US,US,4,10,sophisticated,1043
8881,34,Female,Prefer not to answer,US,US,9,14,sleek,1337
8882,26,Male,White,US,US,6,10,modern,600
8883,38,Male,White,US,US,3,8,stylish,2807
8884,30,Male,White,US,US,7,10,stylish,29032
8885,60,Male,Black,US,US,3,7,dynamic,543
8886,68,Female,Black,US,US,4,7,modern,721
8887,36,Female,White,US,US,6,10,sleek,353
8888,35,Female,Black,US,US,4,8,elegant,333
8889,41,Female,White,United States,United States,6,10,elegant,418
8890,44,Male,White,US,US,6,10,stylish,97
8891,53,Female,White,US,US,8,11,aerodynamic,412
8892,48,Female,White,US,US,7,10,sophisticated,763
8893,25,Female,Black,US,US,9,10,elegant,1045
8894,56,Male,White,US,US,7,13,sophisticated,397
8895,65,Female,White,US,US,6,10,sporty,11712
8896,39,Female,White,US,US,6,11,elegant,685
8897,36,Female,White,US,US,3,10,aggressive,8795
8898,29,Female,Other race,US,US,9,10,luxurious,361
8899,35,Female,White,CA,USA,4,10,modern,443
8900,19,Male,Black,US,US,1,9,sporty,247
8901,34,Male,White,US,US,6,7,aggressive,363
8902,37,Non-binary,Black,US,US,3,6,sporty,477
8903,47,Male,White,US,AM,6,10,elegant,226
8904,49,Female,White,America ,Usa,9,8,dynamic,309
8905,36,Female,White,US,US,1,10,elegant,187
8906,38,Female,White,US,US,5,7,elegant,375
8907,36,Female,White,US,US,5,10,dynamic,300
8908,61,Female,White,US,US,4,10,sophisticated,818
8909,36,Male,White,US,US,6,10,sporty,16114
8910,25,Female,White,US,US,4,10,elegant,249
8911,36,Male,White,US,US,6,10,aerodynamic,16212
8912,36,Male,White,AL,AL,7,11,aerodynamic,16467
8913,57,Male,Asian Indian,US,US,5,9,aggressive,2527
8914,60,Male,White,US,US,5,8,stylish,1722
8915,44,Female,Other race,US,US,7,11,stylish,257
8916,25,Female,White,US,US,5,10,dynamic,340
8917,34,Male,White,US,US,4,10,sporty,270
8918,47,Female,White,US,US,4,10,stylish,477
8919,40,Female,White,US,US,5,8,aerodynamic,803
8920,25,Female,Other race,US,US,5,10,sporty,363
8921,30,Male,White,US,US,2,10,sporty,263
8922,61,Male,White,US,US,5,8,aggressive,461
8923,27,Female,White,United States,United States,5,10,sporty,448
8924,24,Female,White,US,US,3,7,sporty,342
8925,41,Female,White,US,US,7,11,aggressive,27315
8926,27,Male,White,US,US,4,10,sophisticated,341
8927,48,Female,White,US,Us,2,10,sleek,540
8928,51,Male,White,US,US,8,10,aggressive,242
8929,31,Female,White,NO-ANSWER,NO-ANSWER,2,10,elegant,853
8930,71,Female,White,US,US,4,11,stylish,992
8931,33,Male,White,Us,Us,7,10,luxurious,317
8932,38,Female,Black,US,US,4,8,sophisticated,373
8933,27,Male,White,US,US,7,10,sporty,170
8934,27,Male,White,US,US,8,10,luxurious,384
8935,27,Male,White,US,US,8,10,sporty,787
8936,32,Female,White,United States,United States,2,5,aggressive,964
8937,23,Female,White,US,US,5,10,sporty,352
8938,27,Male,White,US,US,8,10,luxurious,898
8939,27,Female,White,US,US,8,10,sporty,1061
8940,37,Male,Black,USA,USA,2,10,luxurious,363
8941,27,Female,Prefer not to answer,US,US,8,10,stylish,1328
8942,27,Female,White,US,US,8,10,sporty,1456
8943,27,Female,White,US,US,8,10,stylish,1837
8944,27,Male,White,US,US,8,10,dynamic,2394
8945,27,Female,White,US,US,8,10,elegant,2503
8946,27,Female,White,US,US,8,10,luxurious,2704
8947,36,Male,White,US,US,4,8,stylish,396
8948,27,Female,White,US,US,8,10,sporty,2913
8949,27,Male,White,US,US,8,10,sleek,2950
8950,27,Female,White,US,US,8,10,sophisticated,3057
8951,53,Female,Black,US,US,3,6,luxurious,327
8952,36,Female,Other race,US,US,3,8,modern,461
8953,30,Male,White,AS,AS,3,9,modern,13653
8954,47,Female,White,NE,NE,8,11,aggressive,348
8955,35,Male,White,US,US,8,10,sleek,2717
8956,41,Male,White,US,US,7,11,modern,320
8957,42,Female,White,US,US,6,10,luxurious,658
8958,41,Male,American Indian or Alaska native,US,US,4,10,modern,489
8959,43,Female,Black,USA,CARLIFORNIA,4,10,luxurious,1069
8960,36,Prefer not to answer,American Indian or Alaska native,US,US,5,8,elegant,1128
8961,30,Male,White,US,US,6,10,luxurious,225
8962,20,Male,White,US,US,1,7,sleek,336
8963,48,Male,White,US,US,5,11,elegant,129
8964,45,Female,White,US,US,5,10,aggressive,771
8965,43,Male,White,US,US,6,10,sporty,447
8966,33,Male,White,US,US,4,8,dynamic,306
8967,32,Female,White,US,US,4,10,sophisticated,361
8968,32,Male,White,AL,AX,6,13,aerodynamic,168
8969,32,Female,White,US,US,4,10,stylish,66
8970,42,Female,White,US,US,6,10,aggressive,661
8971,45,Male,White,US,US,2,9,aggressive,531
8972,26,Male,Black,US,US,4,10,stylish,445
8973,36,Female,American Indian or Alaska native,Virginia ,US,5,11,aggressive,982
8974,60,Male,White,United Staes of America,United States of America,4,7,dynamic,1221
8975,51,Female,White,CA,CA,8,11,sleek,258
8976,36,Female,Prefer not to answer,US,US,4,10,sleek,359
8977,46,Male,White,CA,CA,8,11,sleek,246
8978,36,Female,White,USA,USA,3,10,sleek,259
8979,42,Female,White,US,US,8,10,aerodynamic,671
8980,45,Female,White,US,US,8,10,modern,14242
8981,29,Male,White,US,US,5,8,modern,257
8982,33,Female,White,US,US,8,10,stylish,2648
8983,30,Male,White,US,US,5,10,aerodynamic,287
8984,55,Male,Chinese,AL,AL,3,8,aerodynamic,105
8985,44,Female,White,US,US,6,10,modern,599
8986,50,Female,White,US,US,6,11,elegant,522
8987,53,Male,White,US,US,7,10,sporty,283
8988,44,Female,White,US,US,4,10,sporty,513
8989,43,Female,White,US,US,2,9,dynamic,862
8990,30,Female,White,US,US,5,10,sophisticated,2317
8991,30,Male,White,US,US,5,11,modern,19639
8992,36,Male,White,US,US,8,10,aggressive,322
8993,30,Male,White,US,US,5,11,modern,20344
8994,33,Male,White,us,us,8,10,aerodynamic,2213
8995,39,Male,White,US,US,6,12,sleek,334
8996,35,Female,White,US,US,6,10,elegant,430
8997,45,Male,White,US,US,9,14,aggressive,421
8998,45,Male,White,US,US,7,11,aggressive,262
8999,46,Female,White,US,US,5,9,sophisticated,411
9000,49,Male,White,US,US,8,10,stylish,439
9001,52,Female,White,US,US,4,10,sleek,320
9002,18,Female,White,US,US,2,3,sporty,346
9003,30,Male,White,US,US,4,10,aggressive,1508
9004,42,Female,White,US,US,4,10,dynamic,249
9005,40,Female,Black,US,US,6,10,dynamic,4195
9006,35,Male,White,US,US,3,11,sophisticated,225
9007,35,Female,White,US,US,3,9,aerodynamic,248
9008,25,Male,Black,CA,CA,7,10,elegant,222
9009,22,Female,Asian Indian,IN,IN,5,10,sleek,539
9010,43,Female,White,US,US,4,8,sophisticated,240
9011,55,Female,White,US,US,6,11,dynamic,999
9012,43,Female,White,US,US,5,10,sophisticated,326
9013,54,Female,White,USA,USA,4,9,modern,325
9014,33,Female,White,US,US,4,7,aerodynamic,276
9015,40,Male,White,US,US,8,10,stylish,657
9016,25,Female,White,SV,SV,7,10,aggressive,1018
9017,28,Female,White,US,US,3,9,dynamic,406
9018,35,Female,White,US,US,4,6,sporty,506
9019,36,Male,Asian Indian,US,US,5,11,sporty,423
9020,33,Male,White,US,US,6,10,elegant,1031
9021,49,Male,White,US,US,5,10,aggressive,1498
9022,40,Male,White,US,US,8,10,luxurious,883
9023,56,Female,White,US,US,5,10,sophisticated,494
9024,40,Male,White,US,US,8,11,sleek,415
9025,45,Female,White,US,US,5,7,sophisticated,1023
9026,56,Male,White,MS,MS,6,11,sleek,5772
9027,34,Female,White,US,US,3,10,luxurious,853
9028,51,Female,White,US,US,4,10,sporty,382
9029,33,Male,White,US,US,6,10,stylish,2993
9030,35,Male,White,US,US,7,10,elegant,404
9031,70,Female,White,US,US,4,11,modern,438
9032,30,Male,Prefer not to answer,US,US,5,10,modern,2377
9033,44,Male,White,US,US,4,11,luxurious,824
9034,39,Male,Black,US,US,7,10,sporty,482
9035,57,Female,White,US,US,2,7,sleek,682
9036,41,Female,White,US,US,6,7,aggressive,679
9037,27,Male,White,US,US,4,10,sophisticated,2249
9038,27,Male,White,USA,USA,3,10,elegant,3495
9039,25,Male,White,US,US,7,10,dynamic,272
9040,25,Female,White,US,US,6,10,stylish,462
9041,69,Male,White,US,US,4,10,aggressive,445
9042,38,Non-binary,White,US,US,4,11,sporty,265
9043,64,Male,White,US,US,6,11,luxurious,581
9044,40,Female,White,US,US,6,11,modern,309
9045,I AM 22YEARS OLD,Male,Black,MADAGASCAR,MADAGASCAR,9,4,aggressive,719
9046,50,Male,White,US,US,4,8,aerodynamic,264
9047,25,Non-binary,White,US,US,4,7,aerodynamic,3363
9048,39,Female,Filipino,United States,United States,2,11,luxurious,764
9049,50,Female,White,US,US,4,10,dynamic,4794
9050,53,Female,White,US,US,2,10,stylish,611
9051,32,Male,White,US,US,4,10,elegant,295
9052,54,Female,White,US,US,6,11,sleek,532
9053,63,Female,White,US,US,9,9,modern,510
9054,75,Female,White,US,US,3,10,aerodynamic,513
9055,47,Female,Black,US,US,5,10,sleek,429
9056,23,Female,Other race,US,US,5,10,sporty,261
9057,69,Female,White,US,US,4,10,aggressive,506
9058,36,Male,White,US,CU,4,8,luxurious,255
9059,54,Male,White,US,US,6,11,sophisticated,373
9060,29,Female,White,US,US,5,11,sophisticated,292
9061,25,Male,White,US,US,4,10,elegant,1269
9062,25,Female,White,US,US,5,10,sleek,1372
9063,64,Female,White,US,US,6,6,modern,1210
9064,35,Male,White,US,US,4,9,aerodynamic,2654
9065,61,Female,White,US,US,3,8,dynamic,751
9066,30,Female,White,US,US,4,13,sleek,349
9067,23,Female,American Indian or Alaska native,USA,USA,5,10,sophisticated,598
9068,35,Female,Prefer not to answer,US,US,3,8,sleek,477
9069,38,Female,White,US,US,2,10,sleek,251
9070,57,Female,Native Hawaiian,US,US,7,8,sporty,313
9071,52,Female,Black,US,US,5,9,sleek,600
9072,80,Male,White,USA,USA,9,10,elegant,541
9073,74,Female,White,US,US,7,10,aggressive,1378
9074,32,Female,White,US,US,5,10,sleek,331
9075,33,Female,White,US,US,2,9,stylish,4950
9076,26,Female,White,United states,United states,4,6,modern,264
9077,63,Female,White,US,US,9,11,stylish,252
9078,46,Female,White,US,US,5,12,dynamic,344
9079,29,Female,Other race,US,US,7,7,sporty,424
9080,49,Female,White,US,US,8,7,stylish,525
9081,63,Female,White,US,BM,3,7,aggressive,351
9082,33,Male,White,US,US,3,7,dynamic,718
9083,50,Female,American Indian or Alaska native,US,US,4,6,modern,488
9084,26,Female,White,US,US,3,13,modern,135
9085,43,Female,White,US,US,5,10,modern,325
9086,40,Female,White,US,US,4,7,stylish,360
9087,33,Male,White,US,US,4,9,aggressive,1817
9088,51,Female,White,US,US,2,8,dynamic,624
9089,27,Male,White,US,US,5,11,sleek,234
9090,35,Female,White,US,US,5,10,luxurious,275
9091,25,Male,White,US,US,5,12,sophisticated,213
9092,46,Female,White,US,US,5,11,stylish,448
9093,44,Female,Prefer not to answer,US,US,9,7,stylish,450
9094,44,Female,White,US,US,4,6,dynamic,270
9095,38,Prefer not to answer,White,US,US,7,10,sophisticated,401
9096,25,Female,White,US,US,6,10,stylish,5363
9097,51,Female,White,US,US,3,8,elegant,626
9098,43,Male,White,US,US,3,10,luxurious,578
9099,52,Male,Black,US,US,5,7,aerodynamic,573
9100,54,Female,White,US,US,6,8,sporty,333
9101,35,Male,White,US,US,7,11,luxurious,245
9102,25,Female,White,US,US,4,10,elegant,861
9103,34,Male,White,US,US,5,10,sporty,356
9104,36,Female,White,US,US,1,9,modern,403
9105,33,Female,Chinese,US,US,7,10,dynamic,199
9106,40,Male,White,US,US,7,10,luxurious,495
9107,32,Female,White,US,US,2,6,aerodynamic,1146
9108,39,Female,Filipino,US,US,4,10,aerodynamic,299
9109,40,Non-binary,White,US,US,2,10,luxurious,605
9110,48,Male,Filipino,US,PH,6,10,aerodynamic,378
9111,59,Male,Japanese,US,us,3,8,elegant,338
9112,35,Female,White,USA,USA,2,9,elegant,707
9113,25,Male,White,US,US,5,10,aggressive,335
9114,25,Female,White,US,US,6,11,stylish,160
9115,25,Female,White,US,US,5,10,aerodynamic,681
9116,45,Female,Other race,US,US,4,10,stylish,654
9117,32,Male,White,US,US,6,10,sophisticated,279
9118,25,Female,White,US,US,6,11,dynamic,106
9119,25,Female,White,US,US,6,11,elegant,120
9120,50,Female,Black,US,US,7,7,sporty,1577
9121,60,Female,White,US,US,5,10,luxurious,613
9122,52,Female,White,US,US,2,8,elegant,377
9123,63,Male,White,US,US,7,8,sporty,626
9124,42,Prefer not to answer,Prefer not to answer,US,us,9,14,sporty,300
9125,27,Male,White,US,US,7,10,dynamic,256
9126,61,Female,White,US,US,4,6,sporty,386
9127,44,Female,White,US,US,8,11,aggressive,14328
9128,24,Female,White,US,US,5,10,stylish,1180
9129,32,Female,White,US,US,5,10,sporty,37211
9130,59,Male,White,US,US,6,10,sophisticated,354
9131,34,Male,White,AL,MD,7,11,dynamic,398
9132,38,Male,White,US,US,5,11,aerodynamic,473
9133,38,Female,White,US,US,5,11,sporty,350
9134,37,Female,White,US,US,8,11,luxurious,341
9135,30,Male,White,US,US,3,10,sleek,2282
9136,29,Male,White,US,US,3,10,luxurious,2039
9137,26,Female,White,US,US,4,10,sporty,1800
9138,24,Female,White,US,US,4,10,aggressive,1814
9139,34,Male,White,US,US,3,10,aerodynamic,1854
9140,41,Male,White,US,US,4,10,aggressive,1233
9141,29,Male,Chinese,US,US,7,11,aerodynamic,264
9142,55,Female,White,US,US,6,11,dynamic,1289
9143,57,Male,White,US,US,7,11,aggressive,3139
9144,34,Prefer not to answer,Prefer not to answer,US,US,9,14,sleek,344
9145,35,Male,White,CA,US,7,10,elegant,155
9146,33,Male,Black,US,US,9,5,aerodynamic,461
9147,36,Female,Other race,US,US,4,6,elegant,7828
9148,41,Male,White,US,US,4,10,dynamic,1451
9149,30,Female,White,USA,USA,6,10,aggressive,680
9150,38,Male,White,US,US,5,10,dynamic,1093
9151,54,Male,White,US,US,5,10,aggressive,672
9152,32,Male,White,AU,AU,3,10,aggressive,5752
9153,35,Male,American Indian or Alaska native,AU,AU,3,10,aggressive,5148
9154,33,Male,American Indian or Alaska native,AS,AS,3,10,sophisticated,4866
9155,34,Male,White,BR,BR,3,10,sleek,4643
9156,28,Male,White,US,US,3,10,stylish,519
9157,28,Male,White,US,US,3,10,sporty,333
9158,25,Female,White,US,US,3,10,elegant,335
9159,28,Male,White,US,US,3,10,sophisticated,280
9160,28,Male,White,US,US,3,10,sporty,348
9161,28,Male,White,US,US,3,10,sporty,349
9162,24,Female,White,USA,USA,6,10,sleek,587
9163,25,Female,White,AX,AL,3,10,sporty,367
9164,36,Female,White,US,US,4,10,sporty,244
9165,28,Male,White,Usa,Usa,6,10,sleek,42703
9166,35,Male,White,US,US,6,10,dynamic,15882
9167,49,Female,White,US,US,4,11,aerodynamic,203
9168,32,Male,White,usa,usa,5,11,luxurious,93
9169,21,Male,Other race,US,US,2,7,elegant,246
9170,41,Female,Prefer not to answer,US,Us,9,14,stylish,3454
9171,56,Male,White,US,US,5,9,sleek,83
9172,62,Male,Native Hawaiian,US,US,5,10,elegant,404
9173,35,Male,Black,AX,DZ,6,10,aggressive,342
9174,43,Female,White,US,NO-ANSWER,4,6,aerodynamic,322
9175,47,Female,White,US,us,6,10,dynamic,1223
9176,38,Female,White,US,US,3,6,aerodynamic,344
9177,55,Male,White,US,US,5,7,luxurious,1138
9178,61,Male,White,US,US,4,7,sophisticated,383
9179,55,Male,White,TX,TX,6,11,aggressive,2518
9180,53,Male,White,AX,TX,6,11,aerodynamic,2606
9181,53,Male,White,TX,TX,6,11,luxurious,2721
9182,53,Male,White,TX,TX,6,11,sporty,2873
9183,36,Female,White,US,US,5,10,sleek,2463
9184,34,Male,White,US,US,5,10,aggressive,512
9185,36,Male,White,US,US,4,8,dynamic,337
9186,24,Female,White,AL,AS,5,10,aggressive,402
9187,45,Male,White,US,US,2,7,modern,339
9188,35,Female,White,US,US,4,6,sporty,648
9189,33,Female,White,US,California,8,10,sleek,1182
9190,27,Male,White,US,US,5,10,sleek,2427
9191,39,Male,Black,US,US,6,10,sporty,620
9192,30,Male,White,us,us,5,8,sporty,29141
9193,40,Male,White,US,US,5,10,aggressive,199
9194,56,Male,White,TN,TN,6,10,sleek,36970
9195,39,Male,White,US,US,5,10,aerodynamic,158
9196,39,Male,White,US,US,5,10,dynamic,436
9197,41,Female,White,US,US,7,11,sleek,392
9198,57,Male,White,US,US,7,10,stylish,439
9199,47,Female,White,US,US,4,8,aggressive,2010
9200,48,Male,White,US,US,6,10,sophisticated,37818
9201,38,Prefer not to answer,Other Asian,US,US,5,10,aerodynamic,709
9202,57,Male,White,US,US,5,10,sophisticated,893
9203,47,Male,White,US,US,6,10,aggressive,38449
9204,28,Female,White,USA,USA,5,8,aggressive,445
9205,30,Male,White,US,US,5,10,luxurious,99
9206,34,Male,White,US,US,4,13,modern,1990
9207,34,Male,White,US,US,4,13,aggressive,1922
9208,46,Female,Asian Indian,US,US,5,7,sophisticated,619
9209,34,Male,White,US,US,4,11,stylish,2658
9210,32,Female,Other Asian,US,US,7,12,dynamic,163
9211,33,Male,White,US,US,7,10,dynamic,445
9212,41,Female,White,US,US,7,11,sleek,229
9213,34,Female,White,USA,USA,6,10,sporty,91
9214,Prefer not to answer,Prefer not to answer,Prefer not to answer,US,US,9,14,stylish,667
9215,50,Female,White,US,US,2,8,dynamic,663
9216,36,Female,White,AZ,AZ,5,7,stylish,373
9217,23,Male,White,US,US,3,7,sporty,196
9218,31,Male,White,US,US,2,7,sleek,573
9219,39,Male,White,US,US,4,10,dynamic,459
9220,30,Female,White,US,US,3,10,luxurious,543
9221,37,Male,White,US,US,7,10,elegant,1097
9222,62,Female,White,US,US,3,5,modern,689
9223,50,Female,Black,US,US,5,11,aggressive,537
9224,34,Female,White,USA,USA,6,11,stylish,2810
9225,33,Male,White,US,US,5,10,elegant,214
9226,44,Female,White,US,US,5,11,luxurious,463
9227,31,Female,Other race,US,US,5,8,aggressive,547
9228,66,Female,White,USA,USA,5,10,sporty,311
9229,35,Male,White,US,US,6,11,sporty,262
9230,32,Female,Black,US,US,2,7,modern,803
9231,40,Male,White,US,US,5,12,aggressive,227
9232,44,Female,White,US,US,2,9,sleek,735
9233,40,Female,White,US,US,5,10,elegant,2897
9234,39,Female,White,US,US,5,10,aerodynamic,265
9235,34,Female,White,US,US,5,10,modern,325
9236,42,Female,White,US,US,5,11,aerodynamic,278
9237,26,Female,White,US,US,4,10,luxurious,3166
9238,35,Male,White,US,US,4,10,dynamic,710
9239,32,Male,White,TX,TX,3,10,aerodynamic,10877
9240,75,Female,White,US,US,4,8,sleek,318
9241,45,Male,White,US,US,5,8,luxurious,276
9242,36,Female,White,US,US,4,10,aerodynamic,1334
9243,42,Male,White,US,US,6,10,aerodynamic,404
9244,32,Female,Black,US,US,5,11,elegant,399
9245,70,Male,White,US,US,5,11,modern,780
9246,57,Male,White,US,US,4,10,elegant,518
9247,55,Male,Other race,US,US,6,10,sophisticated,454
9248,41,Female,White,US,US,6,11,luxurious,343
9249,42,Male,Chinese,US,US,8,10,sleek,334
9250,25,Female,White,US,US,2,7,luxurious,200
9251,32,Female,White,US,US,7,8,aerodynamic,267
9252,64,Male,White,US,US,3,10,aggressive,443
9253,28,Female,White,US,US,4,11,dynamic,253
9254,46,Female,Black,US,US,4,7,aerodynamic,841
9255,33,Male,White,US,US,5,7,modern,580
9256,32,Female,White,US,US,3,6,aggressive,293
9257,58,Female,White,US,US,3,9,sophisticated,385
9258,24,Female,White,US,US,2,10,stylish,233
9259,21,Male,White,US,US,3,9,aerodynamic,518
9260,36,Male,White,US,US,3,10,stylish,346
9261,30,Male,American Indian or Alaska native,US,US,4,8,aggressive,288
9262,33,Male,White,US,US,8,10,luxurious,1253
9263,42,Female,White,US,US,4,7,aerodynamic,334
9264,71,Male,White,US,US,4,10,modern,914
9265,33,Female,White,US,US,4,10,stylish,329
9266,44,Male,White,US,US,5,10,sporty,570
9267,32,Female,White,United States ,United States ,3,9,sporty,848
9268,55,Male,White,US,SA,5,11,aggressive,358
9269,41,Female,White,US,US,8,11,sophisticated,424
9270,35,Prefer not to answer,Prefer not to answer,US,US,9,10,modern,396
9271,65,Female,White,US,US,3,8,stylish,791
9272,36,Male,White,US,US,4,8,dynamic,235
9273,33,Male,Black,US,US,5,5,stylish,478
9274,35,Female,White,US,US,4,10,dynamic,2373
9275,46,Female,Black,US,US,4,10,sporty,261
9276,40,Female,White,US,US,6,6,luxurious,756
9277,40,Female,Prefer not to answer,US,US,2,10,modern,1215
9278,33,Female,White,US,US,2,7,elegant,398
9279,27,Male,Other race,US,US,4,9,aerodynamic,315
9280,32,Male,White,IL,IL,2,10,dynamic,23863
9281,80,Male,White,US,US,5,10,luxurious,555
9282,30,Female,White,US,US,4,10,aerodynamic,355
9283,34,Male,White,PA,PA,2,10,dynamic,25163
9284,33,Male,White,CO,CO,2,10,elegant,25747
9285,36,Female,White,US,US,2,6,dynamic,358
9286,50,Male,White,US,US,7,10,sporty,411
9287,29,Female,White,US,US,5,10,sporty,168
9288,29,Female,White,US,US,5,10,sleek,119
9289,29,Female,White,US,US,5,10,dynamic,150
9290,57,Female,White,US,US,3,8,sporty,299
9291,50,Male,White,US,US,8,10,aerodynamic,400
9292,40,Female,White,US,US,3,8,sleek,293
9293,27,Female,White,US,US,5,10,elegant,268
9294,21,Female,Black,USA,USA,6,8,luxurious,663
9295,49,Female,White,US,US,5,6,sporty,483
9296,39,Male,White,USA,USA,6,11,sleek,238
9297,25,Female,White,US,US,5,10,sporty,178
9298,31,Male,Black,US,US,6,6,dynamic,456
9299,34,Male,White,US,US,8,11,luxurious,380
9300,30,Male,White,US,US,4,10,sophisticated,5778
9301,33,Female,White,US,US,4,7,dynamic,582
9302,36,Female,Black,US,US,2,10,dynamic,4309
9303,50,Male,White,FL,FL,2,11,elegant,699
9304,20,Male,White,United states,United States ,2,7,modern,159
9305,67,Female,White,United States ,United States ,3,8,modern,488
9306,73,Female,White,US,US,4,11,modern,1341
9307,33,Male,White,US,US,4,11,luxurious,439
9308,38,Male,Prefer not to answer,US,US,9,14,sleek,476
9309,33,Female,Other Asian,IN,IN,2,11,aerodynamic,392
9310,29,Female,White,US,US,4,10,luxurious,1825
9311,52,Male,White,US,US,8,10,luxurious,333
9312,33,Male,Black,US,US,4,11,aerodynamic,13573
9313,41,Female,Black,US,US,4,11,sporty,13638
9314,34,Female,Black,US,US,6,12,aggressive,13833
9315,31,Male,White,US,US,5,13,stylish,13933
9316,53,Female,Prefer not to answer,US,US,4,10,luxurious,774
9317,37,Male,White,US,US,5,10,sporty,840
9318,35,Male,Black,IN,IN,2,11,modern,312
9319,38,Female,White,US,US,4,10,elegant,198
9320,52,Female,White,US,US,7,6,sophisticated,413
9321,45,Female,Other Asian,US,US,2,4,stylish,201
9322,63,Female,Black,USA,USA,2,7,stylish,457
9323,30,Male,White,AL,AL,4,11,elegant,2195
9324,56,Female,Black,US,US,5,10,elegant,477
9325,32,Female,White,US,US,6,10,elegant,313
9326,33,Male,White,US,US,4,10,sophisticated,13071
9327,39,Male,White,US,US,6,10,modern,367
9328,32,Male,White,US,US,5,13,aerodynamic,679
9329,36,Female,White,US,US,5,10,aggressive,242
9330,40,Male,Black,US,US,6,12,elegant,34098
9331,37,Male,White,US,US,5,13,dynamic,34082
9332,38,Male,White,US,US,3,10,stylish,34399
9333,32,Male,White,US,US,3,10,luxurious,34577
9334,29,Male,Black,US,US,6,12,dynamic,34614
9335,41,Male,White,US,US,5,13,luxurious,34739
9336,35,Male,White,US,US,2,10,luxurious,1452
9337,43,Female,Black,US,US,6,12,sporty,34985
9338,48,Female,White,US,US,5,13,sophisticated,35215
9339,37,Male,White,US,US,5,13,sporty,35385
9340,41,Female,White,US,US,5,10,aerodynamic,515
9341,27,Female,White,AS,AS,5,11,stylish,747
9342,42,Female,Black,US,US,4,11,stylish,4926
9343,50,Female,White,US,US,7,10,sporty,293
9344,37,Female,Black,US,US,4,11,stylish,40795
9345,33,Male,White,US,US,3,10,modern,40753
9346,22,Female,White,US,US,1,11,elegant,1356
9347,43,Male,Other Asian,US,US,5,10,elegant,282
9348,25,Male,White,US,US,6,10,luxurious,4579
9349,50,Female,Prefer not to answer,USA,USA,6,10,sophisticated,492
9350,53,Female,White,USA,USA,5,12,sophisticated,877
9351,39,Male,White,US,US,7,10,elegant,248
9352,27,Female,White,US,US,4,10,luxurious,299
9353,25,Female,White,US,US,5,10,stylish,1956
9354,28,Female,Black,USA,USA,4,7,modern,983
9355,38,Male,White,US,US,6,11,elegant,312
9356,63,Male,White,US,US,3,7,sporty,507
9357,52,Female,White,US,US,6,11,aerodynamic,1406
9358,34,Male,White,US,US,3,13,stylish,1788
9359,59,Male,White,MO,MO,6,10,modern,1596
9360,34,Male,White,US,US,4,11,dynamic,2072
9361,35,Male,White,US,US,3,10,sleek,2333
9362,46,Male,White,US,US,4,10,dynamic,639
9363,29,Female,White,US,US,4,10,sleek,234
9364,35,Male,White,US,US,5,13,sleek,2492
9365,56,Female,Other race,United States,US,4,10,dynamic,231
9366,30,Female,White,NZ,NU,8,10,aerodynamic,10798
9367,41,Male,White,USA,USA,8,12,sleek,750
9368,61,Female,White,US,US,8,12,sporty,348
9369,57,Female,White,US,US,2,7,luxurious,402
9370,56,Female,White,USA,USA,5,10,dynamic,482
9371,32,Female,White,US,US,5,10,stylish,1633
9372,46,Female,White,US,US,6,10,sophisticated,357
9373,67,Female,White,US,US,3,9,modern,631
9374,44,Female,White,US,US,5,10,sporty,864
9375,47,Female,Vietnamese,US,US,3,8,sophisticated,324
9376,33,Male,White,US,US,4,13,dynamic,3443
9377,42,Male,White,US,US,5,10,stylish,611
9378,51,Prefer not to answer,Prefer not to answer,US,US,9,10,luxurious,277
9379,29,Female,White,US,US,4,10,aggressive,927
9380,29,Male,White,US,US,6,11,stylish,307
9381,25,Female,White,US,US,6,10,dynamic,616
9382,42,Male,Black,US,US,6,11,modern,384
9383,30,Male,White,US,US,7,9,elegant,1391
9384,28,Male,White,US,US,2,8,sophisticated,302
9385,35,Male,White,US,US,6,11,luxurious,1071
9386,35,Female,White,US,US,6,11,sleek,1197
9387,35,Male,White,US,US,6,11,sleek,1374
9388,35,Female,White,US,US,6,11,aerodynamic,1482
9389,37,Male,Other race,US,US,7,10,sporty,430
9390,35,Male,White,US,US,6,11,sophisticated,1564
9391,55,Female,Asian Indian,Texus,TX,4,4,sophisticated,547
9392,69,Female,White,US,US,4,6,sleek,617
9393,66,Female,White,US,US,5,10,luxurious,394
9394,48,Female,Chinese,US,US,3,11,stylish,399
9395,70,Male,White,US,US,6,10,luxurious,1397
9396,28,Female,Asian Indian,US,IN,3,11,stylish,270
9397,46,Female,White,US,US,5,10,dynamic,10001
9398,65,Female,White,US,US,4,7,aerodynamic,370
9399,68,Female,White,US,US,4,8,aerodynamic,454
9400,60,Male,White,US,US,4,8,modern,1030
9401,35,Male,White,US,US,5,10,luxurious,494
9402,32,Female,White,US,US,4,9,sleek,871
9403,60,Female,Black,UY,US,3,8,luxurious,664
9404,34,Male,White,US,US,4,10,modern,17202
9405,60,Male,Black,US,US,7,10,aggressive,531
9406,30,Female,White,US,US,4,8,sporty,377
9407,58,Female,White,US,US,4,8,luxurious,326
9408,31,Male,Black,US,US,6,4,luxurious,188
9409,57,Female,White,US,US,6,9,sporty,345
9410,44,Male,White,US,US,5,10,sporty,245
9411,52,Male,White,US,US,8,11,aerodynamic,1868
9412,41,Female,White,US,US,5,10,sophisticated,274
9413,29,Female,Filipino,US,US,4,8,dynamic,330
9414,52,Male,White,US,US,5,11,aggressive,357
9415,37,Female,White,US,US,6,10,sleek,301
9416,34,Male,White,United states,United states ,1,3,aerodynamic,830
9417,31,Female,White,US,US,7,9,aggressive,306
9418,33,Male,White,USA,USA,8,12,dynamic,82
9419,50,Female,White,US,US,5,6,sporty,673
9420,33,Male,White,USA,USA,8,12,elegant,406
9421,33,Male,White,USA,USA,8,12,aerodynamic,511
9422,33,Male,White,USA,USA,8,12,sophisticated,439
9423,30,Male,White,US,US,6,11,elegant,26997
9424,48,Male,White,US,US,1,3,modern,486
9425,30,Male,White,US,US,6,11,luxurious,27078
9426,30,Male,White,US,US,6,11,sleek,26506
9427,30,Male,White,US,US,7,11,sporty,26600
9428,30,Male,White,US,US,7,11,modern,26617
9429,30,Male,White,US,US,7,11,luxurious,26677
9430,34,Female,White,US,US,5,10,aggressive,367
9431,30,Male,White,US,US,7,11,sleek,26758
9432,30,Male,White,US,US,7,11,luxurious,26806
9433,30,Male,White,US,US,7,11,luxurious,26871
9434,30,Male,White,US,US,6,11,elegant,26876
9435,69,Female,White,United States,United States,4,8,aggressive,566
9436,46,Female,White,US,US,7,10,sporty,824
9437,6i,Male,Black,us,us,1,10,luxurious,702
9438,.30,Male,White,US,US,6,11,aerodynamic,1500
9439,19,Female,Black,US,US,1,6,luxurious,532
9440,30,Male,White,US,US,6,11,aggressive,27989
9441,36,Male,White,US,US,6,11,sleek,5820
9442,32,Male,White,US,US,7,10,sleek,20499
9443,29,Male,White,US,US,7,10,sleek,19897
9444,25,Female,White,US,US,3,7,sporty,756
9445,33,Female,White,US,US,4,10,sleek,2507
9446,69,Female,White,USA,USA,5,8,aggressive,372
9447,27,Female,White,US,US,6,11,dynamic,8094
9448,51,Female,White,US,US,5,10,sporty,472
9449,43,Male,Other Asian,US,US,6,5,dynamic,1134
9450,34,Female,White,US,US,5,10,dynamic,3243
9451,34,Male,White,US,US,6,10,dynamic,3303
9452,44,Female,White,US,US,6,11,stylish,9106
9453,62,Female,Black,US,US,5,8,dynamic,372
9454,40,Female,White,US,US,8,11,aggressive,498
9455,36,Male,Chinese,US,US,4,10,luxurious,665
9456,38,Male,White,US,MUSKEGON,3,9,aggressive,663
9457,24,Female,White,US,US,5,10,elegant,424
9458,50,Female,White,US,US,5,7,aggressive,441
9459,49,Male,White,US,US,4,10,dynamic,13368
9460,30,Male,White,USA,USA,5,10,luxurious,5408
9461,41,Female,Black,US,US,4,9,luxurious,384
9462,44,Male,White,US,US,7,12,sophisticated,1571
9463,48,Male,White,US,US,6,10,sleek,1301
9464,45,Male,White,AS,AS,3,11,stylish,698
9465,50,Male,White,US,US,6,10,aggressive,1886
9466,40,Female,White,US,US,3,10,aggressive,475
9467,42,Male,White,US,US,7,11,aggressive,2603
9468,42,Male,White,US,US,6,10,aggressive,980
9469,43,Male,Chinese,AX,AL,4,11,dynamic,1873
9470,36,Female,White,US,US,3,10,sophisticated,589
9471,27,Female,White,US,US,5,10,dynamic,699
9472,54,Male,White,AS,AS,4,11,sophisticated,2021
9473,29,Female,White,US,US,7,10,aggressive,806
9474,57,Male,White,US,US,4,10,modern,3224
9475,44,Female,Black,US,US,6,11,sophisticated,546
9476,47,Female,White,US,US,3,8,dynamic,5846
9477,48,Female,White,US,US,7,8,stylish,376
9478,26,Female,White,US,US,3,10,sporty,606
9479,45,Female,White,US,US,3,10,luxurious,468
9480,35,Male,White,US,US,6,10,stylish,8949
9481,33,Male,White,US,US,5,10,sophisticated,9834
9482,22,Female,White,US,US,9,11,aerodynamic,492
9483,27,Male,White,US,US,5,10,stylish,283
9484,40,Female,White,US,US,7,10,luxurious,386
9485,62,Male,White,CA,CA,6,10,aggressive,1821
9486,35,Female,White,US,US,6,11,stylish,734
9487,35,Female,White,US,US,6,11,sophisticated,760
9488,35,Female,White,US,US,6,11,sporty,891
9489,50,Female,White,US,US,8,12,sleek,176
9490,35,Male,White,US,US,6,11,dynamic,949
9491,35,Male,White,US,US,6,11,sporty,1158
9492,42,Female,White,US,US,8,11,sporty,895
9493,35,Male,White,US,US,6,10,luxurious,558
9494,35,Male,White,US,US,6,10,sophisticated,591
9495,35,Male,White,US,US,6,10,sophisticated,561
9496,30,Female,White,US,US,5,10,sporty,333
9497,28,Male,White,US,US,4,6,aerodynamic,243
9498,59,Male,White,US,US,7,11,dynamic,4945
9499,65,Male,White,US,US,8,11,luxurious,5037
9500,49,Male,White,US,US,7,11,sporty,5023
9501,70,Male,White,US,US,7,11,stylish,5226
9502,61,Male,White,US,US,4,10,modern,529
9503,49,Male,White,AL,AL,6,11,luxurious,855
9504,45,Female,Black,US,US,5,12,dynamic,155
9505,41,Female,White,US,US,3,8,luxurious,404
9506,32,Male,White,US,US,5,10,sporty,1085
9507,45,Female,White,ca,ca,5,11,aggressive,61
9508,52,Female,White,US,US,3,10,elegant,377
9509,51,Female,White,US,US,7,11,luxurious,717
9510,45,Female,American Indian or Alaska native,AX,AL,4,11,aerodynamic,1372
9511,29,Male,White,USA,USA ,5,10,dynamic,15601
9512,35,Female,White,US,US,7,10,stylish,539
9513,68,Female,White,usa,US,5,10,modern,409
9514,30,Female,White,,,6,10,aerodynamic,1886
9515,55,Female,White,tx,US,5,10,elegant,290
9516,30,Female,White,NE,NE,6,10,sporty,2298
9517,57,Female,Other race,US,US,9,7,aerodynamic,892
9518,30,Female,White,NU,NU,7,10,elegant,2876
9519,39,Male,White,US,US,4,10,elegant,2342
9520,32,Male,White,us,us,6,10,dynamic,622
9521,34,Female,White,US,US,5,10,aggressive,13823
9522,35,Male,American Indian or Alaska native,US,US,4,11,dynamic,329
9523,29,Female,White,US,US,2,11,stylish,689
9524,29,Male,White,US,US,3,10,modern,730
9525,30,Male,White,US,US,3,11,stylish,346
9526,24,Male,Black,US,US,3,6,modern,225
9527,33,Female,White,US,US,4,10,modern,923
9528,28,Male,White,US,US,5,10,aggressive,18041
9529,20,Female,White,US,US,7,8,aggressive,336
9530,35,Female,White,US,US,5,7,aerodynamic,534
9531,25,Male,White,US,US,4,13,sporty,525
9532,53,Female,White,US,US,3,8,sophisticated,445
9533,73,Female,White,US,US,3,6,stylish,718
9534,50,Male,White,US,US,6,10,elegant,835
9535,33,Male,Black,usa,usa,2,14,aggressive,845
9536,21,Female,White,US,US,4,10,sleek,473
9537,34,Female,White,US,US,4,9,stylish,854
9538,40,Female,White,US,US,5,8,sporty,244
9539,26,Male,Black,US,US,3,10,sleek,692
9540,46,Male,White,US,US,7,10,sleek,1578
9541,38,Female,White,US,US,7,10,aerodynamic,1641
9542,62,Female,White,AS,AS,5,13,sporty,566
9543,40,Female,White,US,US,4,10,stylish,314
9544,34,Male,White,US,US,4,10,elegant,293
9545,49,Female,White,US,US,2,9,dynamic,1481
9546,26,Female,White,US,US,5,7,luxurious,1143
9547,36,Female,American Indian or Alaska native,CA,CA,4,10,elegant,462
9548,39,Male,White,US,US,2,9,sporty,448
9549,35,Female,White,TX,US,5,10,sophisticated,1164
9550,40,Female,White,US,US,4,5,aggressive,553
9551,36,Female,White,US,US,5,10,luxurious,782
9552,42,Female,White,US,US,6,10,modern,289
9553,28,Male,White,USA,USA,5,11,elegant,136
9554,26,Male,White,US,US,4,9,dynamic,420
9555,35,Female,Black,US,US,3,7,aggressive,450
9556,47,Male,White,US,US,7,11,aerodynamic,5313
9557,30,Male,White,USA,USA,5,10,aggressive,2213
9558,31,Male,White,US,US,5,11,sleek,195
9559,22,Male,White,US,US,5,10,sleek,337
9560,23,Female,White,US,US,3,5,dynamic,220
9561,62,Female,White,US,US,2,7,elegant,359
9562,25,Female,White,US,US,7,11,sporty,662
9563,27,Female,American Indian or Alaska native,US,US,2,7,luxurious,368
9564,49,Female,White,US,US,2,10,aerodynamic,485
9565,41,Non-binary,American Indian or Alaska native,US,US,5,11,luxurious,1174
9566,53,Female,White,US,US,4,7,aerodynamic,358
9567,29,Male,White,US,US,5,11,sporty,197
9568,63,Male,White,US,US,6,13,modern,311
9569,33,Male,White,AS,AS,5,10,sporty,1127
9570,44,Female,White,US,US,5,7,dynamic,404
9571,34,Male,White,US,US,8,10,sophisticated,304
9572,35,Male,White,US,US,7,11,luxurious,313
9573,25,Male,White,US,US,7,10,sleek,231
9574,33,Female,White,NEW YARK,US,7,13,sleek,348
9575,68,Male,White,US,US,6,11,sleek,579
9576,27,Male,White,GE,AT,3,11,modern,600
9577,38,Male,White,US,US,2,4,luxurious,346
9578,25,Female,White,US,US,6,10,sporty,543
9579,70,Female,Chinese,US,US,3,13,aerodynamic,1169
9580,38,Male,White,US,oh,5,10,elegant,256
9581,34,Male,White,NEW YORK,US,6,10,elegant,1212
9582,26,Female,White,US,US,5,10,sporty,29417
9583,43,Female,White,ks,usa,3,10,sporty,3675
9584,25,Female,White,US,US,7,11,sleek,830
9585,33,Female,Filipino,US,US,4,10,aggressive,399
9586,35,Female,White,US,US,4,8,sleek,401
9587,33,Female,Prefer not to answer,NEW YORK,US,7,10,stylish,1951
9588,33,Female,White,NEW YORK,US,7,10,sophisticated,2088
9589,33,Female,White,NEW YORK,US,8,10,stylish,2258
9590,33,Male,White,NEW YORK,US,7,10,sophisticated,2355
9591,35,Female,White,US,US,5,11,dynamic,263
9592,74,Female,White,US,US,5,6,dynamic,576
9593,47,Female,White,US,US,5,8,sleek,557
9594,35,Female,White,US,US,8,10,aerodynamic,240
9595,45,Female,White,US,US,6,8,sophisticated,1308
9596,44,Female,White,US,US,6,6,aerodynamic,466
9597,27,Male,White,US,US,6,10,sleek,476
9598,33,Male,White,US,US,6,10,sleek,694
9599,34,Male,White,US,AW,4,10,stylish,654
9600,35,Male,White,US,US,1,6,sporty,265
9601,36,Female,White,US,US,4,10,luxurious,287
9602,35,Female,White,US,US,4,11,elegant,1329
9603,40,Male,White,AM,AM,5,10,stylish,4374
9604,27,Male,American Indian or Alaska native,AD,CO,4,10,modern,671
9605,30,Male,White,US,US,6,11,dynamic,238
9606,40,Male,White,AM,AM,6,10,sleek,4827
9607,36,Male,Prefer not to answer,US,US,5,10,modern,308
9608,35,Male,White,US,US,2,9,aggressive,673
9609,30,Female,White,AD,DZ,5,10,aerodynamic,2625
9610,33,Male,Other Pacific Islander,US,US,3,7,modern,345
9611,61,Female,White,US,US,2,7,stylish,1515
9612,24,Female,White,US,US,5,10,sophisticated,3146
9613,42,Male,White,AM,AM,6,10,sporty,5534
9614,36,Male,White,US,US,8,10,dynamic,231
9615,60,Male,White,US,US,2,9,elegant,470
9616,41,Male,White,US,US,8,10,aerodynamic,248
9617,56,Female,White,US,US,3,5,sophisticated,519
9618,25,Female,White,US,US,7,11,stylish,774
9619,44,Male,White,US,US,4,7,sophisticated,285
9620,40,Male,White,AM,AM,6,10,aggressive,6683
9621,76,Male,White,US,US,4,10,sporty,711
9622,32,Female,White,US,US,3,8,modern,532
9623,41,Male,White,US,US,3,7,modern,615
9624,40,Male,White,United States,United States,5,10,dynamic,33456
9625,47,Male,White,US,US,4,10,stylish,4510
9626,26,Male,Black,US,US,2,10,sleek,1168
9627,40,Female,White,US,US,2,9,aerodynamic,608
9628,21,Non-binary,White,US,US,4,6,dynamic,415
9629,38,Female,White,US,US,4,10,sleek,402
9630,58,Female,White,US,US,2,10,aerodynamic,651
9631,50,Female,White,US,US,3,10,luxurious,437
9632,37,Female,White,US,US,5,10,elegant,771
9633,57,Female,Black,US,US,3,7,sophisticated,406
9634,25,Female,White,US,US,7,10,elegant,1708
9635,33,Male,White,US,US,4,10,modern,7594
9636,33,Male,White,US,US,5,10,aerodynamic,3748
9637,63,Female,White,US,US,6,11,sophisticated,600
9638,25,Female,White,US,US,7,10,luxurious,1969
9639,53,Male,White,US,US,6,10,aggressive,3010
9640,25,Female,White,US,US,8,10,modern,2247
9641,33,Male,White,US,US,4,10,sophisticated,7697
9642,29,Female,Asian Indian,US,US,3,10,stylish,281
9643,63,Male,White,AS,AS,8,10,sophisticated,1609
9644,23,Female,White,US,US,5,10,luxurious,614
9645,39,Female,White,AS,AS,7,10,stylish,1797
9646,33,Male,White,US,US,4,10,aerodynamic,1490
9647,30,Male,White,US,US,5,11,modern,4327
9648,45,Male,White,AS,AS,6,11,sleek,333
9649,37,Female,Black,US,US,4,9,sleek,611
9650,33,Male,White,US,US,4,10,aerodynamic,1545
9651,49,Male,White,US,US,6,10,stylish,356
9652,42,Female,Black,US,US,5,6,modern,432
9653,41,Female,White,US,US,8,10,modern,331
9654,38,Male,White,US,US,5,10,modern,172
9655,37,Male,White,US,US,7,10,stylish,297
9656,42,Female,White,US,US,8,10,stylish,923
9657,46,Female,White,US,US,6,10,aerodynamic,114
9658,47,Female,White,US,US,7,10,sleek,96
9659,25,Male,White,US,US,5,10,elegant,8997
9660,73,Female,White,US,US,5,13,sporty,494
9661,42,Female,White,US,US,4,11,modern,2153
9662,54,Female,White,AS,AS,8,10,aggressive,264
9663,33,Male,White,US,US,5,10,sleek,1457
9664,37,Female,White,US,US,6,11,aerodynamic,235
9665,65,Male,White,US,US,5,11,sporty,623
9666,29,Male,White,US,US,3,10,sophisticated,413
9667,31,Male,White,US,US,4,10,elegant,521
9668,33,Male,White,US,US,3,6,sporty,1268
9669,26,Female,White,US,US,4,10,sleek,380
9670,36,Male,American Indian or Alaska native,US,US,6,6,aerodynamic,1057
9671,25,Male,Other race,US,US,6,7,elegant,382
9672,37,Male,Korean,US,US,7,10,modern,249
9673,39,Female,White,US,US,5,6,aerodynamic,304
9674,30,Female,White,US,US,3,9,luxurious,339
9675,72,Female,White,US,united state,9,13,elegant,304
9676,43,Male,White,US,US,7,11,sophisticated,9230
9677,22,Female,Black,US,US,1,7,dynamic,411
9678,57,Female,White,US,US,9,10,modern,304
9679,37,Female,Black,US,US,5,8,luxurious,2087
9680,37,Female,White,United States,US,7,10,stylish,481
9681,32,Female,Black,US,US,6,13,modern,339
9682,33,Female,Prefer not to answer,US,US,9,11,dynamic,306
9683,24,Female,White,US,US,6,9,stylish,439
9684,31,Male,Black,USA,USA,4,10,dynamic,408
9685,25,Male,White,US,US,4,10,sporty,359
9686,56,Female,White,US,US,5,10,stylish,4705
9687,42,Male,White,US,US,5,10,sophisticated,5028
9688,48,Male,White,United State,Northeast,5,8,modern,441
9689,42,Female,White,US,US,6,10,aerodynamic,397
9690,25,Male,White,US,US,7,10,aerodynamic,592
9691,25,Female,White,US,US,6,10,elegant,649
9692,29,Female,White,US,US,5,10,sporty,556
9693,55,Female,White,US,US,4,8,stylish,406
9694,69,Female,White,US,US,4,13,elegant,480
9695,43,Male,Chinese,US,US,4,10,dynamic,300
9696,45,Female,White,US,US,3,10,sporty,260
9697,42,Male,White,US,US,2,9,modern,908
9698,25,Female,White,US,US,7,11,luxurious,823
9699,25,Female,White,US,US,6,10,stylish,27515
9700,41,Female,Asian Indian,US,US,5,11,sporty,277
9701,44,Female,White,US,US,7,11,sophisticated,230
9702,19,Female,Asian Indian,US,US,2,7,aerodynamic,196
9703,25,Female,White,US,US,7,11,dynamic,759
9704,33,Male,White,US,US,2,7,stylish,280
9705,30,Male,White,US,US,4,10,elegant,20368
9706,29,Female,Chinese,US,US,5,10,aerodynamic,320
9707,20,Female,White,US,US,3,7,aggressive,381
9708,30,Male,White,US,US,7,11,sleek,29852
9709,30,Prefer not to answer,Prefer not to answer,usa,usa,9,14,aerodynamic,1731
9710,33,Male,White,us,us,5,10,dynamic,8621
9711,33,Male,White,us,us,4,10,dynamic,1110
9712,43,Female,White,US,US,3,7,dynamic,567
9713,56,Female,White,US,US,4,10,sophisticated,385
9714,40,Female,White,US,US,6,10,stylish,297
9715,41,Female,White,US,US,6,11,sophisticated,942
9716,39,Male,White,US,US,6,7,sleek,316
9717,68,Male,White,US,US,5,10,dynamic,369
9718,55,Female,Other race,US,US,1,11,luxurious,717
9719,38,Male,White,US,US,7,10,elegant,520
9720,28,Female,Other race,US,US,5,10,dynamic,155
9721,46,Male,White,US,US,5,10,elegant,566
9722,29,Male,White,US,us,6,11,stylish,2427
9723,49,Female,Black,US,US,6,8,elegant,381
9724,61,Female,White,US,US,6,11,sporty,484
9725,32,Male,White,US,US,3,10,elegant,353
9726,1978,Female,American Indian or Alaska native,US,US,2,10,dynamic,2789
9727,29,Male,White,US,US,6,10,modern,857
9728,50,Male,White,US,US,5,8,sleek,907
9729,49,Male,White,US,US,6,10,stylish,1233
9730,25,Female,White,US,US,7,11,sporty,7183
9731,49,Female,White,US,US,4,9,sleek,647
9732,25,Female,White,US,US,7,11,sleek,671
9733,35,Male,White,CA,US,8,10,dynamic,190
9734,25,Female,White,US,US,7,11,sporty,871
9735,32,Male,White,US,US,4,9,elegant,222
9736,35,Male,White,US,US,6,11,sleek,2026
9737,25,Female,White,US,US,7,11,stylish,858
9738,40,Male,White,US,US,7,11,aerodynamic,677
9739,42,Male,Black,US,US,3,8,sleek,451
9740,25,Female,White,US,US,7,11,sporty,1541
9741,32,Female,White,US,US,5,8,aerodynamic,378
9742,33,Male,White,us,us,4,10,dynamic,1237
9743,35,Male,White,US,US,5,11,sleek,1784
9744,40,Male,White,US,US,4,10,modern,1000
9745,40,Male,White,US,US,6,11,sophisticated,5416
9746,25,Female,White,US,US,7,11,modern,723
9747,62,Female,White,US,US,5,10,stylish,371
9748,33,Male,White,US,US,5,10,sporty,911
9749,35,Male,White,US,US,8,11,stylish,406
9750,51,Female,White,US,US,6,7,sophisticated,454
9751,26,Male,White,US,US,6,10,sporty,482
9752,33,Male,White,us,us,8,11,stylish,12614
9753,26,Male,White,US,UM,6,10,dynamic,557
9754,25,Female,White,US,US,7,11,dynamic,763
9755,36,Male,White,US,US,8,11,aerodynamic,793
9756,63,Female,White,US,US,4,8,sporty,422
9757,35,Male,White,US,US,5,11,sleek,6119
9758,25,Female,White,US,US,8,11,sporty,901
9759,30,Female,Asian Indian,US,US,8,10,elegant,1186
9760,25,Female,White,US,US,7,11,aggressive,1129
9761,28,Female,White,US,US,8,10,aggressive,350
9762,34,Female,American Indian or Alaska native,US,US,7,11,dynamic,8061
9763,65,Female,White,US,US,4,10,aggressive,10532
9764,31,Male,White,United states ,United states ,4,9,elegant,542
9765,30,Female,White,DZ,AD,5,10,modern,904
9766,36,Female,White,BB,BH,5,10,luxurious,418
9767,28,Male,White,US,US,2,7,luxurious,306
9768,27,Male,White,US,US,5,11,elegant,257
9769,33,Female,Black,US,US,2,6,luxurious,372
9770,36,Male,White,USA,USA,5,8,elegant,373
9771,30,Female,White,US,US,4,4,luxurious,512
9772,35,Male,White,US,US,3,10,modern,161
9773,45,Female,Black,US,US,4,8,stylish,524
9774,58,Female,White,US,US,5,10,sleek,1148
9775,26,Male,White,US,US,7,10,aerodynamic,136
9776,35,Male,White,US,US,4,10,elegant,594
9777,46,Male,White,US,US,4,7,sophisticated,323
9778,30,Male,White,US,US,4,9,dynamic,205
9779,39,Female,White,US,US,6,10,modern,4911
9780,54,Female,White,Usa,Usa,6,8,dynamic,300
9781,36,Male,White,US,US,8,11,stylish,4222
9782,30,Male,White,US,US,5,9,dynamic,1314
9783,65,Male,White,US,US,5,11,sophisticated,244
9784,42,Male,White,US,US,4,14,luxurious,689
9785,36,Female,White,hillcrest,FL,5,11,stylish,296
9786,30,Male,White,us,us,5,3,sophisticated,2290
9787,30,Male,White,us,us,4,4,aggressive,1738
9788,30,Male,White,usa,usa,4,9,elegant,84
9789,30,Male,White,US,US,4,9,sleek,738
9790,30,Male,White,AX,AS,8,3,luxurious,810
9791,42,Female,White,AX,US,5,10,sporty,227
9792,33,Male,White,US,US,6,10,luxurious,404
9793,30,Male,White,AX,AL,5,6,sophisticated,167
9794,30,Male,White,AD,DZ,5,7,aggressive,1123
9795,30,Male,White,DZ,AL,5,3,sophisticated,1273
9796,30,Male,White,AL,DZ,8,4,luxurious,207
9797,30,Male,White,AX,AS,5,4,aerodynamic,287
9798,30,Male,White,usa,usa,5,9,stylish,1129
9799,30,Male,White,usa,usa,5,9,modern,1460
9800,30,Male,White,AX,AS,6,6,aerodynamic,341
9801,2002,Male,White,US,US,7,11,sophisticated,1004
9802,49,Female,White,US,US,6,11,elegant,780
9803,41,Male,White,US,US,5,10,sophisticated,242
9804,30,Female,White,US,US,4,6,dynamic,137
9805,30,Male,White,us,us,2,9,luxurious,4869
9806,42,Male,White,US,MX,7,11,elegant,5860
9807,31,Male,White,US,US,7,10,sophisticated,263
9808,30,Male,White,us,us,4,9,sophisticated,4717
9809,30,Male,White,us,us,4,9,modern,4834
9810,34,Female,White,US,US,4,6,aerodynamic,234
9811,31,Male,White,US,AL,7,10,luxurious,212
9812,1986,Female,Black,NO-ANSWER,NO-ANSWER,2,10,modern,15674
9813,39,Female,Black,US,US,3,8,elegant,369
9814,33,Male,White,US,US,5,10,sporty,2128
9815,64,Male,White,US,US,5,4,aerodynamic,3067
9816,71,Male,Other race,US,US,4,8,aggressive,412
9817,36,Female,White,US,US,4,10,sporty,12330
9818,33,Male,White,US,US,3,7,aggressive,161
9819,37,Female,White,US,US,4,11,modern,396
9820,38,Male,White,US,US,5,10,luxurious,489
9821,35,Male,White,US,US,6,10,modern,333
9822,53,Female,White,US,VE,6,8,elegant,752
9823,57,Male,White,NC,US,7,11,sporty,446
9824,58,Female,White,Usa,USA,6,10,sophisticated,355
9825,40,Male,White,US,US,7,11,modern,907
9826,31,Female,White,US,US,5,8,luxurious,288
9827,28,Male,White,AS,AS,2,10,modern,1328
9828,38,Female,White,usa,usa,3,10,dynamic,143
9829,66,Female,White,US,US,4,10,elegant,938
9830,25,Female,White,US,US,6,10,elegant,1040
9831,26,Male,White,AS,AS,2,10,sophisticated,889
9832,42,Female,White,US,MX,7,11,sporty,10210
9833,39,Female,White,US,US,4,10,modern,393
9834,47,Female,White,US,united states,3,5,aerodynamic,416
9835,46,Male,White,usa,usa,3,10,aerodynamic,117
9836,31,Male,White,usa,usa,1,10,sporty,233
9837,36,Female,White,usa,usa,3,10,luxurious,202
9838,37,Male,White,USA,USA,6,10,stylish,479
9839,39,Male,White,usa,usa,3,10,luxurious,415
9840,64,Female,White,usa,usa,2,10,modern,406
9841,28,Female,White,usa,usa,2,10,stylish,646
9842,56,Male,White,usa,usa,2,10,sleek,560
9843,45,Male,White,usa,usa,2,10,elegant,682
9844,33,Male,White,usa,usa,1,10,stylish,786
9845,30,Male,White,usa,usa,2,10,aerodynamic,644
9846,44,Male,White,usa,usa,3,10,elegant,112
9847,63,Female,White,usa,usa,1,10,elegant,775
9848,36,Male,White,USA,USA,3,10,luxurious,123
9849,29,Female,White,usa,usa,3,10,sophisticated,86
9850,37,Male,White,US,US,2,10,modern,629
9851,31,Female,White,usa,usa,2,10,aggressive,757
9852,62,Male,White,USA,USA,2,10,sophisticated,2770
9853,36,Male,White,usa,usa,2,10,elegant,201
9854,38,Female,White,usa,usa,3,10,dynamic,815
9855,23,Female,White,USA,USA,2,10,sleek,1140
9856,46,Female,White,USA,USA,2,10,aggressive,870
9857,26,Female,White,usa,usa,3,10,aerodynamic,77
9858,37,Female,White,usa,usa,3,10,dynamic,82
9859,33,Female,White,US,US,4,7,modern,1762
9860,44,Male,White,US,US,7,10,aggressive,493
9861,42,Female,Other race,US,US,5,10,stylish,400
9862,29,Male,White,USA,USA,2,13,aerodynamic,3872
9863,37,Female,White,USA,USA,2,10,aggressive,2263
9864,37,Female,White,USA,USA,2,10,aggressive,1851
9865,25,Female,White,US,US,2,10,sophisticated,1600
9866,47,Male,White,usa,usa,2,10,luxurious,1664
9867,21,Female,White,USA,USA,2,10,sporty,2370
9868,36,Male,White,USA,USA,2,10,sophisticated,2086
9869,40,Female,White,usa,usa,2,10,dynamic,1927
9870,25,Male,Asian Indian,US,US,7,11,sophisticated,422
9871,58,Male,White,US,US,2,13,elegant,529
9872,39,Male,White,US,US,2,13,aggressive,1158
9873,32,Male,White,US,US,2,13,sophisticated,1641
9874,64,Female,White,US,US,2,13,aggressive,4764
9875,35,Male,White,US,US,2,13,luxurious,1860
9876,52,Female,White,US,US,2,13,sophisticated,887
9877,35,Female,White,US,US,2,13,modern,461
9878,36,Female,White,US,US,4,10,sophisticated,19066
9879,40,Male,White,US,US,4,10,sleek,706
9880,34,Female,White,US,US,4,10,sleek,592
9881,41,Male,Prefer not to answer,US,US,3,6,modern,445
9882,24,Male,White,US,US,2,10,sophisticated,761
9883,37,Male,White,usa,usa,2,10,aerodynamic,3307
9884,31,Female,White,usa,usa,2,10,sleek,3267
9885,35,Male,White,US,US,4,10,elegant,547
9886,35,Male,White,US,US,5,10,sleek,1939
9887,35,Male,White,US,US,5,10,sophisticated,2367
9888,29,Male,White,US,US,4,11,modern,5461
9889,36,Female,Other race,US,US,8,11,modern,3878
9890,25,Male,White,US,US,6,10,dynamic,146
9891,34,Male,White,US,US,2,6,dynamic,680
9892,33,Female,White,US,US,2,10,stylish,273
9893,35,Male,Asian Indian,AD,AD,2,11,dynamic,286
9894,50,Female,White,US,US,4,10,sophisticated,957
9895,71,Female,White,US,US,5,7,sophisticated,327
9896,37,Female,White,LA,BE,2,11,sophisticated,454
9897,25,Female,White,US,US,7,11,aerodynamic,668
9898,37,Female,White,US,US,6,11,aerodynamic,379
9899,35,Male,White,USA,USA,4,9,sleek,750
9900,58,Male,American Indian or Alaska native,US,US,4,10,sophisticated,2058
9901,27,Male,White,USA,USA,2,10,elegant,8146
9902,23,Male,White,US,US,4,10,luxurious,132
9903,39,Female,White,USA,USA,2,10,aerodynamic,7276
9904,52,Male,White,USA,USA,2,10,modern,9529
9905,34,Male,White,usa,usa,2,10,aerodynamic,7876
9906,26,Female,White,USA,USA,2,10,sophisticated,7954
9907,25,Female,White,USA,USA,2,10,aerodynamic,8024
9908,35,Female,White,US,US,5,10,sleek,1201
9909,30,Male,White,US,US,8,9,sophisticated,1169
9910,35,Male,White,US,US,2,10,sophisticated,382
9911,66,Male,Black,US,US,4,6,elegant,601
9912,22,Prefer not to answer,Prefer not to answer,US,US,9,6,modern,281
9913,35,Male,White,US,US,5,10,stylish,1187
9914,35,Male,White,US,US,5,10,elegant,1016
9915,54,Male,White,United States,United States,5,10,luxurious,289
9916,29,Female,White,US,US,6,10,aerodynamic,1539
9917,37,Male,White,USA,USA,2,10,aggressive,8115
9918,67,Female,White,usa,usa,2,10,modern,8895
9919,31,Female,White,usa,usa,2,10,elegant,11627
9920,38,Male,White,usa,usa,2,10,dynamic,9013
9921,25,Male,White,usa,usa,2,10,dynamic,8339
9922,34,Male,White,US,US,4,13,luxurious,692
9923,64,Male,White,usa,usa,2,10,stylish,8278
9924,53,Female,White,US,US,2,8,aerodynamic,592
9925,27,Female,White,usa,usa,2,10,elegant,8992
9926,31,Male,White,usa,usa,2,10,aggressive,11930
9927,27,Female,White,usa,usa,2,10,luxurious,8302
9928,43,Male,White,USA,USA,2,10,sleek,9657
9929,38,Male,Black,US,US,6,10,modern,665
9930,43,Male,White,US,US,6,10,elegant,2344
9931,74,Female,White,US,US,4,8,sleek,267
9932,25,Male,White,USA,USA,2,10,elegant,10214
9933,55,Female,White,usa,usa,2,10,sophisticated,9918
9934,51,Male,White,US,US,3,6,elegant,635
9935,35,Male,White,US,US,6,10,sporty,3089
9936,28,Female,Other Pacific Islander,IN,IN,2,11,sophisticated,102
9937,30,Male,White,US,US,5,11,sporty,15858
9938,44,Male,White,NM,NM,7,11,luxurious,32668
9939,37,Female,White,US,US,5,8,aerodynamic,412
9940,28,Female,Asian Indian,IN,INDIA,2,10,dynamic,93
9941,30,Male,White,US,US,6,11,luxurious,1044
9942,30,Male,White,US,US,7,11,sophisticated,1267
9943,39,Female,White,US,us,5,8,sophisticated,363
9944,50,Female,White,US,US,6,10,sporty,1346
9945,24,Male,White,US,US,3,7,aerodynamic,419
9946,30,Male,White,US,US,7,11,modern,2907
9947,36,Male,Other race,US,US,2,7,modern,509
9948,54,Female,White,US,US,3,9,dynamic,279
9949,24,Male,White,US,US,5,10,elegant,854
9950,277,Male,White,US,US,6,10,stylish,525
9951,34,Male,White,US,US,4,13,luxurious,771
9952,40,Male,White,US,US,3,5,sophisticated,528
9953,46,Male,White,US,US,5,10,aerodynamic,661
9954,38,Female,White,US,US,8,10,sophisticated,266
9955,61,Male,White,US,US,5,7,stylish,741
9956,63,Male,White,AF,AF,8,10,luxurious,360
9957,34,Female,White,USA,USA,2,10,aggressive,17432
9958,25,Male,White,US,US,5,10,dynamic,9307
9959,25,Male,Black,US,US,2,8,elegant,495
9960,38,Male,White,US,US,4,10,sleek,209
9961,51,Male,White,US,US,8,10,sophisticated,427
9962,53,Female,White,US,US,8,11,luxurious,356
9963,34,Female,White,US,US,4,7,sophisticated,515
9964,35,Female,White,usa,usa,2,10,elegant,20779
9965,23,Female,White,US,US,3,10,sleek,287
9966,37,Male,Other race,US,FR,4,11,aggressive,994
9967,34,Female,White,US,US,2,6,aggressive,344
9968,57,Female,Chinese,US,US,8,13,elegant,413
9969,30,Female,White,US,US,4,10,luxurious,343
9970,21,Female,White,US,US,5,7,stylish,220
9971,30,Male,White,KM,CA,2,10,sleek,491
9972,39,Male,White,US,US,4,10,modern,313
9973,33,Male,White,US,US,8,10,dynamic,1707
9974,27,Female,Prefer not to answer,US,PE,4,8,stylish,227
9975,32,Female,White,US,US,3,7,dynamic,443
9976,59,Male,White,US,US,5,6,aerodynamic,402
9977,53,Female,White,US,US,6,7,aerodynamic,355
9978,24,Male,Japanese,US,US,9,11,luxurious,326
9979,37,Female,White,US,US,5,11,luxurious,233
9980,39,Male,White,US,US,7,11,aerodynamic,299
9981,32,Male,White,US,US,6,10,stylish,264
9982,38,Female,Black,US,US,4,10,sleek,421
9983,29,Female,White,US,US,5,8,dynamic,3416
9984,35,Male,White,USA,USA,6,10,sporty,5411
9985,30,Male,White,US,US,3,10,stylish,33988
9986,35,Male,White,USA,USA,5,10,luxurious,6012
9987,40,Male,White,US,US,3,7,aerodynamic,1584
9988,33,Female,White,US,US,5,12,aerodynamic,12230
9989,49,Female,White,CM,ER,4,10,sophisticated,2098
9990,54,Female,White,US,US,5,10,stylish,42135
9991,35,Male,White,US,US,6,11,aerodynamic,555
9992,57,Male,White,US,US,4,10,aerodynamic,1113
9993,30,Male,White,usa,usa,5,9,aggressive,1830
9994,42,Female,White,NM,NM,7,11,elegant,26646
9995,33,Male,White,US,US,5,10,stylish,497
9996,32,Male,White,US,US,5,9,sporty,16602
9997,32,Male,White,US,US,5,9,luxurious,28395
9998,36,Female,White,US,US,3,10,aggressive,1986
9999,38,Female,White,US,US,3,10,aerodynamic,31054
